ISO-10303-21;
HEADER;
FILE_DESCRIPTION(('Open CASCADE Model'),'2;1');
FILE_NAME('Open CASCADE Shape Model','2026-08-26T15:15:52',('Author'),(
    'Open CASCADE'),'Open CASCADE STEP processor 7.9','Open CASCADE 7.9'
  ,'Unknown');
FILE_SCHEMA(('AUTOMOTIVE_DESIGN { 1 0 10303 214 1 1 1 1 }'));
ENDSEC;
DATA;
#1 = APPLICATION_PROTOCOL_DEFINITION('international standard',
  'automotive_design',2000,#2);
#2 = APPLICATION_CONTEXT(
  'core data for automotive mechanical design processes');
#3 = SHAPE_DEFINITION_REPRESENTATION(#4,#10);
#4 = PRODUCT_DEFINITION_SHAPE('','',#5);
#5 = PRODUCT_DEFINITION('design','',#6,#9);
#6 = PRODUCT_DEFINITION_FORMATION('','',#7);
#7 = PRODUCT('Open CASCADE STEP translator 7.9 2',
  'Open CASCADE STEP translator 7.9 2','',(#8));
#8 = PRODUCT_CONTEXT('',#2,'mechanical');
#9 = PRODUCT_DEFINITION_CONTEXT('part definition',#2,'design');
#10 = ADVANCED_BREP_SHAPE_REPRESENTATION('',(#11,#15),#4479);
#11 = AXIS2_PLACEMENT_3D('',#12,#13,#14);
#12 = CARTESIAN_POINT('',(0.,0.,0.));
#13 = DIRECTION('',(0.,0.,1.));
#14 = DIRECTION('',(1.,0.,-0.));
#15 = MANIFOLD_SOLID_BREP('',#16);
#16 = CLOSED_SHELL('',(#17,#167,#1310,#1450,#1590,#2451,#2478,#2561,
    #2587,#2614,#2719,#2746,#2773,#2800,#2827,#2854,#2881,#2908,#2935,
    #2962,#2989,#3015,#3042,#3124,#3150,#3255,#3282,#3309,#3316,#3343,
    #3370,#3397,#3424,#3451,#3510,#3569,#3628,#3687,#3726,#3765,#3804,
    #3843,#3882,#3921,#3960,#3999,#4058,#4117,#4176,#4235,#4289,#4343,
    #4397,#4451,#4458,#4465,#4472));
#17 = ADVANCED_FACE('',(#18),#32,.T.);
#18 = FACE_BOUND('',#19,.F.);
#19 = EDGE_LOOP('',(#20,#55,#98,#126));
#20 = ORIENTED_EDGE('',*,*,#21,.F.);
#21 = EDGE_CURVE('',#22,#24,#26,.T.);
#22 = VERTEX_POINT('',#23);
#23 = CARTESIAN_POINT('',(-74.45938213263,-50.,-51.41));
#24 = VERTEX_POINT('',#25);
#25 = CARTESIAN_POINT('',(0.559382132635,-50.,-51.41));
#26 = SURFACE_CURVE('',#27,(#31,#43),.PCURVE_S1.);
#27 = LINE('',#28,#29);
#28 = CARTESIAN_POINT('',(-84.95,-50.,-51.41));
#29 = VECTOR('',#30,1.);
#30 = DIRECTION('',(1.,-0.,-0.));
#31 = PCURVE('',#32,#37);
#32 = PLANE('',#33);
#33 = AXIS2_PLACEMENT_3D('',#34,#35,#36);
#34 = CARTESIAN_POINT('',(-84.95,-50.,-51.41));
#35 = DIRECTION('',(-0.,-0.,-1.));
#36 = DIRECTION('',(-1.,0.,0.));
#37 = DEFINITIONAL_REPRESENTATION('',(#38),#42);
#38 = LINE('',#39,#40);
#39 = CARTESIAN_POINT('',(-0.,0.));
#40 = VECTOR('',#41,1.);
#41 = DIRECTION('',(-1.,0.));
#42 = ( GEOMETRIC_REPRESENTATION_CONTEXT(2) 
PARAMETRIC_REPRESENTATION_CONTEXT() REPRESENTATION_CONTEXT('2D SPACE',''
  ) );
#43 = PCURVE('',#44,#49);
#44 = PLANE('',#45);
#45 = AXIS2_PLACEMENT_3D('',#46,#47,#48);
#46 = CARTESIAN_POINT('',(-36.95,-50.,-3.41));
#47 = DIRECTION('',(-0.,1.,-0.));
#48 = DIRECTION('',(0.,0.,1.));
#49 = DEFINITIONAL_REPRESENTATION('',(#50),#54);
#50 = LINE('',#51,#52);
#51 = CARTESIAN_POINT('',(-48.,-48.));
#52 = VECTOR('',#53,1.);
#53 = DIRECTION('',(-0.,1.));
#54 = ( GEOMETRIC_REPRESENTATION_CONTEXT(2) 
PARAMETRIC_REPRESENTATION_CONTEXT() REPRESENTATION_CONTEXT('2D SPACE',''
  ) );
#55 = ORIENTED_EDGE('',*,*,#56,.T.);
#56 = EDGE_CURVE('',#22,#57,#59,.T.);
#57 = VERTEX_POINT('',#58);
#58 = CARTESIAN_POINT('',(-74.45938213263,-54.,-51.41));
#59 = SURFACE_CURVE('',#60,(#66,#75),.PCURVE_S1.);
#60 = B_SPLINE_CURVE_WITH_KNOTS('',2,(#61,#62,#63,#64,#65),
  .UNSPECIFIED.,.F.,.F.,(3,1,1,3),(-0.2448,2.75164114584E-13,4.,4.2448),
  .UNSPECIFIED.);
#61 = CARTESIAN_POINT('',(-74.45938213263,-49.7552,-51.41));
#62 = CARTESIAN_POINT('',(-74.45938213263,-49.8776,-51.41));
#63 = CARTESIAN_POINT('',(-74.45938213263,-52.,-51.41));
#64 = CARTESIAN_POINT('',(-74.45938213263,-54.1224,-51.41));
#65 = CARTESIAN_POINT('',(-74.45938213263,-54.2448,-51.41));
#66 = PCURVE('',#32,#67);
#67 = DEFINITIONAL_REPRESENTATION('',(#68),#74);
#68 = B_SPLINE_CURVE_WITH_KNOTS('',2,(#69,#70,#71,#72,#73),
  .UNSPECIFIED.,.F.,.F.,(3,1,1,3),(-0.2448,2.75164114584E-13,4.,4.2448),
  .UNSPECIFIED.);
#69 = CARTESIAN_POINT('',(-10.49061786737,0.2448));
#70 = CARTESIAN_POINT('',(-10.49061786737,0.1224));
#71 = CARTESIAN_POINT('',(-10.49061786737,-2.));
#72 = CARTESIAN_POINT('',(-10.49061786737,-4.1224));
#73 = CARTESIAN_POINT('',(-10.49061786737,-4.2448));
#74 = ( GEOMETRIC_REPRESENTATION_CONTEXT(2) 
PARAMETRIC_REPRESENTATION_CONTEXT() REPRESENTATION_CONTEXT('2D SPACE',''
  ) );
#75 = PCURVE('',#76,#92);
#76 = ( BOUNDED_SURFACE() B_SPLINE_SURFACE(2,2,(
    (#77,#78,#79,#80,#81)
    ,(#82,#83,#84,#85,#86)
    ,(#87,#88,#89,#90,#91
)),.UNSPECIFIED.,.F.,.F.,.F.) B_SPLINE_SURFACE_WITH_KNOTS((3,3),(3,1,1,3
    ),(0.,4.),(-0.2448,2.75164114584E-13,4.,4.2448),.UNSPECIFIED.) 
GEOMETRIC_REPRESENTATION_ITEM() RATIONAL_B_SPLINE_SURFACE((
    (1.,1.,1.,1.,1.)
    ,(0.73159126817,0.73159126817,0.73159126817,0.73159126817
      ,0.73159126817)
,(1.,1.,1.,1.,1.))) REPRESENTATION_ITEM('') SURFACE() );
#77 = CARTESIAN_POINT('',(-77.45192773629,-49.7552,-54.19864529802));
#78 = CARTESIAN_POINT('',(-77.45192773629,-49.8776,-54.19864529802));
#79 = CARTESIAN_POINT('',(-77.45192773629,-52.,-54.19864529802));
#80 = CARTESIAN_POINT('',(-77.45192773629,-54.1224,-54.19864529802));
#81 = CARTESIAN_POINT('',(-77.45192773629,-54.2448,-54.19864529802));
#82 = CARTESIAN_POINT('',(-77.25497391371,-49.7552,-51.41));
#83 = CARTESIAN_POINT('',(-77.25497391371,-49.8776,-51.41));
#84 = CARTESIAN_POINT('',(-77.25497391371,-52.,-51.41));
#85 = CARTESIAN_POINT('',(-77.25497391371,-54.1224,-51.41));
#86 = CARTESIAN_POINT('',(-77.25497391371,-54.2448,-51.41));
#87 = CARTESIAN_POINT('',(-74.45938213263,-49.7552,-51.41));
#88 = CARTESIAN_POINT('',(-74.45938213263,-49.8776,-51.41));
#89 = CARTESIAN_POINT('',(-74.45938213263,-52.,-51.41));
#90 = CARTESIAN_POINT('',(-74.45938213263,-54.1224,-51.41));
#91 = CARTESIAN_POINT('',(-74.45938213263,-54.2448,-51.41));
#92 = DEFINITIONAL_REPRESENTATION('',(#93),#97);
#93 = LINE('',#94,#95);
#94 = CARTESIAN_POINT('',(4.,0.));
#95 = VECTOR('',#96,1.);
#96 = DIRECTION('',(0.,1.));
#97 = ( GEOMETRIC_REPRESENTATION_CONTEXT(2) 
PARAMETRIC_REPRESENTATION_CONTEXT() REPRESENTATION_CONTEXT('2D SPACE',''
  ) );
#98 = ORIENTED_EDGE('',*,*,#99,.T.);
#99 = EDGE_CURVE('',#57,#100,#102,.T.);
#100 = VERTEX_POINT('',#101);
#101 = CARTESIAN_POINT('',(0.559382132635,-54.,-51.41));
#102 = SURFACE_CURVE('',#103,(#107,#114),.PCURVE_S1.);
#103 = LINE('',#104,#105);
#104 = CARTESIAN_POINT('',(-84.95,-54.,-51.41));
#105 = VECTOR('',#106,1.);
#106 = DIRECTION('',(1.,-0.,-0.));
#107 = PCURVE('',#32,#108);
#108 = DEFINITIONAL_REPRESENTATION('',(#109),#113);
#109 = LINE('',#110,#111);
#110 = CARTESIAN_POINT('',(-0.,-4.));
#111 = VECTOR('',#112,1.);
#112 = DIRECTION('',(-1.,0.));
#113 = ( GEOMETRIC_REPRESENTATION_CONTEXT(2) 
PARAMETRIC_REPRESENTATION_CONTEXT() REPRESENTATION_CONTEXT('2D SPACE',''
  ) );
#114 = PCURVE('',#115,#120);
#115 = PLANE('',#116);
#116 = AXIS2_PLACEMENT_3D('',#117,#118,#119);
#117 = CARTESIAN_POINT('',(-36.95,-54.,-3.41));
#118 = DIRECTION('',(-0.,1.,-0.));
#119 = DIRECTION('',(0.,0.,1.));
#120 = DEFINITIONAL_REPRESENTATION('',(#121),#125);
#121 = LINE('',#122,#123);
#122 = CARTESIAN_POINT('',(-48.,-48.));
#123 = VECTOR('',#124,1.);
#124 = DIRECTION('',(-0.,1.));
#125 = ( GEOMETRIC_REPRESENTATION_CONTEXT(2) 
PARAMETRIC_REPRESENTATION_CONTEXT() REPRESENTATION_CONTEXT('2D SPACE',''
  ) );
#126 = ORIENTED_EDGE('',*,*,#127,.F.);
#127 = EDGE_CURVE('',#24,#100,#128,.T.);
#128 = SURFACE_CURVE('',#129,(#135,#144),.PCURVE_S1.);
#129 = B_SPLINE_CURVE_WITH_KNOTS('',2,(#130,#131,#132,#133,#134),
  .UNSPECIFIED.,.F.,.F.,(3,1,1,3),(-0.2448,2.752046138773E-13,4.,4.2448)
  ,.UNSPECIFIED.);
#130 = CARTESIAN_POINT('',(0.559382132635,-49.7552,-51.41));
#131 = CARTESIAN_POINT('',(0.559382132635,-49.8776,-51.41));
#132 = CARTESIAN_POINT('',(0.559382132635,-52.,-51.41));
#133 = CARTESIAN_POINT('',(0.559382132635,-54.1224,-51.41));
#134 = CARTESIAN_POINT('',(0.559382132635,-54.2448,-51.41));
#135 = PCURVE('',#32,#136);
#136 = DEFINITIONAL_REPRESENTATION('',(#137),#143);
#137 = B_SPLINE_CURVE_WITH_KNOTS('',2,(#138,#139,#140,#141,#142),
  .UNSPECIFIED.,.F.,.F.,(3,1,1,3),(-0.2448,2.752046138773E-13,4.,4.2448)
  ,.UNSPECIFIED.);
#138 = CARTESIAN_POINT('',(-85.50938213263,0.2448));
#139 = CARTESIAN_POINT('',(-85.50938213263,0.1224));
#140 = CARTESIAN_POINT('',(-85.50938213263,-2.));
#141 = CARTESIAN_POINT('',(-85.50938213263,-4.1224));
#142 = CARTESIAN_POINT('',(-85.50938213263,-4.2448));
#143 = ( GEOMETRIC_REPRESENTATION_CONTEXT(2) 
PARAMETRIC_REPRESENTATION_CONTEXT() REPRESENTATION_CONTEXT('2D SPACE',''
  ) );
#144 = PCURVE('',#145,#161);
#145 = ( BOUNDED_SURFACE() B_SPLINE_SURFACE(2,2,(
    (#146,#147,#148,#149,#150)
    ,(#151,#152,#153,#154,#155)
    ,(#156,#157,#158,#159,#160
)),.UNSPECIFIED.,.F.,.F.,.F.) B_SPLINE_SURFACE_WITH_KNOTS((3,3),(3,1,1,3
    ),(0.,4.),(-0.2448,2.752046138773E-13,4.,4.2448),.UNSPECIFIED.) 
GEOMETRIC_REPRESENTATION_ITEM() RATIONAL_B_SPLINE_SURFACE((
    (1.,1.,1.,1.,1.)
    ,(0.73159126817,0.73159126817,0.73159126817,0.73159126817
      ,0.73159126817)
,(1.,1.,1.,1.,1.))) REPRESENTATION_ITEM('') SURFACE() );
#146 = CARTESIAN_POINT('',(3.55192773629,-49.7552,-54.19864529802));
#147 = CARTESIAN_POINT('',(3.55192773629,-49.8776,-54.19864529802));
#148 = CARTESIAN_POINT('',(3.55192773629,-52.,-54.19864529802));
#149 = CARTESIAN_POINT('',(3.55192773629,-54.1224,-54.19864529802));
#150 = CARTESIAN_POINT('',(3.55192773629,-54.2448,-54.19864529802));
#151 = CARTESIAN_POINT('',(3.35497391371,-49.7552,-51.41));
#152 = CARTESIAN_POINT('',(3.35497391371,-49.8776,-51.41));
#153 = CARTESIAN_POINT('',(3.35497391371,-52.,-51.41));
#154 = CARTESIAN_POINT('',(3.35497391371,-54.1224,-51.41));
#155 = CARTESIAN_POINT('',(3.35497391371,-54.2448,-51.41));
#156 = CARTESIAN_POINT('',(0.559382132635,-49.7552,-51.41));
#157 = CARTESIAN_POINT('',(0.559382132635,-49.8776,-51.41));
#158 = CARTESIAN_POINT('',(0.559382132635,-52.,-51.41));
#159 = CARTESIAN_POINT('',(0.559382132635,-54.1224,-51.41));
#160 = CARTESIAN_POINT('',(0.559382132635,-54.2448,-51.41));
#161 = DEFINITIONAL_REPRESENTATION('',(#162),#166);
#162 = LINE('',#163,#164);
#163 = CARTESIAN_POINT('',(4.,0.));
#164 = VECTOR('',#165,1.);
#165 = DIRECTION('',(0.,1.));
#166 = ( GEOMETRIC_REPRESENTATION_CONTEXT(2) 
PARAMETRIC_REPRESENTATION_CONTEXT() REPRESENTATION_CONTEXT('2D SPACE',''
  ) );
#167 = ADVANCED_FACE('',(#168,#1135,#1170,#1205,#1240,#1275),#44,.T.);
#168 = FACE_BOUND('',#169,.F.);
#169 = EDGE_LOOP('',(#170,#280,#281,#391,#419,#452,#480,#513,#546,#574,
    #607,#635,#663,#696,#724,#752,#780,#813,#841,#869,#897,#930,#958,
    #987,#1020,#1048,#1081,#1109));
#170 = ORIENTED_EDGE('',*,*,#171,.T.);
#171 = EDGE_CURVE('',#172,#22,#174,.T.);
#172 = VERTEX_POINT('',#173);
#173 = CARTESIAN_POINT('',(-77.45192773629,-50.,-54.19864529802));
#174 = SURFACE_CURVE('',#175,(#208,#244),.PCURVE_S1.);
#175 = B_SPLINE_CURVE_WITH_KNOTS('',6,(#176,#177,#178,#179,#180,#181,
    #182,#183,#184,#185,#186,#187,#188,#189,#190,#191,#192,#193,#194,
    #195,#196,#197,#198,#199,#200,#201,#202,#203,#204,#205,#206,#207),
  .UNSPECIFIED.,.F.,.F.,(7,5,5,5,5,5,7),(0.,0.149238704343,
    0.252978088524,0.5,0.747021911476,0.850761295657,1.),.UNSPECIFIED.);
#176 = CARTESIAN_POINT('',(-77.45192773629,-50.,-54.19864529802));
#177 = CARTESIAN_POINT('',(-77.44438199329,-50.,-54.09180603769));
#178 = CARTESIAN_POINT('',(-77.43219672386,-50.,-53.98440811742));
#179 = CARTESIAN_POINT('',(-77.41525270636,-50.,-53.87677882727));
#180 = CARTESIAN_POINT('',(-77.39346792373,-50.,-53.76925983046));
#181 = CARTESIAN_POINT('',(-77.36680041866,-50.,-53.66220263256));
#182 = CARTESIAN_POINT('',(-77.31332049836,-50.,-53.4821150778));
#183 = CARTESIAN_POINT('',(-77.28903083802,-50.,-53.40866089083));
#184 = CARTESIAN_POINT('',(-77.26238229112,-50.,-53.33572145715));
#185 = CARTESIAN_POINT('',(-77.23338467961,-50.,-53.26341592469));
#186 = CARTESIAN_POINT('',(-77.20205752395,-50.,-53.19186262209));
#187 = CARTESIAN_POINT('',(-77.0883570345,-50.,-52.95286893144));
#188 = CARTESIAN_POINT('',(-76.99523425731,-50.,-52.78947452268));
#189 = CARTESIAN_POINT('',(-76.88946534271,-50.,-52.63260415956));
#190 = CARTESIAN_POINT('',(-76.77175359669,-50.,-52.48374590937));
#191 = CARTESIAN_POINT('',(-76.64306060645,-50.,-52.34424083413));
#192 = CARTESIAN_POINT('',(-76.36616473162,-50.,-52.08621155684));
#193 = CARTESIAN_POINT('',(-76.21793967556,-50.,-51.96766669398));
#194 = CARTESIAN_POINT('',(-76.06115833117,-50.,-51.860734735));
#195 = CARTESIAN_POINT('',(-75.89722617353,-50.,-51.76628039782));
#196 = CARTESIAN_POINT('',(-75.72767712139,-50.,-51.68490040418));
#197 = CARTESIAN_POINT('',(-75.48126690428,-50.,-51.58831991766));
#198 = CARTESIAN_POINT('',(-75.40768435002,-50.,-51.56211164599));
#199 = CARTESIAN_POINT('',(-75.33351555508,-50.,-51.5382801258));
#200 = CARTESIAN_POINT('',(-75.25887992932,-50.,-51.5168364926));
#201 = CARTESIAN_POINT('',(-75.18389701658,-50.,-51.49778214977));
#202 = CARTESIAN_POINT('',(-75.00048919895,-50.,-51.4571225668));
#203 = CARTESIAN_POINT('',(-74.89181924912,-50.,-51.4380636725));
#204 = CARTESIAN_POINT('',(-74.78303264331,-50.,-51.42390790252));
#205 = CARTESIAN_POINT('',(-74.6744770577,-50.,-51.41458863967));
#206 = CARTESIAN_POINT('',(-74.56648752831,-50.,-51.41));
#207 = CARTESIAN_POINT('',(-74.45938213263,-50.,-51.41));
#208 = PCURVE('',#44,#209);
#209 = DEFINITIONAL_REPRESENTATION('',(#210),#243);
#210 = B_SPLINE_CURVE_WITH_KNOTS('',6,(#211,#212,#213,#214,#215,#216,
    #217,#218,#219,#220,#221,#222,#223,#224,#225,#226,#227,#228,#229,
    #230,#231,#232,#233,#234,#235,#236,#237,#238,#239,#240,#241,#242),
  .UNSPECIFIED.,.F.,.F.,(7,5,5,5,5,5,7),(0.,0.149238704343,
    0.252978088524,0.5,0.747021911476,0.850761295657,1.),.UNSPECIFIED.);
#211 = CARTESIAN_POINT('',(-50.78864529802,-40.50192773629));
#212 = CARTESIAN_POINT('',(-50.68180603769,-40.49438199329));
#213 = CARTESIAN_POINT('',(-50.57440811742,-40.48219672386));
#214 = CARTESIAN_POINT('',(-50.46677882727,-40.46525270636));
#215 = CARTESIAN_POINT('',(-50.35925983046,-40.44346792373));
#216 = CARTESIAN_POINT('',(-50.25220263256,-40.41680041866));
#217 = CARTESIAN_POINT('',(-50.0721150778,-40.36332049836));
#218 = CARTESIAN_POINT('',(-49.99866089083,-40.33903083802));
#219 = CARTESIAN_POINT('',(-49.92572145715,-40.31238229112));
#220 = CARTESIAN_POINT('',(-49.85341592469,-40.28338467961));
#221 = CARTESIAN_POINT('',(-49.78186262209,-40.25205752395));
#222 = CARTESIAN_POINT('',(-49.54286893144,-40.1383570345));
#223 = CARTESIAN_POINT('',(-49.37947452268,-40.04523425731));
#224 = CARTESIAN_POINT('',(-49.22260415956,-39.93946534271));
#225 = CARTESIAN_POINT('',(-49.07374590937,-39.82175359669));
#226 = CARTESIAN_POINT('',(-48.93424083413,-39.69306060645));
#227 = CARTESIAN_POINT('',(-48.67621155684,-39.41616473162));
#228 = CARTESIAN_POINT('',(-48.55766669398,-39.26793967556));
#229 = CARTESIAN_POINT('',(-48.450734735,-39.11115833117));
#230 = CARTESIAN_POINT('',(-48.35628039782,-38.94722617353));
#231 = CARTESIAN_POINT('',(-48.27490040418,-38.77767712139));
#232 = CARTESIAN_POINT('',(-48.17831991766,-38.53126690428));
#233 = CARTESIAN_POINT('',(-48.15211164599,-38.45768435002));
#234 = CARTESIAN_POINT('',(-48.1282801258,-38.38351555508));
#235 = CARTESIAN_POINT('',(-48.1068364926,-38.30887992932));
#236 = CARTESIAN_POINT('',(-48.08778214977,-38.23389701658));
#237 = CARTESIAN_POINT('',(-48.0471225668,-38.05048919895));
#238 = CARTESIAN_POINT('',(-48.0280636725,-37.94181924912));
#239 = CARTESIAN_POINT('',(-48.01390790252,-37.83303264331));
#240 = CARTESIAN_POINT('',(-48.00458863967,-37.7244770577));
#241 = CARTESIAN_POINT('',(-48.,-37.61648752831));
#242 = CARTESIAN_POINT('',(-48.,-37.50938213263));
#243 = ( GEOMETRIC_REPRESENTATION_CONTEXT(2) 
PARAMETRIC_REPRESENTATION_CONTEXT() REPRESENTATION_CONTEXT('2D SPACE',''
  ) );
#244 = PCURVE('',#76,#245);
#245 = DEFINITIONAL_REPRESENTATION('',(#246),#279);
#246 = B_SPLINE_CURVE_WITH_KNOTS('',6,(#247,#248,#249,#250,#251,#252,
    #253,#254,#255,#256,#257,#258,#259,#260,#261,#262,#263,#264,#265,
    #266,#267,#268,#269,#270,#271,#272,#273,#274,#275,#276,#277,#278),
  .UNSPECIFIED.,.F.,.F.,(7,5,5,5,5,5,7),(0.,0.149238704343,
    0.252978088524,0.5,0.747021911476,0.850761295657,1.),.UNSPECIFIED.);
#247 = CARTESIAN_POINT('',(0.,2.907626396598E-13));
#248 = CARTESIAN_POINT('',(0.104736746077,2.903905399893E-13));
#249 = CARTESIAN_POINT('',(0.208571434134,2.860624072012E-13));
#250 = CARTESIAN_POINT('',(0.311554694064,2.831138556369E-13));
#251 = CARTESIAN_POINT('',(0.413745346854,2.85470005677E-13));
#252 = CARTESIAN_POINT('',(0.515206226178,2.918641979487E-13));
#253 = CARTESIAN_POINT('',(0.686064157094,2.921905255389E-13));
#254 = CARTESIAN_POINT('',(0.755806429404,2.747713710616E-13));
#255 = CARTESIAN_POINT('',(0.825248563246,2.687988168946E-13));
#256 = CARTESIAN_POINT('',(0.894412865126,2.830427659453E-13));
#257 = CARTESIAN_POINT('',(0.963322201746,3.060434512346E-13));
#258 = CARTESIAN_POINT('',(1.195534043839,3.062733194631E-13));
#259 = CARTESIAN_POINT('',(1.357768811869,1.921302177492E-13));
#260 = CARTESIAN_POINT('',(1.518990675652,4.067684645035E-13));
#261 = CARTESIAN_POINT('',(1.679544102426,2.222902719298E-13));
#262 = CARTESIAN_POINT('',(1.839778388517,2.91797992998E-13));
#263 = CARTESIAN_POINT('',(2.160221611482,2.917624166536E-13));
#264 = CARTESIAN_POINT('',(2.320455897575,2.780784133915E-13));
#265 = CARTESIAN_POINT('',(2.481009324348,2.633125755926E-13));
#266 = CARTESIAN_POINT('',(2.642231188131,3.226867055434E-13));
#267 = CARTESIAN_POINT('',(2.804465956161,2.774586927895E-13));
#268 = CARTESIAN_POINT('',(3.036677798254,2.776889221611E-13));
#269 = CARTESIAN_POINT('',(3.105587134874,2.809288713563E-13));
#270 = CARTESIAN_POINT('',(3.174751436754,2.853955383827E-13));
#271 = CARTESIAN_POINT('',(3.244193570596,2.894959907645E-13));
#272 = CARTESIAN_POINT('',(3.313935842906,2.919895034418E-13));
#273 = CARTESIAN_POINT('',(3.484793773821,2.919847611816E-13));
#274 = CARTESIAN_POINT('',(3.586254653146,2.882312897131E-13));
#275 = CARTESIAN_POINT('',(3.688445305936,2.814350065463E-13));
#276 = CARTESIAN_POINT('',(3.791428565866,2.815827117779E-13));
#277 = CARTESIAN_POINT('',(3.895263253923,2.917921965579E-13));
#278 = CARTESIAN_POINT('',(4.,2.921642962284E-13));
#279 = ( GEOMETRIC_REPRESENTATION_CONTEXT(2) 
PARAMETRIC_REPRESENTATION_CONTEXT() REPRESENTATION_CONTEXT('2D SPACE',''
  ) );
#280 = ORIENTED_EDGE('',*,*,#21,.T.);
#281 = ORIENTED_EDGE('',*,*,#282,.F.);
#282 = EDGE_CURVE('',#283,#24,#285,.T.);
#283 = VERTEX_POINT('',#284);
#284 = CARTESIAN_POINT('',(3.55192773629,-50.,-54.19864529802));
#285 = SURFACE_CURVE('',#286,(#319,#355),.PCURVE_S1.);
#286 = B_SPLINE_CURVE_WITH_KNOTS('',6,(#287,#288,#289,#290,#291,#292,
    #293,#294,#295,#296,#297,#298,#299,#300,#301,#302,#303,#304,#305,
    #306,#307,#308,#309,#310,#311,#312,#313,#314,#315,#316,#317,#318),
  .UNSPECIFIED.,.F.,.F.,(7,5,5,5,5,5,7),(0.,0.149238704343,
    0.252978088524,0.5,0.747021911476,0.850761295657,1.),.UNSPECIFIED.);
#287 = CARTESIAN_POINT('',(3.55192773629,-50.,-54.19864529802));
#288 = CARTESIAN_POINT('',(3.544381993295,-50.,-54.0918060377));
#289 = CARTESIAN_POINT('',(3.532196723865,-50.,-53.98440811742));
#290 = CARTESIAN_POINT('',(3.51525270636,-50.,-53.87677882727));
#291 = CARTESIAN_POINT('',(3.493467923734,-50.,-53.76925983046));
#292 = CARTESIAN_POINT('',(3.466800418667,-50.,-53.66220263256));
#293 = CARTESIAN_POINT('',(3.413320498369,-50.,-53.4821150778));
#294 = CARTESIAN_POINT('',(3.389030838027,-50.,-53.40866089083));
#295 = CARTESIAN_POINT('',(3.362382291123,-50.,-53.33572145715));
#296 = CARTESIAN_POINT('',(3.333384679615,-50.,-53.26341592469));
#297 = CARTESIAN_POINT('',(3.302057523955,-50.,-53.19186262209));
#298 = CARTESIAN_POINT('',(3.188357034506,-50.,-52.95286893143));
#299 = CARTESIAN_POINT('',(3.09523425731,-50.,-52.78947452268));
#300 = CARTESIAN_POINT('',(2.989465342712,-50.,-52.63260415956));
#301 = CARTESIAN_POINT('',(2.871753596694,-50.,-52.48374590937));
#302 = CARTESIAN_POINT('',(2.743060606455,-50.,-52.34424083413));
#303 = CARTESIAN_POINT('',(2.466164731622,-50.,-52.08621155684));
#304 = CARTESIAN_POINT('',(2.317939675563,-50.,-51.96766669398));
#305 = CARTESIAN_POINT('',(2.161158331175,-50.,-51.860734735));
#306 = CARTESIAN_POINT('',(1.997226173532,-50.,-51.76628039782));
#307 = CARTESIAN_POINT('',(1.827677121395,-50.,-51.68490040418));
#308 = CARTESIAN_POINT('',(1.581266904287,-50.,-51.58831991766));
#309 = CARTESIAN_POINT('',(1.507684350027,-50.,-51.56211164599));
#310 = CARTESIAN_POINT('',(1.433515555088,-50.,-51.5382801258));
#311 = CARTESIAN_POINT('',(1.358879929323,-50.,-51.5168364926));
#312 = CARTESIAN_POINT('',(1.283897016587,-50.,-51.49778214977));
#313 = CARTESIAN_POINT('',(1.100489198959,-50.,-51.4571225668));
#314 = CARTESIAN_POINT('',(0.991819249129,-50.,-51.4380636725));
#315 = CARTESIAN_POINT('',(0.88303264331,-50.,-51.42390790252));
#316 = CARTESIAN_POINT('',(0.774477057702,-50.,-51.41458863967));
#317 = CARTESIAN_POINT('',(0.666487528316,-50.,-51.41));
#318 = CARTESIAN_POINT('',(0.559382132635,-50.,-51.41));
#319 = PCURVE('',#44,#320);
#320 = DEFINITIONAL_REPRESENTATION('',(#321),#354);
#321 = B_SPLINE_CURVE_WITH_KNOTS('',6,(#322,#323,#324,#325,#326,#327,
    #328,#329,#330,#331,#332,#333,#334,#335,#336,#337,#338,#339,#340,
    #341,#342,#343,#344,#345,#346,#347,#348,#349,#350,#351,#352,#353),
  .UNSPECIFIED.,.F.,.F.,(7,5,5,5,5,5,7),(0.,0.149238704343,
    0.252978088524,0.5,0.747021911476,0.850761295657,1.),.UNSPECIFIED.);
#322 = CARTESIAN_POINT('',(-50.78864529802,40.50192773629));
#323 = CARTESIAN_POINT('',(-50.6818060377,40.494381993295));
#324 = CARTESIAN_POINT('',(-50.57440811742,40.482196723865));
#325 = CARTESIAN_POINT('',(-50.46677882727,40.46525270636));
#326 = CARTESIAN_POINT('',(-50.35925983046,40.443467923734));
#327 = CARTESIAN_POINT('',(-50.25220263256,40.416800418667));
#328 = CARTESIAN_POINT('',(-50.0721150778,40.363320498369));
#329 = CARTESIAN_POINT('',(-49.99866089083,40.339030838027));
#330 = CARTESIAN_POINT('',(-49.92572145715,40.312382291123));
#331 = CARTESIAN_POINT('',(-49.85341592469,40.283384679615));
#332 = CARTESIAN_POINT('',(-49.78186262209,40.252057523955));
#333 = CARTESIAN_POINT('',(-49.54286893143,40.138357034506));
#334 = CARTESIAN_POINT('',(-49.37947452268,40.04523425731));
#335 = CARTESIAN_POINT('',(-49.22260415956,39.939465342712));
#336 = CARTESIAN_POINT('',(-49.07374590937,39.821753596694));
#337 = CARTESIAN_POINT('',(-48.93424083413,39.693060606455));
#338 = CARTESIAN_POINT('',(-48.67621155684,39.416164731622));
#339 = CARTESIAN_POINT('',(-48.55766669398,39.267939675563));
#340 = CARTESIAN_POINT('',(-48.450734735,39.111158331175));
#341 = CARTESIAN_POINT('',(-48.35628039782,38.947226173532));
#342 = CARTESIAN_POINT('',(-48.27490040418,38.777677121395));
#343 = CARTESIAN_POINT('',(-48.17831991766,38.531266904287));
#344 = CARTESIAN_POINT('',(-48.15211164599,38.457684350027));
#345 = CARTESIAN_POINT('',(-48.1282801258,38.383515555088));
#346 = CARTESIAN_POINT('',(-48.1068364926,38.308879929323));
#347 = CARTESIAN_POINT('',(-48.08778214977,38.233897016587));
#348 = CARTESIAN_POINT('',(-48.0471225668,38.050489198959));
#349 = CARTESIAN_POINT('',(-48.0280636725,37.941819249129));
#350 = CARTESIAN_POINT('',(-48.01390790252,37.83303264331));
#351 = CARTESIAN_POINT('',(-48.00458863967,37.724477057702));
#352 = CARTESIAN_POINT('',(-48.,37.616487528316));
#353 = CARTESIAN_POINT('',(-48.,37.509382132635));
#354 = ( GEOMETRIC_REPRESENTATION_CONTEXT(2) 
PARAMETRIC_REPRESENTATION_CONTEXT() REPRESENTATION_CONTEXT('2D SPACE',''
  ) );
#355 = PCURVE('',#145,#356);
#356 = DEFINITIONAL_REPRESENTATION('',(#357),#390);
#357 = B_SPLINE_CURVE_WITH_KNOTS('',6,(#358,#359,#360,#361,#362,#363,
    #364,#365,#366,#367,#368,#369,#370,#371,#372,#373,#374,#375,#376,
    #377,#378,#379,#380,#381,#382,#383,#384,#385,#386,#387,#388,#389),
  .UNSPECIFIED.,.F.,.F.,(7,5,5,5,5,5,7),(0.,0.149238704343,
    0.252978088524,0.5,0.747021911476,0.850761295657,1.),.UNSPECIFIED.);
#358 = CARTESIAN_POINT('',(0.,2.931760736957E-13));
#359 = CARTESIAN_POINT('',(0.104736746077,2.931775272101E-13));
#360 = CARTESIAN_POINT('',(0.208571434134,2.912237474616E-13));
#361 = CARTESIAN_POINT('',(0.311554694064,2.917524104622E-13));
#362 = CARTESIAN_POINT('',(0.413745346854,2.935545442872E-13));
#363 = CARTESIAN_POINT('',(0.515206226179,2.941485345206E-13));
#364 = CARTESIAN_POINT('',(0.686064157094,2.941580190411E-13));
#365 = CARTESIAN_POINT('',(0.755806429404,2.926446741545E-13));
#366 = CARTESIAN_POINT('',(0.825248563246,2.918987209687E-13));
#367 = CARTESIAN_POINT('',(0.894412865126,2.9268518613E-13));
#368 = CARTESIAN_POINT('',(0.963322201746,2.942494970018E-13));
#369 = CARTESIAN_POINT('',(1.195534043839,2.944793652303E-13));
#370 = CARTESIAN_POINT('',(1.357768811869,2.782653022268E-13));
#371 = CARTESIAN_POINT('',(1.518990675652,3.146790729171E-13));
#372 = CARTESIAN_POINT('',(1.679544102425,2.816568888013E-13));
#373 = CARTESIAN_POINT('',(1.839778388517,2.944672663774E-13));
#374 = CARTESIAN_POINT('',(2.160221611482,2.944672663774E-13));
#375 = CARTESIAN_POINT('',(2.320455897575,2.967690980093E-13));
#376 = CARTESIAN_POINT('',(2.481009324348,2.930499661038E-13));
#377 = CARTESIAN_POINT('',(2.642231188131,2.908538145075E-13));
#378 = CARTESIAN_POINT('',(2.804465956161,2.94118168062E-13));
#379 = CARTESIAN_POINT('',(3.036677798254,2.943480362905E-13));
#380 = CARTESIAN_POINT('',(3.105587134874,2.924800867743E-13));
#381 = CARTESIAN_POINT('',(3.174751436754,2.914792142566E-13));
#382 = CARTESIAN_POINT('',(3.244193570596,2.923065873609E-13));
#383 = CARTESIAN_POINT('',(3.313935842906,2.940815321559E-13));
#384 = CARTESIAN_POINT('',(3.484793773821,2.940815321559E-13));
#385 = CARTESIAN_POINT('',(3.586254653146,2.866676583515E-13));
#386 = CARTESIAN_POINT('',(3.688445305936,2.88740859422E-13));
#387 = CARTESIAN_POINT('',(3.791428565866,2.942483588621E-13));
#388 = CARTESIAN_POINT('',(3.895263253923,2.937402917639E-13));
#389 = CARTESIAN_POINT('',(4.,2.939263415991E-13));
#390 = ( GEOMETRIC_REPRESENTATION_CONTEXT(2) 
PARAMETRIC_REPRESENTATION_CONTEXT() REPRESENTATION_CONTEXT('2D SPACE',''
  ) );
#391 = ORIENTED_EDGE('',*,*,#392,.T.);
#392 = EDGE_CURVE('',#283,#393,#395,.T.);
#393 = VERTEX_POINT('',#394);
#394 = CARTESIAN_POINT('',(7.072363189036,-50.,-104.0440641059));
#395 = SURFACE_CURVE('',#396,(#400,#407),.PCURVE_S1.);
#396 = LINE('',#397,#398);
#397 = CARTESIAN_POINT('',(2.390470668622,-50.,-37.75371547544));
#398 = VECTOR('',#399,1.);
#399 = DIRECTION('',(7.045156732569E-02,-0.,-0.997515201218));
#400 = PCURVE('',#44,#401);
#401 = DEFINITIONAL_REPRESENTATION('',(#402),#406);
#402 = LINE('',#403,#404);
#403 = CARTESIAN_POINT('',(-34.34371547544,39.340470668622));
#404 = VECTOR('',#405,1.);
#405 = DIRECTION('',(-0.997515201218,7.045156732569E-02));
#406 = ( GEOMETRIC_REPRESENTATION_CONTEXT(2) 
PARAMETRIC_REPRESENTATION_CONTEXT() REPRESENTATION_CONTEXT('2D SPACE',''
  ) );
#407 = PCURVE('',#408,#413);
#408 = PLANE('',#409);
#409 = AXIS2_PLACEMENT_3D('',#410,#411,#412);
#410 = CARTESIAN_POINT('',(2.390470668622,-50.,-37.75371547544));
#411 = DIRECTION('',(-0.997515201218,0.,-7.045156732569E-02));
#412 = DIRECTION('',(-7.045156732569E-02,0.,0.997515201218));
#413 = DEFINITIONAL_REPRESENTATION('',(#414),#418);
#414 = LINE('',#415,#416);
#415 = CARTESIAN_POINT('',(-0.,0.));
#416 = VECTOR('',#417,1.);
#417 = DIRECTION('',(-1.,0.));
#418 = ( GEOMETRIC_REPRESENTATION_CONTEXT(2) 
PARAMETRIC_REPRESENTATION_CONTEXT() REPRESENTATION_CONTEXT('2D SPACE',''
  ) );
#419 = ORIENTED_EDGE('',*,*,#420,.F.);
#420 = EDGE_CURVE('',#421,#393,#423,.T.);
#421 = VERTEX_POINT('',#422);
#422 = CARTESIAN_POINT('',(24.774220415378,-50.,-101.1991227659));
#423 = SURFACE_CURVE('',#424,(#429,#440),.PCURVE_S1.);
#424 = CIRCLE('',#425,9.);
#425 = AXIS2_PLACEMENT_3D('',#426,#427,#428);
#426 = CARTESIAN_POINT('',(16.05,-50.,-103.41));
#427 = DIRECTION('',(-0.,-1.,-0.));
#428 = DIRECTION('',(1.,-0.,-0.));
#429 = PCURVE('',#44,#430);
#430 = DEFINITIONAL_REPRESENTATION('',(#431),#439);
#431 = ( BOUNDED_CURVE() B_SPLINE_CURVE(2,(#432,#433,#434,#435,#436,#437
,#438),.UNSPECIFIED.,.T.,.F.) B_SPLINE_CURVE_WITH_KNOTS((1,2,2,2,2,1),(
    -2.094395102393,0.,2.094395102393,4.188790204786,6.28318530718,
8.377580409573),.UNSPECIFIED.) CURVE() GEOMETRIC_REPRESENTATION_ITEM() 
RATIONAL_B_SPLINE_CURVE((1.,0.5,1.,0.5,1.,0.5,1.)) REPRESENTATION_ITEM(
  '') );
#432 = CARTESIAN_POINT('',(-100.,62.));
#433 = CARTESIAN_POINT('',(-84.41154273188,62.));
#434 = CARTESIAN_POINT('',(-92.20577136594,48.5));
#435 = CARTESIAN_POINT('',(-100.,35.));
#436 = CARTESIAN_POINT('',(-107.794228634,48.5));
#437 = CARTESIAN_POINT('',(-115.5884572681,62.));
#438 = CARTESIAN_POINT('',(-100.,62.));
#439 = ( GEOMETRIC_REPRESENTATION_CONTEXT(2) 
PARAMETRIC_REPRESENTATION_CONTEXT() REPRESENTATION_CONTEXT('2D SPACE',''
  ) );
#440 = PCURVE('',#441,#446);
#441 = CYLINDRICAL_SURFACE('',#442,9.);
#442 = AXIS2_PLACEMENT_3D('',#443,#444,#445);
#443 = CARTESIAN_POINT('',(16.05,-20.1,-103.41));
#444 = DIRECTION('',(-0.,1.,-0.));
#445 = DIRECTION('',(1.,-0.,-0.));
#446 = DEFINITIONAL_REPRESENTATION('',(#447),#451);
#447 = LINE('',#448,#449);
#448 = CARTESIAN_POINT('',(-0.,-29.9));
#449 = VECTOR('',#450,1.);
#450 = DIRECTION('',(-1.,0.));
#451 = ( GEOMETRIC_REPRESENTATION_CONTEXT(2) 
PARAMETRIC_REPRESENTATION_CONTEXT() REPRESENTATION_CONTEXT('2D SPACE',''
  ) );
#452 = ORIENTED_EDGE('',*,*,#453,.T.);
#453 = EDGE_CURVE('',#421,#454,#456,.T.);
#454 = VERTEX_POINT('',#455);
#455 = CARTESIAN_POINT('',(10.898892141602,-50.,-46.44645702152));
#456 = SURFACE_CURVE('',#457,(#461,#468),.PCURVE_S1.);
#457 = LINE('',#458,#459);
#458 = CARTESIAN_POINT('',(24.774220415378,-50.,-101.1991227659));
#459 = VECTOR('',#460,1.);
#460 = DIRECTION('',(-0.245653026002,-0.,0.969357823931));
#461 = PCURVE('',#44,#462);
#462 = DEFINITIONAL_REPRESENTATION('',(#463),#467);
#463 = LINE('',#464,#465);
#464 = CARTESIAN_POINT('',(-97.7891227659,61.724220415378));
#465 = VECTOR('',#466,1.);
#466 = DIRECTION('',(0.969357823931,-0.245653026002));
#467 = ( GEOMETRIC_REPRESENTATION_CONTEXT(2) 
PARAMETRIC_REPRESENTATION_CONTEXT() REPRESENTATION_CONTEXT('2D SPACE',''
  ) );
#468 = PCURVE('',#469,#474);
#469 = PLANE('',#470);
#470 = AXIS2_PLACEMENT_3D('',#471,#472,#473);
#471 = CARTESIAN_POINT('',(24.774220415378,-50.,-101.1991227659));
#472 = DIRECTION('',(0.969357823931,-0.,0.245653026002));
#473 = DIRECTION('',(0.245653026002,0.,-0.969357823931));
#474 = DEFINITIONAL_REPRESENTATION('',(#475),#479);
#475 = LINE('',#476,#477);
#476 = CARTESIAN_POINT('',(-0.,0.));
#477 = VECTOR('',#478,1.);
#478 = DIRECTION('',(-1.,0.));
#479 = ( GEOMETRIC_REPRESENTATION_CONTEXT(2) 
PARAMETRIC_REPRESENTATION_CONTEXT() REPRESENTATION_CONTEXT('2D SPACE',''
  ) );
#480 = ORIENTED_EDGE('',*,*,#481,.F.);
#481 = EDGE_CURVE('',#482,#454,#484,.T.);
#482 = VERTEX_POINT('',#483);
#483 = CARTESIAN_POINT('',(10.873247718833,-50.,-45.08236214073));
#484 = SURFACE_CURVE('',#485,(#490,#501),.PCURVE_S1.);
#485 = CIRCLE('',#486,3.);
#486 = AXIS2_PLACEMENT_3D('',#487,#488,#489);
#487 = CARTESIAN_POINT('',(13.806965613395,-50.,-45.70949794351));
#488 = DIRECTION('',(0.,-1.,0.));
#489 = DIRECTION('',(-0.,-0.,1.));
#490 = PCURVE('',#44,#491);
#491 = DEFINITIONAL_REPRESENTATION('',(#492),#500);
#492 = ( BOUNDED_CURVE() B_SPLINE_CURVE(2,(#493,#494,#495,#496,#497,#498
,#499),.UNSPECIFIED.,.T.,.F.) B_SPLINE_CURVE_WITH_KNOTS((1,2,2,2,2,1),(
    -2.094395102393,0.,2.094395102393,4.188790204786,6.28318530718,
8.377580409573),.UNSPECIFIED.) CURVE() GEOMETRIC_REPRESENTATION_ITEM() 
RATIONAL_B_SPLINE_CURVE((1.,0.5,1.,0.5,1.,0.5,1.)) REPRESENTATION_ITEM(
  '') );
#493 = CARTESIAN_POINT('',(-39.29949794351,50.756965613395));
#494 = CARTESIAN_POINT('',(-39.29949794351,45.560813190688));
#495 = CARTESIAN_POINT('',(-43.79949794351,48.158889402042));
#496 = CARTESIAN_POINT('',(-48.29949794351,50.756965613395));
#497 = CARTESIAN_POINT('',(-43.79949794351,53.355041824748));
#498 = CARTESIAN_POINT('',(-39.29949794351,55.953118036102));
#499 = CARTESIAN_POINT('',(-39.29949794351,50.756965613395));
#500 = ( GEOMETRIC_REPRESENTATION_CONTEXT(2) 
PARAMETRIC_REPRESENTATION_CONTEXT() REPRESENTATION_CONTEXT('2D SPACE',''
  ) );
#501 = PCURVE('',#502,#507);
#502 = CYLINDRICAL_SURFACE('',#503,3.);
#503 = AXIS2_PLACEMENT_3D('',#504,#505,#506);
#504 = CARTESIAN_POINT('',(13.806965613395,-50.,-45.70949794351));
#505 = DIRECTION('',(-0.,-1.,-0.));
#506 = DIRECTION('',(-0.977905964854,-0.,0.209045267592));
#507 = DEFINITIONAL_REPRESENTATION('',(#508),#512);
#508 = LINE('',#509,#510);
#509 = CARTESIAN_POINT('',(-7.643383079149,0.));
#510 = VECTOR('',#511,1.);
#511 = DIRECTION('',(1.,-0.));
#512 = ( GEOMETRIC_REPRESENTATION_CONTEXT(2) 
PARAMETRIC_REPRESENTATION_CONTEXT() REPRESENTATION_CONTEXT('2D SPACE',''
  ) );
#513 = ORIENTED_EDGE('',*,*,#514,.T.);
#514 = EDGE_CURVE('',#482,#515,#517,.T.);
#515 = VERTEX_POINT('',#516);
#516 = CARTESIAN_POINT('',(11.05,-50.,-43.41));
#517 = SURFACE_CURVE('',#518,(#523,#534),.PCURVE_S1.);
#518 = CIRCLE('',#519,8.);
#519 = AXIS2_PLACEMENT_3D('',#520,#521,#522);
#520 = CARTESIAN_POINT('',(3.05,-50.,-43.41));
#521 = DIRECTION('',(0.,-1.,0.));
#522 = DIRECTION('',(-0.,-0.,1.));
#523 = PCURVE('',#44,#524);
#524 = DEFINITIONAL_REPRESENTATION('',(#525),#533);
#525 = ( BOUNDED_CURVE() B_SPLINE_CURVE(2,(#526,#527,#528,#529,#530,#531
,#532),.UNSPECIFIED.,.T.,.F.) B_SPLINE_CURVE_WITH_KNOTS((1,2,2,2,2,1),(
    -2.094395102393,0.,2.094395102393,4.188790204786,6.28318530718,
8.377580409573),.UNSPECIFIED.) CURVE() GEOMETRIC_REPRESENTATION_ITEM() 
RATIONAL_B_SPLINE_CURVE((1.,0.5,1.,0.5,1.,0.5,1.)) REPRESENTATION_ITEM(
  '') );
#526 = CARTESIAN_POINT('',(-32.,40.));
#527 = CARTESIAN_POINT('',(-32.,26.143593539449));
#528 = CARTESIAN_POINT('',(-44.,33.071796769724));
#529 = CARTESIAN_POINT('',(-56.,40.));
#530 = CARTESIAN_POINT('',(-44.,46.928203230276));
#531 = CARTESIAN_POINT('',(-32.,53.856406460551));
#532 = CARTESIAN_POINT('',(-32.,40.));
#533 = ( GEOMETRIC_REPRESENTATION_CONTEXT(2) 
PARAMETRIC_REPRESENTATION_CONTEXT() REPRESENTATION_CONTEXT('2D SPACE',''
  ) );
#534 = PCURVE('',#535,#540);
#535 = CYLINDRICAL_SURFACE('',#536,8.);
#536 = AXIS2_PLACEMENT_3D('',#537,#538,#539);
#537 = CARTESIAN_POINT('',(3.05,-50.,-43.41));
#538 = DIRECTION('',(-0.,-1.,-0.));
#539 = DIRECTION('',(-0.,-0.,-1.));
#540 = DEFINITIONAL_REPRESENTATION('',(#541),#545);
#541 = LINE('',#542,#543);
#542 = CARTESIAN_POINT('',(-9.42477796077,0.));
#543 = VECTOR('',#544,1.);
#544 = DIRECTION('',(1.,-0.));
#545 = ( GEOMETRIC_REPRESENTATION_CONTEXT(2) 
PARAMETRIC_REPRESENTATION_CONTEXT() REPRESENTATION_CONTEXT('2D SPACE',''
  ) );
#546 = ORIENTED_EDGE('',*,*,#547,.T.);
#547 = EDGE_CURVE('',#515,#548,#550,.T.);
#548 = VERTEX_POINT('',#549);
#549 = CARTESIAN_POINT('',(11.05,-50.,36.59));
#550 = SURFACE_CURVE('',#551,(#555,#562),.PCURVE_S1.);
#551 = LINE('',#552,#553);
#552 = CARTESIAN_POINT('',(11.05,-50.,-51.41));
#553 = VECTOR('',#554,1.);
#554 = DIRECTION('',(-0.,-0.,1.));
#555 = PCURVE('',#44,#556);
#556 = DEFINITIONAL_REPRESENTATION('',(#557),#561);
#557 = LINE('',#558,#559);
#558 = CARTESIAN_POINT('',(-48.,48.));
#559 = VECTOR('',#560,1.);
#560 = DIRECTION('',(1.,-0.));
#561 = ( GEOMETRIC_REPRESENTATION_CONTEXT(2) 
PARAMETRIC_REPRESENTATION_CONTEXT() REPRESENTATION_CONTEXT('2D SPACE',''
  ) );
#562 = PCURVE('',#563,#568);
#563 = PLANE('',#564);
#564 = AXIS2_PLACEMENT_3D('',#565,#566,#567);
#565 = CARTESIAN_POINT('',(11.05,-50.,-51.41));
#566 = DIRECTION('',(1.,-0.,-0.));
#567 = DIRECTION('',(0.,0.,-1.));
#568 = DEFINITIONAL_REPRESENTATION('',(#569),#573);
#569 = LINE('',#570,#571);
#570 = CARTESIAN_POINT('',(-0.,0.));
#571 = VECTOR('',#572,1.);
#572 = DIRECTION('',(-1.,0.));
#573 = ( GEOMETRIC_REPRESENTATION_CONTEXT(2) 
PARAMETRIC_REPRESENTATION_CONTEXT() REPRESENTATION_CONTEXT('2D SPACE',''
  ) );
#574 = ORIENTED_EDGE('',*,*,#575,.T.);
#575 = EDGE_CURVE('',#548,#576,#578,.T.);
#576 = VERTEX_POINT('',#577);
#577 = CARTESIAN_POINT('',(3.05,-50.,44.59));
#578 = SURFACE_CURVE('',#579,(#584,#595),.PCURVE_S1.);
#579 = CIRCLE('',#580,8.);
#580 = AXIS2_PLACEMENT_3D('',#581,#582,#583);
#581 = CARTESIAN_POINT('',(3.05,-50.,36.59));
#582 = DIRECTION('',(0.,-1.,0.));
#583 = DIRECTION('',(-0.,-0.,1.));
#584 = PCURVE('',#44,#585);
#585 = DEFINITIONAL_REPRESENTATION('',(#586),#594);
#586 = ( BOUNDED_CURVE() B_SPLINE_CURVE(2,(#587,#588,#589,#590,#591,#592
,#593),.UNSPECIFIED.,.T.,.F.) B_SPLINE_CURVE_WITH_KNOTS((1,2,2,2,2,1),(
    -2.094395102393,0.,2.094395102393,4.188790204786,6.28318530718,
8.377580409573),.UNSPECIFIED.) CURVE() GEOMETRIC_REPRESENTATION_ITEM() 
RATIONAL_B_SPLINE_CURVE((1.,0.5,1.,0.5,1.,0.5,1.)) REPRESENTATION_ITEM(
  '') );
#587 = CARTESIAN_POINT('',(48.,40.));
#588 = CARTESIAN_POINT('',(48.,26.143593539449));
#589 = CARTESIAN_POINT('',(36.,33.071796769724));
#590 = CARTESIAN_POINT('',(24.,40.));
#591 = CARTESIAN_POINT('',(36.,46.928203230276));
#592 = CARTESIAN_POINT('',(48.,53.856406460551));
#593 = CARTESIAN_POINT('',(48.,40.));
#594 = ( GEOMETRIC_REPRESENTATION_CONTEXT(2) 
PARAMETRIC_REPRESENTATION_CONTEXT() REPRESENTATION_CONTEXT('2D SPACE',''
  ) );
#595 = PCURVE('',#596,#601);
#596 = CYLINDRICAL_SURFACE('',#597,8.);
#597 = AXIS2_PLACEMENT_3D('',#598,#599,#600);
#598 = CARTESIAN_POINT('',(3.05,-50.,36.59));
#599 = DIRECTION('',(-0.,-1.,-0.));
#600 = DIRECTION('',(1.,-0.,-0.));
#601 = DEFINITIONAL_REPRESENTATION('',(#602),#606);
#602 = LINE('',#603,#604);
#603 = CARTESIAN_POINT('',(-10.99557428756,0.));
#604 = VECTOR('',#605,1.);
#605 = DIRECTION('',(1.,-0.));
#606 = ( GEOMETRIC_REPRESENTATION_CONTEXT(2) 
PARAMETRIC_REPRESENTATION_CONTEXT() REPRESENTATION_CONTEXT('2D SPACE',''
  ) );
#607 = ORIENTED_EDGE('',*,*,#608,.T.);
#608 = EDGE_CURVE('',#576,#609,#611,.T.);
#609 = VERTEX_POINT('',#610);
#610 = CARTESIAN_POINT('',(-2.455851779433,-50.,44.59));
#611 = SURFACE_CURVE('',#612,(#616,#623),.PCURVE_S1.);
#612 = LINE('',#613,#614);
#613 = CARTESIAN_POINT('',(11.05,-50.,44.59));
#614 = VECTOR('',#615,1.);
#615 = DIRECTION('',(-1.,-0.,-0.));
#616 = PCURVE('',#44,#617);
#617 = DEFINITIONAL_REPRESENTATION('',(#618),#622);
#618 = LINE('',#619,#620);
#619 = CARTESIAN_POINT('',(48.,48.));
#620 = VECTOR('',#621,1.);
#621 = DIRECTION('',(-0.,-1.));
#622 = ( GEOMETRIC_REPRESENTATION_CONTEXT(2) 
PARAMETRIC_REPRESENTATION_CONTEXT() REPRESENTATION_CONTEXT('2D SPACE',''
  ) );
#623 = PCURVE('',#624,#629);
#624 = PLANE('',#625);
#625 = AXIS2_PLACEMENT_3D('',#626,#627,#628);
#626 = CARTESIAN_POINT('',(11.05,-50.,44.59));
#627 = DIRECTION('',(-0.,-0.,1.));
#628 = DIRECTION('',(1.,0.,0.));
#629 = DEFINITIONAL_REPRESENTATION('',(#630),#634);
#630 = LINE('',#631,#632);
#631 = CARTESIAN_POINT('',(0.,-0.));
#632 = VECTOR('',#633,1.);
#633 = DIRECTION('',(-1.,0.));
#634 = ( GEOMETRIC_REPRESENTATION_CONTEXT(2) 
PARAMETRIC_REPRESENTATION_CONTEXT() REPRESENTATION_CONTEXT('2D SPACE',''
  ) );
#635 = ORIENTED_EDGE('',*,*,#636,.F.);
#636 = EDGE_CURVE('',#637,#609,#639,.T.);
#637 = VERTEX_POINT('',#638);
#638 = CARTESIAN_POINT('',(21.187759070667,-50.,89.200586509622));
#639 = SURFACE_CURVE('',#640,(#644,#651),.PCURVE_S1.);
#640 = LINE('',#641,#642);
#641 = CARTESIAN_POINT('',(23.118583199756,-50.,92.843650904129));
#642 = VECTOR('',#643,1.);
#643 = DIRECTION('',(-0.468293636984,-0.,-0.883572899969));
#644 = PCURVE('',#44,#645);
#645 = DEFINITIONAL_REPRESENTATION('',(#646),#650);
#646 = LINE('',#647,#648);
#647 = CARTESIAN_POINT('',(96.253650904129,60.068583199756));
#648 = VECTOR('',#649,1.);
#649 = DIRECTION('',(-0.883572899969,-0.468293636984));
#650 = ( GEOMETRIC_REPRESENTATION_CONTEXT(2) 
PARAMETRIC_REPRESENTATION_CONTEXT() REPRESENTATION_CONTEXT('2D SPACE',''
  ) );
#651 = PCURVE('',#652,#657);
#652 = PLANE('',#653);
#653 = AXIS2_PLACEMENT_3D('',#654,#655,#656);
#654 = CARTESIAN_POINT('',(23.118583199756,-50.,92.843650904129));
#655 = DIRECTION('',(-0.883572899969,-0.,0.468293636984));
#656 = DIRECTION('',(0.468293636984,0.,0.883572899969));
#657 = DEFINITIONAL_REPRESENTATION('',(#658),#662);
#658 = LINE('',#659,#660);
#659 = CARTESIAN_POINT('',(0.,-0.));
#660 = VECTOR('',#661,1.);
#661 = DIRECTION('',(-1.,0.));
#662 = ( GEOMETRIC_REPRESENTATION_CONTEXT(2) 
PARAMETRIC_REPRESENTATION_CONTEXT() REPRESENTATION_CONTEXT('2D SPACE',''
  ) );
#663 = ORIENTED_EDGE('',*,*,#664,.F.);
#664 = EDGE_CURVE('',#665,#637,#667,.T.);
#665 = VERTEX_POINT('',#666);
#666 = CARTESIAN_POINT('',(7.050592671155,-50.,96.693284701363));
#667 = SURFACE_CURVE('',#668,(#673,#684),.PCURVE_S1.);
#668 = CIRCLE('',#669,9.);
#669 = AXIS2_PLACEMENT_3D('',#670,#671,#672);
#670 = CARTESIAN_POINT('',(16.05,-50.,96.59));
#671 = DIRECTION('',(-0.,-1.,-0.));
#672 = DIRECTION('',(1.,-0.,-0.));
#673 = PCURVE('',#44,#674);
#674 = DEFINITIONAL_REPRESENTATION('',(#675),#683);
#675 = ( BOUNDED_CURVE() B_SPLINE_CURVE(2,(#676,#677,#678,#679,#680,#681
,#682),.UNSPECIFIED.,.T.,.F.) B_SPLINE_CURVE_WITH_KNOTS((1,2,2,2,2,1),(
    -2.094395102393,0.,2.094395102393,4.188790204786,6.28318530718,
8.377580409573),.UNSPECIFIED.) CURVE() GEOMETRIC_REPRESENTATION_ITEM() 
RATIONAL_B_SPLINE_CURVE((1.,0.5,1.,0.5,1.,0.5,1.)) REPRESENTATION_ITEM(
  '') );
#676 = CARTESIAN_POINT('',(100.,62.));
#677 = CARTESIAN_POINT('',(115.58845726812,62.));
#678 = CARTESIAN_POINT('',(107.79422863406,48.5));
#679 = CARTESIAN_POINT('',(100.,35.));
#680 = CARTESIAN_POINT('',(92.20577136594,48.5));
#681 = CARTESIAN_POINT('',(84.41154273188,62.));
#682 = CARTESIAN_POINT('',(100.,62.));
#683 = ( GEOMETRIC_REPRESENTATION_CONTEXT(2) 
PARAMETRIC_REPRESENTATION_CONTEXT() REPRESENTATION_CONTEXT('2D SPACE',''
  ) );
#684 = PCURVE('',#685,#690);
#685 = CYLINDRICAL_SURFACE('',#686,9.);
#686 = AXIS2_PLACEMENT_3D('',#687,#688,#689);
#687 = CARTESIAN_POINT('',(16.05,-24.,96.59));
#688 = DIRECTION('',(-0.,1.,-0.));
#689 = DIRECTION('',(1.,-0.,-0.));
#690 = DEFINITIONAL_REPRESENTATION('',(#691),#695);
#691 = LINE('',#692,#693);
#692 = CARTESIAN_POINT('',(-0.,-26.));
#693 = VECTOR('',#694,1.);
#694 = DIRECTION('',(-1.,0.));
#695 = ( GEOMETRIC_REPRESENTATION_CONTEXT(2) 
PARAMETRIC_REPRESENTATION_CONTEXT() REPRESENTATION_CONTEXT('2D SPACE',''
  ) );
#696 = ORIENTED_EDGE('',*,*,#697,.F.);
#697 = EDGE_CURVE('',#698,#665,#700,.T.);
#698 = VERTEX_POINT('',#699);
#699 = CARTESIAN_POINT('',(-20.56414822056,-50.,44.59));
#700 = SURFACE_CURVE('',#701,(#705,#712),.PCURVE_S1.);
#701 = LINE('',#702,#703);
#702 = CARTESIAN_POINT('',(-44.01858319975,-50.,0.336349095871));
#703 = VECTOR('',#704,1.);
#704 = DIRECTION('',(0.468293636984,-0.,0.883572899969));
#705 = PCURVE('',#44,#706);
#706 = DEFINITIONAL_REPRESENTATION('',(#707),#711);
#707 = LINE('',#708,#709);
#708 = CARTESIAN_POINT('',(3.746349095871,-7.06858319975));
#709 = VECTOR('',#710,1.);
#710 = DIRECTION('',(0.883572899969,0.468293636984));
#711 = ( GEOMETRIC_REPRESENTATION_CONTEXT(2) 
PARAMETRIC_REPRESENTATION_CONTEXT() REPRESENTATION_CONTEXT('2D SPACE',''
  ) );
#712 = PCURVE('',#713,#718);
#713 = PLANE('',#714);
#714 = AXIS2_PLACEMENT_3D('',#715,#716,#717);
#715 = CARTESIAN_POINT('',(-44.01858319975,-50.,0.336349095871));
#716 = DIRECTION('',(0.883572899969,-0.,-0.468293636984));
#717 = DIRECTION('',(-0.468293636984,0.,-0.883572899969));
#718 = DEFINITIONAL_REPRESENTATION('',(#719),#723);
#719 = LINE('',#720,#721);
#720 = CARTESIAN_POINT('',(-0.,0.));
#721 = VECTOR('',#722,1.);
#722 = DIRECTION('',(-1.,0.));
#723 = ( GEOMETRIC_REPRESENTATION_CONTEXT(2) 
PARAMETRIC_REPRESENTATION_CONTEXT() REPRESENTATION_CONTEXT('2D SPACE',''
  ) );
#724 = ORIENTED_EDGE('',*,*,#725,.T.);
#725 = EDGE_CURVE('',#698,#726,#728,.T.);
#726 = VERTEX_POINT('',#727);
#727 = CARTESIAN_POINT('',(-53.33585177943,-50.,44.59));
#728 = SURFACE_CURVE('',#729,(#733,#740),.PCURVE_S1.);
#729 = LINE('',#730,#731);
#730 = CARTESIAN_POINT('',(11.05,-50.,44.59));
#731 = VECTOR('',#732,1.);
#732 = DIRECTION('',(-1.,-0.,-0.));
#733 = PCURVE('',#44,#734);
#734 = DEFINITIONAL_REPRESENTATION('',(#735),#739);
#735 = LINE('',#736,#737);
#736 = CARTESIAN_POINT('',(48.,48.));
#737 = VECTOR('',#738,1.);
#738 = DIRECTION('',(-0.,-1.));
#739 = ( GEOMETRIC_REPRESENTATION_CONTEXT(2) 
PARAMETRIC_REPRESENTATION_CONTEXT() REPRESENTATION_CONTEXT('2D SPACE',''
  ) );
#740 = PCURVE('',#741,#746);
#741 = PLANE('',#742);
#742 = AXIS2_PLACEMENT_3D('',#743,#744,#745);
#743 = CARTESIAN_POINT('',(11.05,-50.,44.59));
#744 = DIRECTION('',(-0.,-0.,1.));
#745 = DIRECTION('',(1.,0.,0.));
#746 = DEFINITIONAL_REPRESENTATION('',(#747),#751);
#747 = LINE('',#748,#749);
#748 = CARTESIAN_POINT('',(0.,-0.));
#749 = VECTOR('',#750,1.);
#750 = DIRECTION('',(-1.,0.));
#751 = ( GEOMETRIC_REPRESENTATION_CONTEXT(2) 
PARAMETRIC_REPRESENTATION_CONTEXT() REPRESENTATION_CONTEXT('2D SPACE',''
  ) );
#752 = ORIENTED_EDGE('',*,*,#753,.F.);
#753 = EDGE_CURVE('',#754,#726,#756,.T.);
#754 = VERTEX_POINT('',#755);
#755 = CARTESIAN_POINT('',(-80.95059267115,-50.,96.693284701363));
#756 = SURFACE_CURVE('',#757,(#761,#768),.PCURVE_S1.);
#757 = LINE('',#758,#759);
#758 = CARTESIAN_POINT('',(-82.88141680024,-50.,100.33634909587));
#759 = VECTOR('',#760,1.);
#760 = DIRECTION('',(0.468293636984,-0.,-0.883572899969));
#761 = PCURVE('',#44,#762);
#762 = DEFINITIONAL_REPRESENTATION('',(#763),#767);
#763 = LINE('',#764,#765);
#764 = CARTESIAN_POINT('',(103.74634909587,-45.93141680024));
#765 = VECTOR('',#766,1.);
#766 = DIRECTION('',(-0.883572899969,0.468293636984));
#767 = ( GEOMETRIC_REPRESENTATION_CONTEXT(2) 
PARAMETRIC_REPRESENTATION_CONTEXT() REPRESENTATION_CONTEXT('2D SPACE',''
  ) );
#768 = PCURVE('',#769,#774);
#769 = PLANE('',#770);
#770 = AXIS2_PLACEMENT_3D('',#771,#772,#773);
#771 = CARTESIAN_POINT('',(-82.88141680024,-50.,100.33634909587));
#772 = DIRECTION('',(-0.883572899969,0.,-0.468293636984));
#773 = DIRECTION('',(-0.468293636984,0.,0.883572899969));
#774 = DEFINITIONAL_REPRESENTATION('',(#775),#779);
#775 = LINE('',#776,#777);
#776 = CARTESIAN_POINT('',(-0.,0.));
#777 = VECTOR('',#778,1.);
#778 = DIRECTION('',(-1.,0.));
#779 = ( GEOMETRIC_REPRESENTATION_CONTEXT(2) 
PARAMETRIC_REPRESENTATION_CONTEXT() REPRESENTATION_CONTEXT('2D SPACE',''
  ) );
#780 = ORIENTED_EDGE('',*,*,#781,.F.);
#781 = EDGE_CURVE('',#782,#754,#784,.T.);
#782 = VERTEX_POINT('',#783);
#783 = CARTESIAN_POINT('',(-80.95,-50.,96.59));
#784 = SURFACE_CURVE('',#785,(#790,#801),.PCURVE_S1.);
#785 = CIRCLE('',#786,9.);
#786 = AXIS2_PLACEMENT_3D('',#787,#788,#789);
#787 = CARTESIAN_POINT('',(-89.95,-50.,96.59));
#788 = DIRECTION('',(-0.,-1.,-0.));
#789 = DIRECTION('',(1.,-0.,-0.));
#790 = PCURVE('',#44,#791);
#791 = DEFINITIONAL_REPRESENTATION('',(#792),#800);
#792 = ( BOUNDED_CURVE() B_SPLINE_CURVE(2,(#793,#794,#795,#796,#797,#798
,#799),.UNSPECIFIED.,.T.,.F.) B_SPLINE_CURVE_WITH_KNOTS((1,2,2,2,2,1),(
    -2.094395102393,0.,2.094395102393,4.188790204786,6.28318530718,
8.377580409573),.UNSPECIFIED.) CURVE() GEOMETRIC_REPRESENTATION_ITEM() 
RATIONAL_B_SPLINE_CURVE((1.,0.5,1.,0.5,1.,0.5,1.)) REPRESENTATION_ITEM(
  '') );
#793 = CARTESIAN_POINT('',(100.,-44.));
#794 = CARTESIAN_POINT('',(115.58845726812,-44.));
#795 = CARTESIAN_POINT('',(107.79422863406,-57.5));
#796 = CARTESIAN_POINT('',(100.,-71.));
#797 = CARTESIAN_POINT('',(92.20577136594,-57.5));
#798 = CARTESIAN_POINT('',(84.41154273188,-44.));
#799 = CARTESIAN_POINT('',(100.,-44.));
#800 = ( GEOMETRIC_REPRESENTATION_CONTEXT(2) 
PARAMETRIC_REPRESENTATION_CONTEXT() REPRESENTATION_CONTEXT('2D SPACE',''
  ) );
#801 = PCURVE('',#802,#807);
#802 = CYLINDRICAL_SURFACE('',#803,9.);
#803 = AXIS2_PLACEMENT_3D('',#804,#805,#806);
#804 = CARTESIAN_POINT('',(-89.95,-20.1,96.59));
#805 = DIRECTION('',(-0.,1.,-0.));
#806 = DIRECTION('',(1.,-0.,-0.));
#807 = DEFINITIONAL_REPRESENTATION('',(#808),#812);
#808 = LINE('',#809,#810);
#809 = CARTESIAN_POINT('',(-0.,-29.9));
#810 = VECTOR('',#811,1.);
#811 = DIRECTION('',(-1.,0.));
#812 = ( GEOMETRIC_REPRESENTATION_CONTEXT(2) 
PARAMETRIC_REPRESENTATION_CONTEXT() REPRESENTATION_CONTEXT('2D SPACE',''
  ) );
#813 = ORIENTED_EDGE('',*,*,#814,.F.);
#814 = EDGE_CURVE('',#815,#782,#817,.T.);
#815 = VERTEX_POINT('',#816);
#816 = CARTESIAN_POINT('',(-95.08775907066,-50.,89.200586509622));
#817 = SURFACE_CURVE('',#818,(#823,#834),.PCURVE_S1.);
#818 = CIRCLE('',#819,9.);
#819 = AXIS2_PLACEMENT_3D('',#820,#821,#822);
#820 = CARTESIAN_POINT('',(-89.95,-50.,96.59));
#821 = DIRECTION('',(-0.,-1.,-0.));
#822 = DIRECTION('',(1.,-0.,-0.));
#823 = PCURVE('',#44,#824);
#824 = DEFINITIONAL_REPRESENTATION('',(#825),#833);
#825 = ( BOUNDED_CURVE() B_SPLINE_CURVE(2,(#826,#827,#828,#829,#830,#831
,#832),.UNSPECIFIED.,.T.,.F.) B_SPLINE_CURVE_WITH_KNOTS((1,2,2,2,2,1),(
    -2.094395102393,0.,2.094395102393,4.188790204786,6.28318530718,
8.377580409573),.UNSPECIFIED.) CURVE() GEOMETRIC_REPRESENTATION_ITEM() 
RATIONAL_B_SPLINE_CURVE((1.,0.5,1.,0.5,1.,0.5,1.)) REPRESENTATION_ITEM(
  '') );
#826 = CARTESIAN_POINT('',(100.,-44.));
#827 = CARTESIAN_POINT('',(115.58845726812,-44.));
#828 = CARTESIAN_POINT('',(107.79422863406,-57.5));
#829 = CARTESIAN_POINT('',(100.,-71.));
#830 = CARTESIAN_POINT('',(92.20577136594,-57.5));
#831 = CARTESIAN_POINT('',(84.41154273188,-44.));
#832 = CARTESIAN_POINT('',(100.,-44.));
#833 = ( GEOMETRIC_REPRESENTATION_CONTEXT(2) 
PARAMETRIC_REPRESENTATION_CONTEXT() REPRESENTATION_CONTEXT('2D SPACE',''
  ) );
#834 = PCURVE('',#802,#835);
#835 = DEFINITIONAL_REPRESENTATION('',(#836),#840);
#836 = LINE('',#837,#838);
#837 = CARTESIAN_POINT('',(-0.,-29.9));
#838 = VECTOR('',#839,1.);
#839 = DIRECTION('',(-1.,0.));
#840 = ( GEOMETRIC_REPRESENTATION_CONTEXT(2) 
PARAMETRIC_REPRESENTATION_CONTEXT() REPRESENTATION_CONTEXT('2D SPACE',''
  ) );
#841 = ORIENTED_EDGE('',*,*,#842,.F.);
#842 = EDGE_CURVE('',#843,#815,#845,.T.);
#843 = VERTEX_POINT('',#844);
#844 = CARTESIAN_POINT('',(-71.44414822056,-50.,44.59));
#845 = SURFACE_CURVE('',#846,(#850,#857),.PCURVE_S1.);
#846 = LINE('',#847,#848);
#847 = CARTESIAN_POINT('',(-44.01858319975,-50.,-7.156349095871));
#848 = VECTOR('',#849,1.);
#849 = DIRECTION('',(-0.468293636984,-0.,0.883572899969));
#850 = PCURVE('',#44,#851);
#851 = DEFINITIONAL_REPRESENTATION('',(#852),#856);
#852 = LINE('',#853,#854);
#853 = CARTESIAN_POINT('',(-3.746349095871,-7.06858319975));
#854 = VECTOR('',#855,1.);
#855 = DIRECTION('',(0.883572899969,-0.468293636984));
#856 = ( GEOMETRIC_REPRESENTATION_CONTEXT(2) 
PARAMETRIC_REPRESENTATION_CONTEXT() REPRESENTATION_CONTEXT('2D SPACE',''
  ) );
#857 = PCURVE('',#858,#863);
#858 = PLANE('',#859);
#859 = AXIS2_PLACEMENT_3D('',#860,#861,#862);
#860 = CARTESIAN_POINT('',(-44.01858319975,-50.,-7.156349095871));
#861 = DIRECTION('',(0.883572899969,-0.,0.468293636984));
#862 = DIRECTION('',(0.468293636984,0.,-0.883572899969));
#863 = DEFINITIONAL_REPRESENTATION('',(#864),#868);
#864 = LINE('',#865,#866);
#865 = CARTESIAN_POINT('',(-0.,0.));
#866 = VECTOR('',#867,1.);
#867 = DIRECTION('',(-1.,0.));
#868 = ( GEOMETRIC_REPRESENTATION_CONTEXT(2) 
PARAMETRIC_REPRESENTATION_CONTEXT() REPRESENTATION_CONTEXT('2D SPACE',''
  ) );
#869 = ORIENTED_EDGE('',*,*,#870,.T.);
#870 = EDGE_CURVE('',#843,#871,#873,.T.);
#871 = VERTEX_POINT('',#872);
#872 = CARTESIAN_POINT('',(-76.95,-50.,44.59));
#873 = SURFACE_CURVE('',#874,(#878,#885),.PCURVE_S1.);
#874 = LINE('',#875,#876);
#875 = CARTESIAN_POINT('',(11.05,-50.,44.59));
#876 = VECTOR('',#877,1.);
#877 = DIRECTION('',(-1.,-0.,-0.));
#878 = PCURVE('',#44,#879);
#879 = DEFINITIONAL_REPRESENTATION('',(#880),#884);
#880 = LINE('',#881,#882);
#881 = CARTESIAN_POINT('',(48.,48.));
#882 = VECTOR('',#883,1.);
#883 = DIRECTION('',(-0.,-1.));
#884 = ( GEOMETRIC_REPRESENTATION_CONTEXT(2) 
PARAMETRIC_REPRESENTATION_CONTEXT() REPRESENTATION_CONTEXT('2D SPACE',''
  ) );
#885 = PCURVE('',#886,#891);
#886 = PLANE('',#887);
#887 = AXIS2_PLACEMENT_3D('',#888,#889,#890);
#888 = CARTESIAN_POINT('',(11.05,-50.,44.59));
#889 = DIRECTION('',(-0.,-0.,1.));
#890 = DIRECTION('',(1.,0.,0.));
#891 = DEFINITIONAL_REPRESENTATION('',(#892),#896);
#892 = LINE('',#893,#894);
#893 = CARTESIAN_POINT('',(0.,-0.));
#894 = VECTOR('',#895,1.);
#895 = DIRECTION('',(-1.,0.));
#896 = ( GEOMETRIC_REPRESENTATION_CONTEXT(2) 
PARAMETRIC_REPRESENTATION_CONTEXT() REPRESENTATION_CONTEXT('2D SPACE',''
  ) );
#897 = ORIENTED_EDGE('',*,*,#898,.T.);
#898 = EDGE_CURVE('',#871,#899,#901,.T.);
#899 = VERTEX_POINT('',#900);
#900 = CARTESIAN_POINT('',(-84.95,-50.,36.59));
#901 = SURFACE_CURVE('',#902,(#907,#918),.PCURVE_S1.);
#902 = CIRCLE('',#903,8.);
#903 = AXIS2_PLACEMENT_3D('',#904,#905,#906);
#904 = CARTESIAN_POINT('',(-76.95,-50.,36.59));
#905 = DIRECTION('',(0.,-1.,0.));
#906 = DIRECTION('',(-0.,-0.,1.));
#907 = PCURVE('',#44,#908);
#908 = DEFINITIONAL_REPRESENTATION('',(#909),#917);
#909 = ( BOUNDED_CURVE() B_SPLINE_CURVE(2,(#910,#911,#912,#913,#914,#915
,#916),.UNSPECIFIED.,.T.,.F.) B_SPLINE_CURVE_WITH_KNOTS((1,2,2,2,2,1),(
    -2.094395102393,0.,2.094395102393,4.188790204786,6.28318530718,
8.377580409573),.UNSPECIFIED.) CURVE() GEOMETRIC_REPRESENTATION_ITEM() 
RATIONAL_B_SPLINE_CURVE((1.,0.5,1.,0.5,1.,0.5,1.)) REPRESENTATION_ITEM(
  '') );
#910 = CARTESIAN_POINT('',(48.,-40.));
#911 = CARTESIAN_POINT('',(48.,-53.85640646055));
#912 = CARTESIAN_POINT('',(36.,-46.92820323027));
#913 = CARTESIAN_POINT('',(24.,-40.));
#914 = CARTESIAN_POINT('',(36.,-33.07179676972));
#915 = CARTESIAN_POINT('',(48.,-26.14359353944));
#916 = CARTESIAN_POINT('',(48.,-40.));
#917 = ( GEOMETRIC_REPRESENTATION_CONTEXT(2) 
PARAMETRIC_REPRESENTATION_CONTEXT() REPRESENTATION_CONTEXT('2D SPACE',''
  ) );
#918 = PCURVE('',#919,#924);
#919 = CYLINDRICAL_SURFACE('',#920,8.);
#920 = AXIS2_PLACEMENT_3D('',#921,#922,#923);
#921 = CARTESIAN_POINT('',(-76.95,-50.,36.59));
#922 = DIRECTION('',(-0.,-1.,-0.));
#923 = DIRECTION('',(-0.,-0.,1.));
#924 = DEFINITIONAL_REPRESENTATION('',(#925),#929);
#925 = LINE('',#926,#927);
#926 = CARTESIAN_POINT('',(-6.28318530718,0.));
#927 = VECTOR('',#928,1.);
#928 = DIRECTION('',(1.,-0.));
#929 = ( GEOMETRIC_REPRESENTATION_CONTEXT(2) 
PARAMETRIC_REPRESENTATION_CONTEXT() REPRESENTATION_CONTEXT('2D SPACE',''
  ) );
#930 = ORIENTED_EDGE('',*,*,#931,.T.);
#931 = EDGE_CURVE('',#899,#932,#934,.T.);
#932 = VERTEX_POINT('',#933);
#933 = CARTESIAN_POINT('',(-84.95,-50.,-43.41));
#934 = SURFACE_CURVE('',#935,(#939,#946),.PCURVE_S1.);
#935 = LINE('',#936,#937);
#936 = CARTESIAN_POINT('',(-84.95,-50.,44.59));
#937 = VECTOR('',#938,1.);
#938 = DIRECTION('',(-0.,-0.,-1.));
#939 = PCURVE('',#44,#940);
#940 = DEFINITIONAL_REPRESENTATION('',(#941),#945);
#941 = LINE('',#942,#943);
#942 = CARTESIAN_POINT('',(48.,-48.));
#943 = VECTOR('',#944,1.);
#944 = DIRECTION('',(-1.,0.));
#945 = ( GEOMETRIC_REPRESENTATION_CONTEXT(2) 
PARAMETRIC_REPRESENTATION_CONTEXT() REPRESENTATION_CONTEXT('2D SPACE',''
  ) );
#946 = PCURVE('',#947,#952);
#947 = PLANE('',#948);
#948 = AXIS2_PLACEMENT_3D('',#949,#950,#951);
#949 = CARTESIAN_POINT('',(-84.95,-50.,44.59));
#950 = DIRECTION('',(-1.,0.,-0.));
#951 = DIRECTION('',(0.,0.,1.));
#952 = DEFINITIONAL_REPRESENTATION('',(#953),#957);
#953 = LINE('',#954,#955);
#954 = CARTESIAN_POINT('',(0.,-0.));
#955 = VECTOR('',#956,1.);
#956 = DIRECTION('',(-1.,0.));
#957 = ( GEOMETRIC_REPRESENTATION_CONTEXT(2) 
PARAMETRIC_REPRESENTATION_CONTEXT() REPRESENTATION_CONTEXT('2D SPACE',''
  ) );
#958 = ORIENTED_EDGE('',*,*,#959,.F.);
#959 = EDGE_CURVE('',#960,#932,#962,.T.);
#960 = VERTEX_POINT('',#961);
#961 = CARTESIAN_POINT('',(-84.77324771883,-50.,-45.08236214073));
#962 = SURFACE_CURVE('',#963,(#968,#975),.PCURVE_S1.);
#963 = CIRCLE('',#964,8.);
#964 = AXIS2_PLACEMENT_3D('',#965,#966,#967);
#965 = CARTESIAN_POINT('',(-76.95,-50.,-43.41));
#966 = DIRECTION('',(0.,1.,0.));
#967 = DIRECTION('',(-0.,-0.,1.));
#968 = PCURVE('',#44,#969);
#969 = DEFINITIONAL_REPRESENTATION('',(#970),#974);
#970 = CIRCLE('',#971,8.);
#971 = AXIS2_PLACEMENT_2D('',#972,#973);
#972 = CARTESIAN_POINT('',(-40.,-40.));
#973 = DIRECTION('',(1.,-0.));
#974 = ( GEOMETRIC_REPRESENTATION_CONTEXT(2) 
PARAMETRIC_REPRESENTATION_CONTEXT() REPRESENTATION_CONTEXT('2D SPACE',''
  ) );
#975 = PCURVE('',#976,#981);
#976 = CYLINDRICAL_SURFACE('',#977,8.);
#977 = AXIS2_PLACEMENT_3D('',#978,#979,#980);
#978 = CARTESIAN_POINT('',(-76.95,-50.,-43.41));
#979 = DIRECTION('',(-0.,-1.,-0.));
#980 = DIRECTION('',(-0.,-0.,-1.));
#981 = DEFINITIONAL_REPRESENTATION('',(#982),#986);
#982 = LINE('',#983,#984);
#983 = CARTESIAN_POINT('',(3.14159265359,-0.));
#984 = VECTOR('',#985,1.);
#985 = DIRECTION('',(-1.,0.));
#986 = ( GEOMETRIC_REPRESENTATION_CONTEXT(2) 
PARAMETRIC_REPRESENTATION_CONTEXT() REPRESENTATION_CONTEXT('2D SPACE',''
  ) );
#987 = ORIENTED_EDGE('',*,*,#988,.F.);
#988 = EDGE_CURVE('',#989,#960,#991,.T.);
#989 = VERTEX_POINT('',#990);
#990 = CARTESIAN_POINT('',(-84.7988921416,-50.,-46.44645702152));
#991 = SURFACE_CURVE('',#992,(#997,#1008),.PCURVE_S1.);
#992 = CIRCLE('',#993,3.);
#993 = AXIS2_PLACEMENT_3D('',#994,#995,#996);
#994 = CARTESIAN_POINT('',(-87.70696561339,-50.,-45.70949794351));
#995 = DIRECTION('',(0.,-1.,0.));
#996 = DIRECTION('',(-0.,-0.,1.));
#997 = PCURVE('',#44,#998);
#998 = DEFINITIONAL_REPRESENTATION('',(#999),#1007);
#999 = ( BOUNDED_CURVE() B_SPLINE_CURVE(2,(#1000,#1001,#1002,#1003,#1004
,#1005,#1006),.UNSPECIFIED.,.T.,.F.) B_SPLINE_CURVE_WITH_KNOTS((1,2,2,2,
    2,1),(-2.094395102393,0.,2.094395102393,4.188790204786,6.28318530718
,8.377580409573),.UNSPECIFIED.) CURVE() GEOMETRIC_REPRESENTATION_ITEM() 
RATIONAL_B_SPLINE_CURVE((1.,0.5,1.,0.5,1.,0.5,1.)) REPRESENTATION_ITEM(
  '') );
#1000 = CARTESIAN_POINT('',(-39.29949794351,-50.75696561339));
#1001 = CARTESIAN_POINT('',(-39.29949794351,-55.95311803609));
#1002 = CARTESIAN_POINT('',(-43.79949794351,-53.35504182474));
#1003 = CARTESIAN_POINT('',(-48.29949794351,-50.75696561339));
#1004 = CARTESIAN_POINT('',(-43.79949794351,-48.15888940203));
#1005 = CARTESIAN_POINT('',(-39.29949794351,-45.56081319068));
#1006 = CARTESIAN_POINT('',(-39.29949794351,-50.75696561339));
#1007 = ( GEOMETRIC_REPRESENTATION_CONTEXT(2) 
PARAMETRIC_REPRESENTATION_CONTEXT() REPRESENTATION_CONTEXT('2D SPACE',''
  ) );
#1008 = PCURVE('',#1009,#1014);
#1009 = CYLINDRICAL_SURFACE('',#1010,3.);
#1010 = AXIS2_PLACEMENT_3D('',#1011,#1012,#1013);
#1011 = CARTESIAN_POINT('',(-87.70696561339,-50.,-45.70949794351));
#1012 = DIRECTION('',(-0.,-1.,-0.));
#1013 = DIRECTION('',(0.969357823931,-0.,-0.245653026002));
#1014 = DEFINITIONAL_REPRESENTATION('',(#1015),#1019);
#1015 = LINE('',#1016,#1017);
#1016 = CARTESIAN_POINT('',(-10.74738098379,0.));
#1017 = VECTOR('',#1018,1.);
#1018 = DIRECTION('',(1.,-0.));
#1019 = ( GEOMETRIC_REPRESENTATION_CONTEXT(2) 
PARAMETRIC_REPRESENTATION_CONTEXT() REPRESENTATION_CONTEXT('2D SPACE',''
  ) );
#1020 = ORIENTED_EDGE('',*,*,#1021,.T.);
#1021 = EDGE_CURVE('',#989,#1022,#1024,.T.);
#1022 = VERTEX_POINT('',#1023);
#1023 = CARTESIAN_POINT('',(-98.67422041537,-50.,-101.1991227659));
#1024 = SURFACE_CURVE('',#1025,(#1029,#1036),.PCURVE_S1.);
#1025 = LINE('',#1026,#1027);
#1026 = CARTESIAN_POINT('',(-82.34923136667,-50.,-36.77998607754));
#1027 = VECTOR('',#1028,1.);
#1028 = DIRECTION('',(-0.245653026002,-0.,-0.969357823931));
#1029 = PCURVE('',#44,#1030);
#1030 = DEFINITIONAL_REPRESENTATION('',(#1031),#1035);
#1031 = LINE('',#1032,#1033);
#1032 = CARTESIAN_POINT('',(-33.36998607754,-45.39923136667));
#1033 = VECTOR('',#1034,1.);
#1034 = DIRECTION('',(-0.969357823931,-0.245653026002));
#1035 = ( GEOMETRIC_REPRESENTATION_CONTEXT(2) 
PARAMETRIC_REPRESENTATION_CONTEXT() REPRESENTATION_CONTEXT('2D SPACE',''
  ) );
#1036 = PCURVE('',#1037,#1042);
#1037 = PLANE('',#1038);
#1038 = AXIS2_PLACEMENT_3D('',#1039,#1040,#1041);
#1039 = CARTESIAN_POINT('',(-82.34923136667,-50.,-36.77998607754));
#1040 = DIRECTION('',(-0.969357823931,-0.,0.245653026002));
#1041 = DIRECTION('',(0.245653026002,0.,0.969357823931));
#1042 = DEFINITIONAL_REPRESENTATION('',(#1043),#1047);
#1043 = LINE('',#1044,#1045);
#1044 = CARTESIAN_POINT('',(0.,-0.));
#1045 = VECTOR('',#1046,1.);
#1046 = DIRECTION('',(-1.,0.));
#1047 = ( GEOMETRIC_REPRESENTATION_CONTEXT(2) 
PARAMETRIC_REPRESENTATION_CONTEXT() REPRESENTATION_CONTEXT('2D SPACE',''
  ) );
#1048 = ORIENTED_EDGE('',*,*,#1049,.F.);
#1049 = EDGE_CURVE('',#1050,#1022,#1052,.T.);
#1050 = VERTEX_POINT('',#1051);
#1051 = CARTESIAN_POINT('',(-80.95,-50.,-103.41));
#1052 = SURFACE_CURVE('',#1053,(#1058,#1069),.PCURVE_S1.);
#1053 = CIRCLE('',#1054,9.);
#1054 = AXIS2_PLACEMENT_3D('',#1055,#1056,#1057);
#1055 = CARTESIAN_POINT('',(-89.95,-50.,-103.41));
#1056 = DIRECTION('',(-0.,-1.,-0.));
#1057 = DIRECTION('',(1.,-0.,-0.));
#1058 = PCURVE('',#44,#1059);
#1059 = DEFINITIONAL_REPRESENTATION('',(#1060),#1068);
#1060 = ( BOUNDED_CURVE() B_SPLINE_CURVE(2,(#1061,#1062,#1063,#1064,
#1065,#1066,#1067),.UNSPECIFIED.,.T.,.F.) B_SPLINE_CURVE_WITH_KNOTS((1,2
    ,2,2,2,1),(-2.094395102393,0.,2.094395102393,4.188790204786,
6.28318530718,8.377580409573),.UNSPECIFIED.) CURVE() 
GEOMETRIC_REPRESENTATION_ITEM() RATIONAL_B_SPLINE_CURVE((1.,0.5,1.,0.5,
1.,0.5,1.)) REPRESENTATION_ITEM('') );
#1061 = CARTESIAN_POINT('',(-100.,-44.));
#1062 = CARTESIAN_POINT('',(-84.41154273188,-44.));
#1063 = CARTESIAN_POINT('',(-92.20577136594,-57.5));
#1064 = CARTESIAN_POINT('',(-100.,-71.));
#1065 = CARTESIAN_POINT('',(-107.794228634,-57.5));
#1066 = CARTESIAN_POINT('',(-115.5884572681,-44.));
#1067 = CARTESIAN_POINT('',(-100.,-44.));
#1068 = ( GEOMETRIC_REPRESENTATION_CONTEXT(2) 
PARAMETRIC_REPRESENTATION_CONTEXT() REPRESENTATION_CONTEXT('2D SPACE',''
  ) );
#1069 = PCURVE('',#1070,#1075);
#1070 = CYLINDRICAL_SURFACE('',#1071,9.);
#1071 = AXIS2_PLACEMENT_3D('',#1072,#1073,#1074);
#1072 = CARTESIAN_POINT('',(-89.95,-20.1,-103.41));
#1073 = DIRECTION('',(-0.,1.,-0.));
#1074 = DIRECTION('',(1.,-0.,-0.));
#1075 = DEFINITIONAL_REPRESENTATION('',(#1076),#1080);
#1076 = LINE('',#1077,#1078);
#1077 = CARTESIAN_POINT('',(-0.,-29.9));
#1078 = VECTOR('',#1079,1.);
#1079 = DIRECTION('',(-1.,0.));
#1080 = ( GEOMETRIC_REPRESENTATION_CONTEXT(2) 
PARAMETRIC_REPRESENTATION_CONTEXT() REPRESENTATION_CONTEXT('2D SPACE',''
  ) );
#1081 = ORIENTED_EDGE('',*,*,#1082,.F.);
#1082 = EDGE_CURVE('',#1083,#1050,#1085,.T.);
#1083 = VERTEX_POINT('',#1084);
#1084 = CARTESIAN_POINT('',(-80.97236318903,-50.,-104.0440641059));
#1085 = SURFACE_CURVE('',#1086,(#1091,#1102),.PCURVE_S1.);
#1086 = CIRCLE('',#1087,9.);
#1087 = AXIS2_PLACEMENT_3D('',#1088,#1089,#1090);
#1088 = CARTESIAN_POINT('',(-89.95,-50.,-103.41));
#1089 = DIRECTION('',(-0.,-1.,-0.));
#1090 = DIRECTION('',(1.,-0.,-0.));
#1091 = PCURVE('',#44,#1092);
#1092 = DEFINITIONAL_REPRESENTATION('',(#1093),#1101);
#1093 = ( BOUNDED_CURVE() B_SPLINE_CURVE(2,(#1094,#1095,#1096,#1097,
#1098,#1099,#1100),.UNSPECIFIED.,.T.,.F.) B_SPLINE_CURVE_WITH_KNOTS((1,2
    ,2,2,2,1),(-2.094395102393,0.,2.094395102393,4.188790204786,
6.28318530718,8.377580409573),.UNSPECIFIED.) CURVE() 
GEOMETRIC_REPRESENTATION_ITEM() RATIONAL_B_SPLINE_CURVE((1.,0.5,1.,0.5,
1.,0.5,1.)) REPRESENTATION_ITEM('') );
#1094 = CARTESIAN_POINT('',(-100.,-44.));
#1095 = CARTESIAN_POINT('',(-84.41154273188,-44.));
#1096 = CARTESIAN_POINT('',(-92.20577136594,-57.5));
#1097 = CARTESIAN_POINT('',(-100.,-71.));
#1098 = CARTESIAN_POINT('',(-107.794228634,-57.5));
#1099 = CARTESIAN_POINT('',(-115.5884572681,-44.));
#1100 = CARTESIAN_POINT('',(-100.,-44.));
#1101 = ( GEOMETRIC_REPRESENTATION_CONTEXT(2) 
PARAMETRIC_REPRESENTATION_CONTEXT() REPRESENTATION_CONTEXT('2D SPACE',''
  ) );
#1102 = PCURVE('',#1070,#1103);
#1103 = DEFINITIONAL_REPRESENTATION('',(#1104),#1108);
#1104 = LINE('',#1105,#1106);
#1105 = CARTESIAN_POINT('',(-0.,-29.9));
#1106 = VECTOR('',#1107,1.);
#1107 = DIRECTION('',(-1.,0.));
#1108 = ( GEOMETRIC_REPRESENTATION_CONTEXT(2) 
PARAMETRIC_REPRESENTATION_CONTEXT() REPRESENTATION_CONTEXT('2D SPACE',''
  ) );
#1109 = ORIENTED_EDGE('',*,*,#1110,.T.);
#1110 = EDGE_CURVE('',#1083,#172,#1111,.T.);
#1111 = SURFACE_CURVE('',#1112,(#1116,#1123),.PCURVE_S1.);
#1112 = LINE('',#1113,#1114);
#1113 = CARTESIAN_POINT('',(-80.97236318903,-50.,-104.0440641059));
#1114 = VECTOR('',#1115,1.);
#1115 = DIRECTION('',(7.045156732569E-02,-0.,0.997515201218));
#1116 = PCURVE('',#44,#1117);
#1117 = DEFINITIONAL_REPRESENTATION('',(#1118),#1122);
#1118 = LINE('',#1119,#1120);
#1119 = CARTESIAN_POINT('',(-100.6340641059,-44.02236318903));
#1120 = VECTOR('',#1121,1.);
#1121 = DIRECTION('',(0.997515201218,7.045156732569E-02));
#1122 = ( GEOMETRIC_REPRESENTATION_CONTEXT(2) 
PARAMETRIC_REPRESENTATION_CONTEXT() REPRESENTATION_CONTEXT('2D SPACE',''
  ) );
#1123 = PCURVE('',#1124,#1129);
#1124 = PLANE('',#1125);
#1125 = AXIS2_PLACEMENT_3D('',#1126,#1127,#1128);
#1126 = CARTESIAN_POINT('',(-80.97236318903,-50.,-104.0440641059));
#1127 = DIRECTION('',(0.997515201218,-0.,-7.045156732569E-02));
#1128 = DIRECTION('',(-7.045156732569E-02,0.,-0.997515201218));
#1129 = DEFINITIONAL_REPRESENTATION('',(#1130),#1134);
#1130 = LINE('',#1131,#1132);
#1131 = CARTESIAN_POINT('',(-0.,0.));
#1132 = VECTOR('',#1133,1.);
#1133 = DIRECTION('',(-1.,0.));
#1134 = ( GEOMETRIC_REPRESENTATION_CONTEXT(2) 
PARAMETRIC_REPRESENTATION_CONTEXT() REPRESENTATION_CONTEXT('2D SPACE',''
  ) );
#1135 = FACE_BOUND('',#1136,.F.);
#1136 = EDGE_LOOP('',(#1137));
#1137 = ORIENTED_EDGE('',*,*,#1138,.F.);
#1138 = EDGE_CURVE('',#1139,#1139,#1141,.T.);
#1139 = VERTEX_POINT('',#1140);
#1140 = CARTESIAN_POINT('',(-70.45,-50.,32.34));
#1141 = SURFACE_CURVE('',#1142,(#1147,#1158),.PCURVE_S1.);
#1142 = CIRCLE('',#1143,2.25);
#1143 = AXIS2_PLACEMENT_3D('',#1144,#1145,#1146);
#1144 = CARTESIAN_POINT('',(-72.7,-50.,32.34));
#1145 = DIRECTION('',(-0.,-1.,-0.));
#1146 = DIRECTION('',(1.,-0.,-0.));
#1147 = PCURVE('',#44,#1148);
#1148 = DEFINITIONAL_REPRESENTATION('',(#1149),#1157);
#1149 = ( BOUNDED_CURVE() B_SPLINE_CURVE(2,(#1150,#1151,#1152,#1153,
#1154,#1155,#1156),.UNSPECIFIED.,.T.,.F.) B_SPLINE_CURVE_WITH_KNOTS((1,2
    ,2,2,2,1),(-2.094395102393,0.,2.094395102393,4.188790204786,
6.28318530718,8.377580409573),.UNSPECIFIED.) CURVE() 
GEOMETRIC_REPRESENTATION_ITEM() RATIONAL_B_SPLINE_CURVE((1.,0.5,1.,0.5,
1.,0.5,1.)) REPRESENTATION_ITEM('') );
#1150 = CARTESIAN_POINT('',(35.75,-33.5));
#1151 = CARTESIAN_POINT('',(39.64711431703,-33.5));
#1152 = CARTESIAN_POINT('',(37.698557158515,-36.875));
#1153 = CARTESIAN_POINT('',(35.75,-40.25));
#1154 = CARTESIAN_POINT('',(33.801442841485,-36.875));
#1155 = CARTESIAN_POINT('',(31.85288568297,-33.5));
#1156 = CARTESIAN_POINT('',(35.75,-33.5));
#1157 = ( GEOMETRIC_REPRESENTATION_CONTEXT(2) 
PARAMETRIC_REPRESENTATION_CONTEXT() REPRESENTATION_CONTEXT('2D SPACE',''
  ) );
#1158 = PCURVE('',#1159,#1164);
#1159 = CYLINDRICAL_SURFACE('',#1160,2.25);
#1160 = AXIS2_PLACEMENT_3D('',#1161,#1162,#1163);
#1161 = CARTESIAN_POINT('',(-72.7,-49.,32.34));
#1162 = DIRECTION('',(-0.,1.,-0.));
#1163 = DIRECTION('',(1.,-0.,-0.));
#1164 = DEFINITIONAL_REPRESENTATION('',(#1165),#1169);
#1165 = LINE('',#1166,#1167);
#1166 = CARTESIAN_POINT('',(-0.,-1.));
#1167 = VECTOR('',#1168,1.);
#1168 = DIRECTION('',(-1.,0.));
#1169 = ( GEOMETRIC_REPRESENTATION_CONTEXT(2) 
PARAMETRIC_REPRESENTATION_CONTEXT() REPRESENTATION_CONTEXT('2D SPACE',''
  ) );
#1170 = FACE_BOUND('',#1171,.F.);
#1171 = EDGE_LOOP('',(#1172));
#1172 = ORIENTED_EDGE('',*,*,#1173,.F.);
#1173 = EDGE_CURVE('',#1174,#1174,#1176,.T.);
#1174 = VERTEX_POINT('',#1175);
#1175 = CARTESIAN_POINT('',(-70.45,-50.,-39.16));
#1176 = SURFACE_CURVE('',#1177,(#1182,#1193),.PCURVE_S1.);
#1177 = CIRCLE('',#1178,2.25);
#1178 = AXIS2_PLACEMENT_3D('',#1179,#1180,#1181);
#1179 = CARTESIAN_POINT('',(-72.7,-50.,-39.16));
#1180 = DIRECTION('',(-0.,-1.,-0.));
#1181 = DIRECTION('',(1.,-0.,-0.));
#1182 = PCURVE('',#44,#1183);
#1183 = DEFINITIONAL_REPRESENTATION('',(#1184),#1192);
#1184 = ( BOUNDED_CURVE() B_SPLINE_CURVE(2,(#1185,#1186,#1187,#1188,
#1189,#1190,#1191),.UNSPECIFIED.,.T.,.F.) B_SPLINE_CURVE_WITH_KNOTS((1,2
    ,2,2,2,1),(-2.094395102393,0.,2.094395102393,4.188790204786,
6.28318530718,8.377580409573),.UNSPECIFIED.) CURVE() 
GEOMETRIC_REPRESENTATION_ITEM() RATIONAL_B_SPLINE_CURVE((1.,0.5,1.,0.5,
1.,0.5,1.)) REPRESENTATION_ITEM('') );
#1185 = CARTESIAN_POINT('',(-35.75,-33.5));
#1186 = CARTESIAN_POINT('',(-31.85288568297,-33.5));
#1187 = CARTESIAN_POINT('',(-33.80144284148,-36.875));
#1188 = CARTESIAN_POINT('',(-35.75,-40.25));
#1189 = CARTESIAN_POINT('',(-37.69855715851,-36.875));
#1190 = CARTESIAN_POINT('',(-39.64711431703,-33.5));
#1191 = CARTESIAN_POINT('',(-35.75,-33.5));
#1192 = ( GEOMETRIC_REPRESENTATION_CONTEXT(2) 
PARAMETRIC_REPRESENTATION_CONTEXT() REPRESENTATION_CONTEXT('2D SPACE',''
  ) );
#1193 = PCURVE('',#1194,#1199);
#1194 = CYLINDRICAL_SURFACE('',#1195,2.25);
#1195 = AXIS2_PLACEMENT_3D('',#1196,#1197,#1198);
#1196 = CARTESIAN_POINT('',(-72.7,-49.,-39.16));
#1197 = DIRECTION('',(-0.,1.,-0.));
#1198 = DIRECTION('',(1.,-0.,-0.));
#1199 = DEFINITIONAL_REPRESENTATION('',(#1200),#1204);
#1200 = LINE('',#1201,#1202);
#1201 = CARTESIAN_POINT('',(-0.,-1.));
#1202 = VECTOR('',#1203,1.);
#1203 = DIRECTION('',(-1.,0.));
#1204 = ( GEOMETRIC_REPRESENTATION_CONTEXT(2) 
PARAMETRIC_REPRESENTATION_CONTEXT() REPRESENTATION_CONTEXT('2D SPACE',''
  ) );
#1205 = FACE_BOUND('',#1206,.F.);
#1206 = EDGE_LOOP('',(#1207));
#1207 = ORIENTED_EDGE('',*,*,#1208,.F.);
#1208 = EDGE_CURVE('',#1209,#1209,#1211,.T.);
#1209 = VERTEX_POINT('',#1210);
#1210 = CARTESIAN_POINT('',(1.05,-50.,32.34));
#1211 = SURFACE_CURVE('',#1212,(#1217,#1228),.PCURVE_S1.);
#1212 = CIRCLE('',#1213,2.25);
#1213 = AXIS2_PLACEMENT_3D('',#1214,#1215,#1216);
#1214 = CARTESIAN_POINT('',(-1.2,-50.,32.34));
#1215 = DIRECTION('',(-0.,-1.,-0.));
#1216 = DIRECTION('',(1.,-0.,-0.));
#1217 = PCURVE('',#44,#1218);
#1218 = DEFINITIONAL_REPRESENTATION('',(#1219),#1227);
#1219 = ( BOUNDED_CURVE() B_SPLINE_CURVE(2,(#1220,#1221,#1222,#1223,
#1224,#1225,#1226),.UNSPECIFIED.,.T.,.F.) B_SPLINE_CURVE_WITH_KNOTS((1,2
    ,2,2,2,1),(-2.094395102393,0.,2.094395102393,4.188790204786,
6.28318530718,8.377580409573),.UNSPECIFIED.) CURVE() 
GEOMETRIC_REPRESENTATION_ITEM() RATIONAL_B_SPLINE_CURVE((1.,0.5,1.,0.5,
1.,0.5,1.)) REPRESENTATION_ITEM('') );
#1220 = CARTESIAN_POINT('',(35.75,38.));
#1221 = CARTESIAN_POINT('',(39.64711431703,38.));
#1222 = CARTESIAN_POINT('',(37.698557158515,34.625));
#1223 = CARTESIAN_POINT('',(35.75,31.25));
#1224 = CARTESIAN_POINT('',(33.801442841485,34.625));
#1225 = CARTESIAN_POINT('',(31.85288568297,38.));
#1226 = CARTESIAN_POINT('',(35.75,38.));
#1227 = ( GEOMETRIC_REPRESENTATION_CONTEXT(2) 
PARAMETRIC_REPRESENTATION_CONTEXT() REPRESENTATION_CONTEXT('2D SPACE',''
  ) );
#1228 = PCURVE('',#1229,#1234);
#1229 = CYLINDRICAL_SURFACE('',#1230,2.25);
#1230 = AXIS2_PLACEMENT_3D('',#1231,#1232,#1233);
#1231 = CARTESIAN_POINT('',(-1.2,-49.,32.34));
#1232 = DIRECTION('',(-0.,1.,-0.));
#1233 = DIRECTION('',(1.,-0.,-0.));
#1234 = DEFINITIONAL_REPRESENTATION('',(#1235),#1239);
#1235 = LINE('',#1236,#1237);
#1236 = CARTESIAN_POINT('',(-0.,-1.));
#1237 = VECTOR('',#1238,1.);
#1238 = DIRECTION('',(-1.,0.));
#1239 = ( GEOMETRIC_REPRESENTATION_CONTEXT(2) 
PARAMETRIC_REPRESENTATION_CONTEXT() REPRESENTATION_CONTEXT('2D SPACE',''
  ) );
#1240 = FACE_BOUND('',#1241,.F.);
#1241 = EDGE_LOOP('',(#1242));
#1242 = ORIENTED_EDGE('',*,*,#1243,.F.);
#1243 = EDGE_CURVE('',#1244,#1244,#1246,.T.);
#1244 = VERTEX_POINT('',#1245);
#1245 = CARTESIAN_POINT('',(1.05,-50.,-3.41));
#1246 = SURFACE_CURVE('',#1247,(#1252,#1263),.PCURVE_S1.);
#1247 = CIRCLE('',#1248,38.);
#1248 = AXIS2_PLACEMENT_3D('',#1249,#1250,#1251);
#1249 = CARTESIAN_POINT('',(-36.95,-50.,-3.41));
#1250 = DIRECTION('',(-0.,-1.,-0.));
#1251 = DIRECTION('',(1.,-0.,-0.));
#1252 = PCURVE('',#44,#1253);
#1253 = DEFINITIONAL_REPRESENTATION('',(#1254),#1262);
#1254 = ( BOUNDED_CURVE() B_SPLINE_CURVE(2,(#1255,#1256,#1257,#1258,
#1259,#1260,#1261),.UNSPECIFIED.,.T.,.F.) B_SPLINE_CURVE_WITH_KNOTS((1,2
    ,2,2,2,1),(-2.094395102393,0.,2.094395102393,4.188790204786,
6.28318530718,8.377580409573),.UNSPECIFIED.) CURVE() 
GEOMETRIC_REPRESENTATION_ITEM() RATIONAL_B_SPLINE_CURVE((1.,0.5,1.,0.5,
1.,0.5,1.)) REPRESENTATION_ITEM('') );
#1255 = CARTESIAN_POINT('',(0.,38.));
#1256 = CARTESIAN_POINT('',(65.817930687617,38.));
#1257 = CARTESIAN_POINT('',(32.908965343809,-19.));
#1258 = CARTESIAN_POINT('',(9.30731567352E-15,-76.));
#1259 = CARTESIAN_POINT('',(-32.9089653438,-19.));
#1260 = CARTESIAN_POINT('',(-65.81793068761,38.));
#1261 = CARTESIAN_POINT('',(0.,38.));
#1262 = ( GEOMETRIC_REPRESENTATION_CONTEXT(2) 
PARAMETRIC_REPRESENTATION_CONTEXT() REPRESENTATION_CONTEXT('2D SPACE',''
  ) );
#1263 = PCURVE('',#1264,#1269);
#1264 = CYLINDRICAL_SURFACE('',#1265,38.);
#1265 = AXIS2_PLACEMENT_3D('',#1266,#1267,#1268);
#1266 = CARTESIAN_POINT('',(-36.95,-49.,-3.41));
#1267 = DIRECTION('',(-0.,1.,-0.));
#1268 = DIRECTION('',(1.,-0.,-0.));
#1269 = DEFINITIONAL_REPRESENTATION('',(#1270),#1274);
#1270 = LINE('',#1271,#1272);
#1271 = CARTESIAN_POINT('',(-0.,-1.));
#1272 = VECTOR('',#1273,1.);
#1273 = DIRECTION('',(-1.,0.));
#1274 = ( GEOMETRIC_REPRESENTATION_CONTEXT(2) 
PARAMETRIC_REPRESENTATION_CONTEXT() REPRESENTATION_CONTEXT('2D SPACE',''
  ) );
#1275 = FACE_BOUND('',#1276,.F.);
#1276 = EDGE_LOOP('',(#1277));
#1277 = ORIENTED_EDGE('',*,*,#1278,.F.);
#1278 = EDGE_CURVE('',#1279,#1279,#1281,.T.);
#1279 = VERTEX_POINT('',#1280);
#1280 = CARTESIAN_POINT('',(1.05,-50.,-39.16));
#1281 = SURFACE_CURVE('',#1282,(#1287,#1298),.PCURVE_S1.);
#1282 = CIRCLE('',#1283,2.25);
#1283 = AXIS2_PLACEMENT_3D('',#1284,#1285,#1286);
#1284 = CARTESIAN_POINT('',(-1.2,-50.,-39.16));
#1285 = DIRECTION('',(-0.,-1.,-0.));
#1286 = DIRECTION('',(1.,-0.,-0.));
#1287 = PCURVE('',#44,#1288);
#1288 = DEFINITIONAL_REPRESENTATION('',(#1289),#1297);
#1289 = ( BOUNDED_CURVE() B_SPLINE_CURVE(2,(#1290,#1291,#1292,#1293,
#1294,#1295,#1296),.UNSPECIFIED.,.T.,.F.) B_SPLINE_CURVE_WITH_KNOTS((1,2
    ,2,2,2,1),(-2.094395102393,0.,2.094395102393,4.188790204786,
6.28318530718,8.377580409573),.UNSPECIFIED.) CURVE() 
GEOMETRIC_REPRESENTATION_ITEM() RATIONAL_B_SPLINE_CURVE((1.,0.5,1.,0.5,
1.,0.5,1.)) REPRESENTATION_ITEM('') );
#1290 = CARTESIAN_POINT('',(-35.75,38.));
#1291 = CARTESIAN_POINT('',(-31.85288568297,38.));
#1292 = CARTESIAN_POINT('',(-33.80144284148,34.625));
#1293 = CARTESIAN_POINT('',(-35.75,31.25));
#1294 = CARTESIAN_POINT('',(-37.69855715851,34.625));
#1295 = CARTESIAN_POINT('',(-39.64711431703,38.));
#1296 = CARTESIAN_POINT('',(-35.75,38.));
#1297 = ( GEOMETRIC_REPRESENTATION_CONTEXT(2) 
PARAMETRIC_REPRESENTATION_CONTEXT() REPRESENTATION_CONTEXT('2D SPACE',''
  ) );
#1298 = PCURVE('',#1299,#1304);
#1299 = CYLINDRICAL_SURFACE('',#1300,2.25);
#1300 = AXIS2_PLACEMENT_3D('',#1301,#1302,#1303);
#1301 = CARTESIAN_POINT('',(-1.2,-49.,-39.16));
#1302 = DIRECTION('',(-0.,1.,-0.));
#1303 = DIRECTION('',(1.,-0.,-0.));
#1304 = DEFINITIONAL_REPRESENTATION('',(#1305),#1309);
#1305 = LINE('',#1306,#1307);
#1306 = CARTESIAN_POINT('',(-0.,-1.));
#1307 = VECTOR('',#1308,1.);
#1308 = DIRECTION('',(-1.,0.));
#1309 = ( GEOMETRIC_REPRESENTATION_CONTEXT(2) 
PARAMETRIC_REPRESENTATION_CONTEXT() REPRESENTATION_CONTEXT('2D SPACE',''
  ) );
#1310 = ADVANCED_FACE('',(#1311),#76,.T.);
#1311 = FACE_BOUND('',#1312,.T.);
#1312 = EDGE_LOOP('',(#1313,#1314,#1315,#1425));
#1313 = ORIENTED_EDGE('',*,*,#171,.T.);
#1314 = ORIENTED_EDGE('',*,*,#56,.T.);
#1315 = ORIENTED_EDGE('',*,*,#1316,.F.);
#1316 = EDGE_CURVE('',#1317,#57,#1319,.T.);
#1317 = VERTEX_POINT('',#1318);
#1318 = CARTESIAN_POINT('',(-77.45192773629,-54.,-54.19864529802));
#1319 = SURFACE_CURVE('',#1320,(#1353,#1389),.PCURVE_S1.);
#1320 = B_SPLINE_CURVE_WITH_KNOTS('',6,(#1321,#1322,#1323,#1324,#1325,
    #1326,#1327,#1328,#1329,#1330,#1331,#1332,#1333,#1334,#1335,#1336,
    #1337,#1338,#1339,#1340,#1341,#1342,#1343,#1344,#1345,#1346,#1347,
    #1348,#1349,#1350,#1351,#1352),.UNSPECIFIED.,.F.,.F.,(7,5,5,5,5,5,7)
  ,(0.,0.149238704343,0.252978088524,0.5,0.747021911475,0.850761295657,
    1.),.UNSPECIFIED.);
#1321 = CARTESIAN_POINT('',(-77.45192773629,-54.,-54.19864529802));
#1322 = CARTESIAN_POINT('',(-77.44438199329,-54.,-54.09180603769));
#1323 = CARTESIAN_POINT('',(-77.43219672386,-54.,-53.98440811742));
#1324 = CARTESIAN_POINT('',(-77.41525270636,-54.,-53.87677882727));
#1325 = CARTESIAN_POINT('',(-77.39346792373,-54.,-53.76925983046));
#1326 = CARTESIAN_POINT('',(-77.36680041866,-54.,-53.66220263256));
#1327 = CARTESIAN_POINT('',(-77.31332049836,-54.,-53.4821150778));
#1328 = CARTESIAN_POINT('',(-77.28903083802,-54.,-53.40866089083));
#1329 = CARTESIAN_POINT('',(-77.26238229112,-54.,-53.33572145715));
#1330 = CARTESIAN_POINT('',(-77.23338467961,-54.,-53.26341592469));
#1331 = CARTESIAN_POINT('',(-77.20205752395,-54.,-53.19186262209));
#1332 = CARTESIAN_POINT('',(-77.0883570345,-54.,-52.95286893143));
#1333 = CARTESIAN_POINT('',(-76.99523425731,-54.,-52.78947452268));
#1334 = CARTESIAN_POINT('',(-76.88946534271,-54.,-52.63260415956));
#1335 = CARTESIAN_POINT('',(-76.77175359669,-54.,-52.48374590937));
#1336 = CARTESIAN_POINT('',(-76.64306060645,-54.,-52.34424083413));
#1337 = CARTESIAN_POINT('',(-76.36616473162,-54.,-52.08621155684));
#1338 = CARTESIAN_POINT('',(-76.21793967556,-54.,-51.96766669398));
#1339 = CARTESIAN_POINT('',(-76.06115833117,-54.,-51.860734735));
#1340 = CARTESIAN_POINT('',(-75.89722617353,-54.,-51.76628039782));
#1341 = CARTESIAN_POINT('',(-75.72767712139,-54.,-51.68490040418));
#1342 = CARTESIAN_POINT('',(-75.48126690428,-54.,-51.58831991766));
#1343 = CARTESIAN_POINT('',(-75.40768435002,-54.,-51.56211164599));
#1344 = CARTESIAN_POINT('',(-75.33351555508,-54.,-51.5382801258));
#1345 = CARTESIAN_POINT('',(-75.25887992932,-54.,-51.5168364926));
#1346 = CARTESIAN_POINT('',(-75.18389701658,-54.,-51.49778214977));
#1347 = CARTESIAN_POINT('',(-75.00048919895,-54.,-51.4571225668));
#1348 = CARTESIAN_POINT('',(-74.89181924912,-54.,-51.4380636725));
#1349 = CARTESIAN_POINT('',(-74.78303264331,-54.,-51.42390790252));
#1350 = CARTESIAN_POINT('',(-74.6744770577,-54.,-51.41458863967));
#1351 = CARTESIAN_POINT('',(-74.56648752831,-54.,-51.41));
#1352 = CARTESIAN_POINT('',(-74.45938213263,-54.,-51.41));
#1353 = PCURVE('',#76,#1354);
#1354 = DEFINITIONAL_REPRESENTATION('',(#1355),#1388);
#1355 = B_SPLINE_CURVE_WITH_KNOTS('',6,(#1356,#1357,#1358,#1359,#1360,
    #1361,#1362,#1363,#1364,#1365,#1366,#1367,#1368,#1369,#1370,#1371,
    #1372,#1373,#1374,#1375,#1376,#1377,#1378,#1379,#1380,#1381,#1382,
    #1383,#1384,#1385,#1386,#1387),.UNSPECIFIED.,.F.,.F.,(7,5,5,5,5,5,7)
  ,(0.,0.149238704343,0.252978088524,0.5,0.747021911475,0.850761295657,
    1.),.UNSPECIFIED.);
#1356 = CARTESIAN_POINT('',(0.,4.));
#1357 = CARTESIAN_POINT('',(0.104736746077,4.));
#1358 = CARTESIAN_POINT('',(0.208571434134,4.));
#1359 = CARTESIAN_POINT('',(0.311554694064,4.));
#1360 = CARTESIAN_POINT('',(0.413745346854,4.));
#1361 = CARTESIAN_POINT('',(0.515206226178,4.));
#1362 = CARTESIAN_POINT('',(0.686064157094,4.));
#1363 = CARTESIAN_POINT('',(0.755806429404,4.));
#1364 = CARTESIAN_POINT('',(0.825248563246,4.));
#1365 = CARTESIAN_POINT('',(0.894412865126,4.));
#1366 = CARTESIAN_POINT('',(0.963322201746,4.));
#1367 = CARTESIAN_POINT('',(1.195534043839,4.));
#1368 = CARTESIAN_POINT('',(1.357768811869,4.));
#1369 = CARTESIAN_POINT('',(1.518990675652,4.));
#1370 = CARTESIAN_POINT('',(1.679544102425,4.));
#1371 = CARTESIAN_POINT('',(1.839778388517,4.));
#1372 = CARTESIAN_POINT('',(2.160221611483,4.));
#1373 = CARTESIAN_POINT('',(2.320455897574,4.));
#1374 = CARTESIAN_POINT('',(2.481009324348,4.));
#1375 = CARTESIAN_POINT('',(2.642231188131,4.));
#1376 = CARTESIAN_POINT('',(2.804465956162,4.));
#1377 = CARTESIAN_POINT('',(3.036677798254,4.));
#1378 = CARTESIAN_POINT('',(3.105587134874,4.));
#1379 = CARTESIAN_POINT('',(3.174751436754,4.));
#1380 = CARTESIAN_POINT('',(3.244193570596,4.));
#1381 = CARTESIAN_POINT('',(3.313935842906,4.));
#1382 = CARTESIAN_POINT('',(3.484793773821,4.));
#1383 = CARTESIAN_POINT('',(3.586254653146,4.));
#1384 = CARTESIAN_POINT('',(3.688445305936,4.));
#1385 = CARTESIAN_POINT('',(3.791428565865,4.));
#1386 = CARTESIAN_POINT('',(3.895263253923,4.));
#1387 = CARTESIAN_POINT('',(4.,4.));
#1388 = ( GEOMETRIC_REPRESENTATION_CONTEXT(2) 
PARAMETRIC_REPRESENTATION_CONTEXT() REPRESENTATION_CONTEXT('2D SPACE',''
  ) );
#1389 = PCURVE('',#115,#1390);
#1390 = DEFINITIONAL_REPRESENTATION('',(#1391),#1424);
#1391 = B_SPLINE_CURVE_WITH_KNOTS('',6,(#1392,#1393,#1394,#1395,#1396,
    #1397,#1398,#1399,#1400,#1401,#1402,#1403,#1404,#1405,#1406,#1407,
    #1408,#1409,#1410,#1411,#1412,#1413,#1414,#1415,#1416,#1417,#1418,
    #1419,#1420,#1421,#1422,#1423),.UNSPECIFIED.,.F.,.F.,(7,5,5,5,5,5,7)
  ,(0.,0.149238704343,0.252978088524,0.5,0.747021911475,0.850761295657,
    1.),.UNSPECIFIED.);
#1392 = CARTESIAN_POINT('',(-50.78864529802,-40.50192773629));
#1393 = CARTESIAN_POINT('',(-50.68180603769,-40.49438199329));
#1394 = CARTESIAN_POINT('',(-50.57440811742,-40.48219672386));
#1395 = CARTESIAN_POINT('',(-50.46677882727,-40.46525270636));
#1396 = CARTESIAN_POINT('',(-50.35925983046,-40.44346792373));
#1397 = CARTESIAN_POINT('',(-50.25220263256,-40.41680041866));
#1398 = CARTESIAN_POINT('',(-50.0721150778,-40.36332049836));
#1399 = CARTESIAN_POINT('',(-49.99866089083,-40.33903083802));
#1400 = CARTESIAN_POINT('',(-49.92572145715,-40.31238229112));
#1401 = CARTESIAN_POINT('',(-49.85341592469,-40.28338467961));
#1402 = CARTESIAN_POINT('',(-49.78186262209,-40.25205752395));
#1403 = CARTESIAN_POINT('',(-49.54286893143,-40.1383570345));
#1404 = CARTESIAN_POINT('',(-49.37947452268,-40.04523425731));
#1405 = CARTESIAN_POINT('',(-49.22260415956,-39.93946534271));
#1406 = CARTESIAN_POINT('',(-49.07374590937,-39.82175359669));
#1407 = CARTESIAN_POINT('',(-48.93424083413,-39.69306060645));
#1408 = CARTESIAN_POINT('',(-48.67621155684,-39.41616473162));
#1409 = CARTESIAN_POINT('',(-48.55766669398,-39.26793967556));
#1410 = CARTESIAN_POINT('',(-48.450734735,-39.11115833117));
#1411 = CARTESIAN_POINT('',(-48.35628039782,-38.94722617353));
#1412 = CARTESIAN_POINT('',(-48.27490040418,-38.77767712139));
#1413 = CARTESIAN_POINT('',(-48.17831991766,-38.53126690428));
#1414 = CARTESIAN_POINT('',(-48.15211164599,-38.45768435002));
#1415 = CARTESIAN_POINT('',(-48.1282801258,-38.38351555508));
#1416 = CARTESIAN_POINT('',(-48.1068364926,-38.30887992932));
#1417 = CARTESIAN_POINT('',(-48.08778214977,-38.23389701658));
#1418 = CARTESIAN_POINT('',(-48.0471225668,-38.05048919895));
#1419 = CARTESIAN_POINT('',(-48.0280636725,-37.94181924912));
#1420 = CARTESIAN_POINT('',(-48.01390790252,-37.83303264331));
#1421 = CARTESIAN_POINT('',(-48.00458863967,-37.7244770577));
#1422 = CARTESIAN_POINT('',(-48.,-37.61648752831));
#1423 = CARTESIAN_POINT('',(-48.,-37.50938213263));
#1424 = ( GEOMETRIC_REPRESENTATION_CONTEXT(2) 
PARAMETRIC_REPRESENTATION_CONTEXT() REPRESENTATION_CONTEXT('2D SPACE',''
  ) );
#1425 = ORIENTED_EDGE('',*,*,#1426,.F.);
#1426 = EDGE_CURVE('',#172,#1317,#1427,.T.);
#1427 = SURFACE_CURVE('',#1428,(#1434,#1441),.PCURVE_S1.);
#1428 = B_SPLINE_CURVE_WITH_KNOTS('',2,(#1429,#1430,#1431,#1432,#1433),
  .UNSPECIFIED.,.F.,.F.,(3,1,1,3),(-0.2448,2.75164114584E-13,4.,4.2448),
  .UNSPECIFIED.);
#1429 = CARTESIAN_POINT('',(-77.45192773629,-49.7552,-54.19864529802));
#1430 = CARTESIAN_POINT('',(-77.45192773629,-49.8776,-54.19864529802));
#1431 = CARTESIAN_POINT('',(-77.45192773629,-52.,-54.19864529802));
#1432 = CARTESIAN_POINT('',(-77.45192773629,-54.1224,-54.19864529802));
#1433 = CARTESIAN_POINT('',(-77.45192773629,-54.2448,-54.19864529802));
#1434 = PCURVE('',#76,#1435);
#1435 = DEFINITIONAL_REPRESENTATION('',(#1436),#1440);
#1436 = LINE('',#1437,#1438);
#1437 = CARTESIAN_POINT('',(0.,0.));
#1438 = VECTOR('',#1439,1.);
#1439 = DIRECTION('',(0.,1.));
#1440 = ( GEOMETRIC_REPRESENTATION_CONTEXT(2) 
PARAMETRIC_REPRESENTATION_CONTEXT() REPRESENTATION_CONTEXT('2D SPACE',''
  ) );
#1441 = PCURVE('',#1124,#1442);
#1442 = DEFINITIONAL_REPRESENTATION('',(#1443),#1449);
#1443 = B_SPLINE_CURVE_WITH_KNOTS('',2,(#1444,#1445,#1446,#1447,#1448),
  .UNSPECIFIED.,.F.,.F.,(3,1,1,3),(-0.2448,2.75164114584E-13,4.,4.2448),
  .UNSPECIFIED.);
#1444 = CARTESIAN_POINT('',(-49.96958316726,0.2448));
#1445 = CARTESIAN_POINT('',(-49.96958316726,0.1224));
#1446 = CARTESIAN_POINT('',(-49.96958316726,-2.));
#1447 = CARTESIAN_POINT('',(-49.96958316726,-4.1224));
#1448 = CARTESIAN_POINT('',(-49.96958316726,-4.2448));
#1449 = ( GEOMETRIC_REPRESENTATION_CONTEXT(2) 
PARAMETRIC_REPRESENTATION_CONTEXT() REPRESENTATION_CONTEXT('2D SPACE',''
  ) );
#1450 = ADVANCED_FACE('',(#1451),#145,.F.);
#1451 = FACE_BOUND('',#1452,.F.);
#1452 = EDGE_LOOP('',(#1453,#1454,#1455,#1565));
#1453 = ORIENTED_EDGE('',*,*,#282,.T.);
#1454 = ORIENTED_EDGE('',*,*,#127,.T.);
#1455 = ORIENTED_EDGE('',*,*,#1456,.F.);
#1456 = EDGE_CURVE('',#1457,#100,#1459,.T.);
#1457 = VERTEX_POINT('',#1458);
#1458 = CARTESIAN_POINT('',(3.55192773629,-54.,-54.19864529802));
#1459 = SURFACE_CURVE('',#1460,(#1493,#1529),.PCURVE_S1.);
#1460 = B_SPLINE_CURVE_WITH_KNOTS('',6,(#1461,#1462,#1463,#1464,#1465,
    #1466,#1467,#1468,#1469,#1470,#1471,#1472,#1473,#1474,#1475,#1476,
    #1477,#1478,#1479,#1480,#1481,#1482,#1483,#1484,#1485,#1486,#1487,
    #1488,#1489,#1490,#1491,#1492),.UNSPECIFIED.,.F.,.F.,(7,5,5,5,5,5,7)
  ,(0.,0.149238704343,0.252978088524,0.5,0.747021911476,0.850761295657,
    1.),.UNSPECIFIED.);
#1461 = CARTESIAN_POINT('',(3.55192773629,-54.,-54.19864529802));
#1462 = CARTESIAN_POINT('',(3.544381993295,-54.,-54.0918060377));
#1463 = CARTESIAN_POINT('',(3.532196723865,-54.,-53.98440811742));
#1464 = CARTESIAN_POINT('',(3.51525270636,-54.,-53.87677882727));
#1465 = CARTESIAN_POINT('',(3.493467923734,-54.,-53.76925983046));
#1466 = CARTESIAN_POINT('',(3.466800418667,-54.,-53.66220263256));
#1467 = CARTESIAN_POINT('',(3.413320498369,-54.,-53.4821150778));
#1468 = CARTESIAN_POINT('',(3.389030838027,-54.,-53.40866089083));
#1469 = CARTESIAN_POINT('',(3.362382291123,-54.,-53.33572145715));
#1470 = CARTESIAN_POINT('',(3.333384679615,-54.,-53.26341592469));
#1471 = CARTESIAN_POINT('',(3.302057523955,-54.,-53.19186262209));
#1472 = CARTESIAN_POINT('',(3.188357034506,-54.,-52.95286893143));
#1473 = CARTESIAN_POINT('',(3.09523425731,-54.,-52.78947452268));
#1474 = CARTESIAN_POINT('',(2.989465342712,-54.,-52.63260415956));
#1475 = CARTESIAN_POINT('',(2.871753596694,-54.,-52.48374590937));
#1476 = CARTESIAN_POINT('',(2.743060606455,-54.,-52.34424083413));
#1477 = CARTESIAN_POINT('',(2.466164731622,-54.,-52.08621155684));
#1478 = CARTESIAN_POINT('',(2.317939675564,-54.,-51.96766669398));
#1479 = CARTESIAN_POINT('',(2.161158331175,-54.,-51.860734735));
#1480 = CARTESIAN_POINT('',(1.997226173532,-54.,-51.76628039782));
#1481 = CARTESIAN_POINT('',(1.827677121395,-54.,-51.68490040418));
#1482 = CARTESIAN_POINT('',(1.581266904287,-54.,-51.58831991766));
#1483 = CARTESIAN_POINT('',(1.507684350027,-54.,-51.56211164599));
#1484 = CARTESIAN_POINT('',(1.433515555088,-54.,-51.5382801258));
#1485 = CARTESIAN_POINT('',(1.358879929323,-54.,-51.5168364926));
#1486 = CARTESIAN_POINT('',(1.283897016587,-54.,-51.49778214977));
#1487 = CARTESIAN_POINT('',(1.100489198959,-54.,-51.4571225668));
#1488 = CARTESIAN_POINT('',(0.991819249129,-54.,-51.4380636725));
#1489 = CARTESIAN_POINT('',(0.88303264331,-54.,-51.42390790252));
#1490 = CARTESIAN_POINT('',(0.774477057702,-54.,-51.41458863967));
#1491 = CARTESIAN_POINT('',(0.666487528316,-54.,-51.41));
#1492 = CARTESIAN_POINT('',(0.559382132635,-54.,-51.41));
#1493 = PCURVE('',#145,#1494);
#1494 = DEFINITIONAL_REPRESENTATION('',(#1495),#1528);
#1495 = B_SPLINE_CURVE_WITH_KNOTS('',6,(#1496,#1497,#1498,#1499,#1500,
    #1501,#1502,#1503,#1504,#1505,#1506,#1507,#1508,#1509,#1510,#1511,
    #1512,#1513,#1514,#1515,#1516,#1517,#1518,#1519,#1520,#1521,#1522,
    #1523,#1524,#1525,#1526,#1527),.UNSPECIFIED.,.F.,.F.,(7,5,5,5,5,5,7)
  ,(0.,0.149238704343,0.252978088524,0.5,0.747021911476,0.850761295657,
    1.),.UNSPECIFIED.);
#1496 = CARTESIAN_POINT('',(0.,4.));
#1497 = CARTESIAN_POINT('',(0.104736746077,4.));
#1498 = CARTESIAN_POINT('',(0.208571434134,4.));
#1499 = CARTESIAN_POINT('',(0.311554694064,4.));
#1500 = CARTESIAN_POINT('',(0.413745346854,4.));
#1501 = CARTESIAN_POINT('',(0.515206226178,4.));
#1502 = CARTESIAN_POINT('',(0.686064157094,4.));
#1503 = CARTESIAN_POINT('',(0.755806429404,4.));
#1504 = CARTESIAN_POINT('',(0.825248563246,4.));
#1505 = CARTESIAN_POINT('',(0.894412865126,4.));
#1506 = CARTESIAN_POINT('',(0.963322201746,4.));
#1507 = CARTESIAN_POINT('',(1.195534043839,4.));
#1508 = CARTESIAN_POINT('',(1.357768811869,4.));
#1509 = CARTESIAN_POINT('',(1.518990675652,4.));
#1510 = CARTESIAN_POINT('',(1.679544102425,4.));
#1511 = CARTESIAN_POINT('',(1.839778388517,4.));
#1512 = CARTESIAN_POINT('',(2.160221611483,4.));
#1513 = CARTESIAN_POINT('',(2.320455897574,4.));
#1514 = CARTESIAN_POINT('',(2.481009324348,4.));
#1515 = CARTESIAN_POINT('',(2.642231188131,4.));
#1516 = CARTESIAN_POINT('',(2.804465956161,4.));
#1517 = CARTESIAN_POINT('',(3.036677798254,4.));
#1518 = CARTESIAN_POINT('',(3.105587134874,4.));
#1519 = CARTESIAN_POINT('',(3.174751436754,4.));
#1520 = CARTESIAN_POINT('',(3.244193570596,4.));
#1521 = CARTESIAN_POINT('',(3.313935842906,4.));
#1522 = CARTESIAN_POINT('',(3.484793773821,4.));
#1523 = CARTESIAN_POINT('',(3.586254653146,4.));
#1524 = CARTESIAN_POINT('',(3.688445305936,4.));
#1525 = CARTESIAN_POINT('',(3.791428565865,4.));
#1526 = CARTESIAN_POINT('',(3.895263253923,4.));
#1527 = CARTESIAN_POINT('',(4.,4.));
#1528 = ( GEOMETRIC_REPRESENTATION_CONTEXT(2) 
PARAMETRIC_REPRESENTATION_CONTEXT() REPRESENTATION_CONTEXT('2D SPACE',''
  ) );
#1529 = PCURVE('',#115,#1530);
#1530 = DEFINITIONAL_REPRESENTATION('',(#1531),#1564);
#1531 = B_SPLINE_CURVE_WITH_KNOTS('',6,(#1532,#1533,#1534,#1535,#1536,
    #1537,#1538,#1539,#1540,#1541,#1542,#1543,#1544,#1545,#1546,#1547,
    #1548,#1549,#1550,#1551,#1552,#1553,#1554,#1555,#1556,#1557,#1558,
    #1559,#1560,#1561,#1562,#1563),.UNSPECIFIED.,.F.,.F.,(7,5,5,5,5,5,7)
  ,(0.,0.149238704343,0.252978088524,0.5,0.747021911476,0.850761295657,
    1.),.UNSPECIFIED.);
#1532 = CARTESIAN_POINT('',(-50.78864529802,40.50192773629));
#1533 = CARTESIAN_POINT('',(-50.6818060377,40.494381993295));
#1534 = CARTESIAN_POINT('',(-50.57440811742,40.482196723865));
#1535 = CARTESIAN_POINT('',(-50.46677882727,40.46525270636));
#1536 = CARTESIAN_POINT('',(-50.35925983046,40.443467923734));
#1537 = CARTESIAN_POINT('',(-50.25220263256,40.416800418667));
#1538 = CARTESIAN_POINT('',(-50.0721150778,40.363320498369));
#1539 = CARTESIAN_POINT('',(-49.99866089083,40.339030838027));
#1540 = CARTESIAN_POINT('',(-49.92572145715,40.312382291123));
#1541 = CARTESIAN_POINT('',(-49.85341592469,40.283384679615));
#1542 = CARTESIAN_POINT('',(-49.78186262209,40.252057523955));
#1543 = CARTESIAN_POINT('',(-49.54286893143,40.138357034506));
#1544 = CARTESIAN_POINT('',(-49.37947452268,40.04523425731));
#1545 = CARTESIAN_POINT('',(-49.22260415956,39.939465342712));
#1546 = CARTESIAN_POINT('',(-49.07374590937,39.821753596694));
#1547 = CARTESIAN_POINT('',(-48.93424083413,39.693060606455));
#1548 = CARTESIAN_POINT('',(-48.67621155684,39.416164731622));
#1549 = CARTESIAN_POINT('',(-48.55766669398,39.267939675564));
#1550 = CARTESIAN_POINT('',(-48.450734735,39.111158331175));
#1551 = CARTESIAN_POINT('',(-48.35628039782,38.947226173532));
#1552 = CARTESIAN_POINT('',(-48.27490040418,38.777677121395));
#1553 = CARTESIAN_POINT('',(-48.17831991766,38.531266904287));
#1554 = CARTESIAN_POINT('',(-48.15211164599,38.457684350027));
#1555 = CARTESIAN_POINT('',(-48.1282801258,38.383515555088));
#1556 = CARTESIAN_POINT('',(-48.1068364926,38.308879929323));
#1557 = CARTESIAN_POINT('',(-48.08778214977,38.233897016587));
#1558 = CARTESIAN_POINT('',(-48.0471225668,38.050489198959));
#1559 = CARTESIAN_POINT('',(-48.0280636725,37.941819249129));
#1560 = CARTESIAN_POINT('',(-48.01390790252,37.83303264331));
#1561 = CARTESIAN_POINT('',(-48.00458863967,37.724477057702));
#1562 = CARTESIAN_POINT('',(-48.,37.616487528316));
#1563 = CARTESIAN_POINT('',(-48.,37.509382132635));
#1564 = ( GEOMETRIC_REPRESENTATION_CONTEXT(2) 
PARAMETRIC_REPRESENTATION_CONTEXT() REPRESENTATION_CONTEXT('2D SPACE',''
  ) );
#1565 = ORIENTED_EDGE('',*,*,#1566,.F.);
#1566 = EDGE_CURVE('',#283,#1457,#1567,.T.);
#1567 = SURFACE_CURVE('',#1568,(#1574,#1581),.PCURVE_S1.);
#1568 = B_SPLINE_CURVE_WITH_KNOTS('',2,(#1569,#1570,#1571,#1572,#1573),
  .UNSPECIFIED.,.F.,.F.,(3,1,1,3),(-0.2448,2.752046138773E-13,4.,4.2448)
  ,.UNSPECIFIED.);
#1569 = CARTESIAN_POINT('',(3.55192773629,-49.7552,-54.19864529802));
#1570 = CARTESIAN_POINT('',(3.55192773629,-49.8776,-54.19864529802));
#1571 = CARTESIAN_POINT('',(3.55192773629,-52.,-54.19864529802));
#1572 = CARTESIAN_POINT('',(3.55192773629,-54.1224,-54.19864529802));
#1573 = CARTESIAN_POINT('',(3.55192773629,-54.2448,-54.19864529802));
#1574 = PCURVE('',#145,#1575);
#1575 = DEFINITIONAL_REPRESENTATION('',(#1576),#1580);
#1576 = LINE('',#1577,#1578);
#1577 = CARTESIAN_POINT('',(0.,0.));
#1578 = VECTOR('',#1579,1.);
#1579 = DIRECTION('',(0.,1.));
#1580 = ( GEOMETRIC_REPRESENTATION_CONTEXT(2) 
PARAMETRIC_REPRESENTATION_CONTEXT() REPRESENTATION_CONTEXT('2D SPACE',''
  ) );
#1581 = PCURVE('',#408,#1582);
#1582 = DEFINITIONAL_REPRESENTATION('',(#1583),#1589);
#1583 = B_SPLINE_CURVE_WITH_KNOTS('',2,(#1584,#1585,#1586,#1587,#1588),
  .UNSPECIFIED.,.F.,.F.,(3,1,1,3),(-0.2448,2.752046138773E-13,4.,4.2448)
  ,.UNSPECIFIED.);
#1584 = CARTESIAN_POINT('',(-16.48589395178,0.2448));
#1585 = CARTESIAN_POINT('',(-16.48589395178,0.1224));
#1586 = CARTESIAN_POINT('',(-16.48589395178,-2.));
#1587 = CARTESIAN_POINT('',(-16.48589395178,-4.1224));
#1588 = CARTESIAN_POINT('',(-16.48589395178,-4.2448));
#1589 = ( GEOMETRIC_REPRESENTATION_CONTEXT(2) 
PARAMETRIC_REPRESENTATION_CONTEXT() REPRESENTATION_CONTEXT('2D SPACE',''
  ) );
#1590 = ADVANCED_FACE('',(#1591,#2161,#2196,#2226,#2256,#2291,#2321,
    #2356,#2386,#2416),#115,.F.);
#1591 = FACE_BOUND('',#1592,.T.);
#1592 = EDGE_LOOP('',(#1593,#1594,#1595,#1618,#1642,#1665,#1693,#1721,
    #1744,#1772,#1795,#1818,#1842,#1865,#1888,#1911,#1939,#1962,#1985,
    #2013,#2036,#2060,#2088,#2111,#2139,#2160));
#1593 = ORIENTED_EDGE('',*,*,#99,.T.);
#1594 = ORIENTED_EDGE('',*,*,#1456,.F.);
#1595 = ORIENTED_EDGE('',*,*,#1596,.T.);
#1596 = EDGE_CURVE('',#1457,#1597,#1599,.T.);
#1597 = VERTEX_POINT('',#1598);
#1598 = CARTESIAN_POINT('',(7.072363189036,-54.,-104.0440641059));
#1599 = SURFACE_CURVE('',#1600,(#1604,#1611),.PCURVE_S1.);
#1600 = LINE('',#1601,#1602);
#1601 = CARTESIAN_POINT('',(2.390470668622,-54.,-37.75371547544));
#1602 = VECTOR('',#1603,1.);
#1603 = DIRECTION('',(7.045156732569E-02,-0.,-0.997515201218));
#1604 = PCURVE('',#115,#1605);
#1605 = DEFINITIONAL_REPRESENTATION('',(#1606),#1610);
#1606 = LINE('',#1607,#1608);
#1607 = CARTESIAN_POINT('',(-34.34371547544,39.340470668622));
#1608 = VECTOR('',#1609,1.);
#1609 = DIRECTION('',(-0.997515201218,7.045156732569E-02));
#1610 = ( GEOMETRIC_REPRESENTATION_CONTEXT(2) 
PARAMETRIC_REPRESENTATION_CONTEXT() REPRESENTATION_CONTEXT('2D SPACE',''
  ) );
#1611 = PCURVE('',#408,#1612);
#1612 = DEFINITIONAL_REPRESENTATION('',(#1613),#1617);
#1613 = LINE('',#1614,#1615);
#1614 = CARTESIAN_POINT('',(-0.,-4.));
#1615 = VECTOR('',#1616,1.);
#1616 = DIRECTION('',(-1.,0.));
#1617 = ( GEOMETRIC_REPRESENTATION_CONTEXT(2) 
PARAMETRIC_REPRESENTATION_CONTEXT() REPRESENTATION_CONTEXT('2D SPACE',''
  ) );
#1618 = ORIENTED_EDGE('',*,*,#1619,.F.);
#1619 = EDGE_CURVE('',#1620,#1597,#1622,.T.);
#1620 = VERTEX_POINT('',#1621);
#1621 = CARTESIAN_POINT('',(24.774220415378,-54.,-101.1991227659));
#1622 = SURFACE_CURVE('',#1623,(#1628,#1635),.PCURVE_S1.);
#1623 = CIRCLE('',#1624,9.);
#1624 = AXIS2_PLACEMENT_3D('',#1625,#1626,#1627);
#1625 = CARTESIAN_POINT('',(16.05,-54.,-103.41));
#1626 = DIRECTION('',(0.,1.,0.));
#1627 = DIRECTION('',(0.969357823931,-0.,0.245653026002));
#1628 = PCURVE('',#115,#1629);
#1629 = DEFINITIONAL_REPRESENTATION('',(#1630),#1634);
#1630 = CIRCLE('',#1631,9.);
#1631 = AXIS2_PLACEMENT_2D('',#1632,#1633);
#1632 = CARTESIAN_POINT('',(-100.,53.));
#1633 = DIRECTION('',(0.245653026002,0.969357823931));
#1634 = ( GEOMETRIC_REPRESENTATION_CONTEXT(2) 
PARAMETRIC_REPRESENTATION_CONTEXT() REPRESENTATION_CONTEXT('2D SPACE',''
  ) );
#1635 = PCURVE('',#441,#1636);
#1636 = DEFINITIONAL_REPRESENTATION('',(#1637),#1641);
#1637 = LINE('',#1638,#1639);
#1638 = CARTESIAN_POINT('',(-6.531378610946,-33.9));
#1639 = VECTOR('',#1640,1.);
#1640 = DIRECTION('',(1.,-0.));
#1641 = ( GEOMETRIC_REPRESENTATION_CONTEXT(2) 
PARAMETRIC_REPRESENTATION_CONTEXT() REPRESENTATION_CONTEXT('2D SPACE',''
  ) );
#1642 = ORIENTED_EDGE('',*,*,#1643,.T.);
#1643 = EDGE_CURVE('',#1620,#1644,#1646,.T.);
#1644 = VERTEX_POINT('',#1645);
#1645 = CARTESIAN_POINT('',(10.898892141602,-54.,-46.44645702152));
#1646 = SURFACE_CURVE('',#1647,(#1651,#1658),.PCURVE_S1.);
#1647 = LINE('',#1648,#1649);
#1648 = CARTESIAN_POINT('',(24.774220415378,-54.,-101.1991227659));
#1649 = VECTOR('',#1650,1.);
#1650 = DIRECTION('',(-0.245653026002,-0.,0.969357823931));
#1651 = PCURVE('',#115,#1652);
#1652 = DEFINITIONAL_REPRESENTATION('',(#1653),#1657);
#1653 = LINE('',#1654,#1655);
#1654 = CARTESIAN_POINT('',(-97.7891227659,61.724220415378));
#1655 = VECTOR('',#1656,1.);
#1656 = DIRECTION('',(0.969357823931,-0.245653026002));
#1657 = ( GEOMETRIC_REPRESENTATION_CONTEXT(2) 
PARAMETRIC_REPRESENTATION_CONTEXT() REPRESENTATION_CONTEXT('2D SPACE',''
  ) );
#1658 = PCURVE('',#469,#1659);
#1659 = DEFINITIONAL_REPRESENTATION('',(#1660),#1664);
#1660 = LINE('',#1661,#1662);
#1661 = CARTESIAN_POINT('',(-0.,-4.));
#1662 = VECTOR('',#1663,1.);
#1663 = DIRECTION('',(-1.,0.));
#1664 = ( GEOMETRIC_REPRESENTATION_CONTEXT(2) 
PARAMETRIC_REPRESENTATION_CONTEXT() REPRESENTATION_CONTEXT('2D SPACE',''
  ) );
#1665 = ORIENTED_EDGE('',*,*,#1666,.F.);
#1666 = EDGE_CURVE('',#1667,#1644,#1669,.T.);
#1667 = VERTEX_POINT('',#1668);
#1668 = CARTESIAN_POINT('',(10.873247718833,-54.,-45.08236214073));
#1669 = SURFACE_CURVE('',#1670,(#1675,#1686),.PCURVE_S1.);
#1670 = CIRCLE('',#1671,3.);
#1671 = AXIS2_PLACEMENT_3D('',#1672,#1673,#1674);
#1672 = CARTESIAN_POINT('',(13.806965613395,-54.,-45.70949794351));
#1673 = DIRECTION('',(0.,-1.,0.));
#1674 = DIRECTION('',(-0.,-0.,1.));
#1675 = PCURVE('',#115,#1676);
#1676 = DEFINITIONAL_REPRESENTATION('',(#1677),#1685);
#1677 = ( BOUNDED_CURVE() B_SPLINE_CURVE(2,(#1678,#1679,#1680,#1681,
#1682,#1683,#1684),.UNSPECIFIED.,.T.,.F.) B_SPLINE_CURVE_WITH_KNOTS((1,2
    ,2,2,2,1),(-2.094395102393,0.,2.094395102393,4.188790204786,
6.28318530718,8.377580409573),.UNSPECIFIED.) CURVE() 
GEOMETRIC_REPRESENTATION_ITEM() RATIONAL_B_SPLINE_CURVE((1.,0.5,1.,0.5,
1.,0.5,1.)) REPRESENTATION_ITEM('') );
#1678 = CARTESIAN_POINT('',(-39.29949794351,50.756965613395));
#1679 = CARTESIAN_POINT('',(-39.29949794351,45.560813190688));
#1680 = CARTESIAN_POINT('',(-43.79949794351,48.158889402042));
#1681 = CARTESIAN_POINT('',(-48.29949794351,50.756965613395));
#1682 = CARTESIAN_POINT('',(-43.79949794351,53.355041824748));
#1683 = CARTESIAN_POINT('',(-39.29949794351,55.953118036102));
#1684 = CARTESIAN_POINT('',(-39.29949794351,50.756965613395));
#1685 = ( GEOMETRIC_REPRESENTATION_CONTEXT(2) 
PARAMETRIC_REPRESENTATION_CONTEXT() REPRESENTATION_CONTEXT('2D SPACE',''
  ) );
#1686 = PCURVE('',#502,#1687);
#1687 = DEFINITIONAL_REPRESENTATION('',(#1688),#1692);
#1688 = LINE('',#1689,#1690);
#1689 = CARTESIAN_POINT('',(-7.643383079149,4.));
#1690 = VECTOR('',#1691,1.);
#1691 = DIRECTION('',(1.,-0.));
#1692 = ( GEOMETRIC_REPRESENTATION_CONTEXT(2) 
PARAMETRIC_REPRESENTATION_CONTEXT() REPRESENTATION_CONTEXT('2D SPACE',''
  ) );
#1693 = ORIENTED_EDGE('',*,*,#1694,.T.);
#1694 = EDGE_CURVE('',#1667,#1695,#1697,.T.);
#1695 = VERTEX_POINT('',#1696);
#1696 = CARTESIAN_POINT('',(11.05,-54.,-43.41));
#1697 = SURFACE_CURVE('',#1698,(#1703,#1714),.PCURVE_S1.);
#1698 = CIRCLE('',#1699,8.);
#1699 = AXIS2_PLACEMENT_3D('',#1700,#1701,#1702);
#1700 = CARTESIAN_POINT('',(3.05,-54.,-43.41));
#1701 = DIRECTION('',(0.,-1.,0.));
#1702 = DIRECTION('',(-0.,-0.,1.));
#1703 = PCURVE('',#115,#1704);
#1704 = DEFINITIONAL_REPRESENTATION('',(#1705),#1713);
#1705 = ( BOUNDED_CURVE() B_SPLINE_CURVE(2,(#1706,#1707,#1708,#1709,
#1710,#1711,#1712),.UNSPECIFIED.,.T.,.F.) B_SPLINE_CURVE_WITH_KNOTS((1,2
    ,2,2,2,1),(-2.094395102393,0.,2.094395102393,4.188790204786,
6.28318530718,8.377580409573),.UNSPECIFIED.) CURVE() 
GEOMETRIC_REPRESENTATION_ITEM() RATIONAL_B_SPLINE_CURVE((1.,0.5,1.,0.5,
1.,0.5,1.)) REPRESENTATION_ITEM('') );
#1706 = CARTESIAN_POINT('',(-32.,40.));
#1707 = CARTESIAN_POINT('',(-32.,26.143593539449));
#1708 = CARTESIAN_POINT('',(-44.,33.071796769724));
#1709 = CARTESIAN_POINT('',(-56.,40.));
#1710 = CARTESIAN_POINT('',(-44.,46.928203230276));
#1711 = CARTESIAN_POINT('',(-32.,53.856406460551));
#1712 = CARTESIAN_POINT('',(-32.,40.));
#1713 = ( GEOMETRIC_REPRESENTATION_CONTEXT(2) 
PARAMETRIC_REPRESENTATION_CONTEXT() REPRESENTATION_CONTEXT('2D SPACE',''
  ) );
#1714 = PCURVE('',#535,#1715);
#1715 = DEFINITIONAL_REPRESENTATION('',(#1716),#1720);
#1716 = LINE('',#1717,#1718);
#1717 = CARTESIAN_POINT('',(-9.42477796077,4.));
#1718 = VECTOR('',#1719,1.);
#1719 = DIRECTION('',(1.,-0.));
#1720 = ( GEOMETRIC_REPRESENTATION_CONTEXT(2) 
PARAMETRIC_REPRESENTATION_CONTEXT() REPRESENTATION_CONTEXT('2D SPACE',''
  ) );
#1721 = ORIENTED_EDGE('',*,*,#1722,.T.);
#1722 = EDGE_CURVE('',#1695,#1723,#1725,.T.);
#1723 = VERTEX_POINT('',#1724);
#1724 = CARTESIAN_POINT('',(11.05,-54.,36.59));
#1725 = SURFACE_CURVE('',#1726,(#1730,#1737),.PCURVE_S1.);
#1726 = LINE('',#1727,#1728);
#1727 = CARTESIAN_POINT('',(11.05,-54.,-51.41));
#1728 = VECTOR('',#1729,1.);
#1729 = DIRECTION('',(-0.,-0.,1.));
#1730 = PCURVE('',#115,#1731);
#1731 = DEFINITIONAL_REPRESENTATION('',(#1732),#1736);
#1732 = LINE('',#1733,#1734);
#1733 = CARTESIAN_POINT('',(-48.,48.));
#1734 = VECTOR('',#1735,1.);
#1735 = DIRECTION('',(1.,-0.));
#1736 = ( GEOMETRIC_REPRESENTATION_CONTEXT(2) 
PARAMETRIC_REPRESENTATION_CONTEXT() REPRESENTATION_CONTEXT('2D SPACE',''
  ) );
#1737 = PCURVE('',#563,#1738);
#1738 = DEFINITIONAL_REPRESENTATION('',(#1739),#1743);
#1739 = LINE('',#1740,#1741);
#1740 = CARTESIAN_POINT('',(-0.,-4.));
#1741 = VECTOR('',#1742,1.);
#1742 = DIRECTION('',(-1.,0.));
#1743 = ( GEOMETRIC_REPRESENTATION_CONTEXT(2) 
PARAMETRIC_REPRESENTATION_CONTEXT() REPRESENTATION_CONTEXT('2D SPACE',''
  ) );
#1744 = ORIENTED_EDGE('',*,*,#1745,.T.);
#1745 = EDGE_CURVE('',#1723,#1746,#1748,.T.);
#1746 = VERTEX_POINT('',#1747);
#1747 = CARTESIAN_POINT('',(3.05,-54.,44.59));
#1748 = SURFACE_CURVE('',#1749,(#1754,#1765),.PCURVE_S1.);
#1749 = CIRCLE('',#1750,8.);
#1750 = AXIS2_PLACEMENT_3D('',#1751,#1752,#1753);
#1751 = CARTESIAN_POINT('',(3.05,-54.,36.59));
#1752 = DIRECTION('',(0.,-1.,0.));
#1753 = DIRECTION('',(-0.,-0.,1.));
#1754 = PCURVE('',#115,#1755);
#1755 = DEFINITIONAL_REPRESENTATION('',(#1756),#1764);
#1756 = ( BOUNDED_CURVE() B_SPLINE_CURVE(2,(#1757,#1758,#1759,#1760,
#1761,#1762,#1763),.UNSPECIFIED.,.T.,.F.) B_SPLINE_CURVE_WITH_KNOTS((1,2
    ,2,2,2,1),(-2.094395102393,0.,2.094395102393,4.188790204786,
6.28318530718,8.377580409573),.UNSPECIFIED.) CURVE() 
GEOMETRIC_REPRESENTATION_ITEM() RATIONAL_B_SPLINE_CURVE((1.,0.5,1.,0.5,
1.,0.5,1.)) REPRESENTATION_ITEM('') );
#1757 = CARTESIAN_POINT('',(48.,40.));
#1758 = CARTESIAN_POINT('',(48.,26.143593539449));
#1759 = CARTESIAN_POINT('',(36.,33.071796769724));
#1760 = CARTESIAN_POINT('',(24.,40.));
#1761 = CARTESIAN_POINT('',(36.,46.928203230276));
#1762 = CARTESIAN_POINT('',(48.,53.856406460551));
#1763 = CARTESIAN_POINT('',(48.,40.));
#1764 = ( GEOMETRIC_REPRESENTATION_CONTEXT(2) 
PARAMETRIC_REPRESENTATION_CONTEXT() REPRESENTATION_CONTEXT('2D SPACE',''
  ) );
#1765 = PCURVE('',#596,#1766);
#1766 = DEFINITIONAL_REPRESENTATION('',(#1767),#1771);
#1767 = LINE('',#1768,#1769);
#1768 = CARTESIAN_POINT('',(-10.99557428756,4.));
#1769 = VECTOR('',#1770,1.);
#1770 = DIRECTION('',(1.,-0.));
#1771 = ( GEOMETRIC_REPRESENTATION_CONTEXT(2) 
PARAMETRIC_REPRESENTATION_CONTEXT() REPRESENTATION_CONTEXT('2D SPACE',''
  ) );
#1772 = ORIENTED_EDGE('',*,*,#1773,.T.);
#1773 = EDGE_CURVE('',#1746,#1774,#1776,.T.);
#1774 = VERTEX_POINT('',#1775);
#1775 = CARTESIAN_POINT('',(-2.455851779433,-54.,44.59));
#1776 = SURFACE_CURVE('',#1777,(#1781,#1788),.PCURVE_S1.);
#1777 = LINE('',#1778,#1779);
#1778 = CARTESIAN_POINT('',(11.05,-54.,44.59));
#1779 = VECTOR('',#1780,1.);
#1780 = DIRECTION('',(-1.,-0.,-0.));
#1781 = PCURVE('',#115,#1782);
#1782 = DEFINITIONAL_REPRESENTATION('',(#1783),#1787);
#1783 = LINE('',#1784,#1785);
#1784 = CARTESIAN_POINT('',(48.,48.));
#1785 = VECTOR('',#1786,1.);
#1786 = DIRECTION('',(-0.,-1.));
#1787 = ( GEOMETRIC_REPRESENTATION_CONTEXT(2) 
PARAMETRIC_REPRESENTATION_CONTEXT() REPRESENTATION_CONTEXT('2D SPACE',''
  ) );
#1788 = PCURVE('',#624,#1789);
#1789 = DEFINITIONAL_REPRESENTATION('',(#1790),#1794);
#1790 = LINE('',#1791,#1792);
#1791 = CARTESIAN_POINT('',(-0.,-4.));
#1792 = VECTOR('',#1793,1.);
#1793 = DIRECTION('',(-1.,0.));
#1794 = ( GEOMETRIC_REPRESENTATION_CONTEXT(2) 
PARAMETRIC_REPRESENTATION_CONTEXT() REPRESENTATION_CONTEXT('2D SPACE',''
  ) );
#1795 = ORIENTED_EDGE('',*,*,#1796,.F.);
#1796 = EDGE_CURVE('',#1797,#1774,#1799,.T.);
#1797 = VERTEX_POINT('',#1798);
#1798 = CARTESIAN_POINT('',(21.187759070667,-54.,89.200586509622));
#1799 = SURFACE_CURVE('',#1800,(#1804,#1811),.PCURVE_S1.);
#1800 = LINE('',#1801,#1802);
#1801 = CARTESIAN_POINT('',(23.118583199756,-54.,92.843650904129));
#1802 = VECTOR('',#1803,1.);
#1803 = DIRECTION('',(-0.468293636984,-0.,-0.883572899969));
#1804 = PCURVE('',#115,#1805);
#1805 = DEFINITIONAL_REPRESENTATION('',(#1806),#1810);
#1806 = LINE('',#1807,#1808);
#1807 = CARTESIAN_POINT('',(96.253650904129,60.068583199756));
#1808 = VECTOR('',#1809,1.);
#1809 = DIRECTION('',(-0.883572899969,-0.468293636984));
#1810 = ( GEOMETRIC_REPRESENTATION_CONTEXT(2) 
PARAMETRIC_REPRESENTATION_CONTEXT() REPRESENTATION_CONTEXT('2D SPACE',''
  ) );
#1811 = PCURVE('',#652,#1812);
#1812 = DEFINITIONAL_REPRESENTATION('',(#1813),#1817);
#1813 = LINE('',#1814,#1815);
#1814 = CARTESIAN_POINT('',(-0.,-4.));
#1815 = VECTOR('',#1816,1.);
#1816 = DIRECTION('',(-1.,0.));
#1817 = ( GEOMETRIC_REPRESENTATION_CONTEXT(2) 
PARAMETRIC_REPRESENTATION_CONTEXT() REPRESENTATION_CONTEXT('2D SPACE',''
  ) );
#1818 = ORIENTED_EDGE('',*,*,#1819,.F.);
#1819 = EDGE_CURVE('',#1820,#1797,#1822,.T.);
#1820 = VERTEX_POINT('',#1821);
#1821 = CARTESIAN_POINT('',(7.050592671155,-54.,96.693284701363));
#1822 = SURFACE_CURVE('',#1823,(#1828,#1835),.PCURVE_S1.);
#1823 = CIRCLE('',#1824,9.);
#1824 = AXIS2_PLACEMENT_3D('',#1825,#1826,#1827);
#1825 = CARTESIAN_POINT('',(16.05,-54.,96.59));
#1826 = DIRECTION('',(0.,1.,0.));
#1827 = DIRECTION('',(-0.999934147649,-0.,1.147607792927E-02));
#1828 = PCURVE('',#115,#1829);
#1829 = DEFINITIONAL_REPRESENTATION('',(#1830),#1834);
#1830 = CIRCLE('',#1831,9.);
#1831 = AXIS2_PLACEMENT_2D('',#1832,#1833);
#1832 = CARTESIAN_POINT('',(100.,53.));
#1833 = DIRECTION('',(1.147607792927E-02,-0.999934147649));
#1834 = ( GEOMETRIC_REPRESENTATION_CONTEXT(2) 
PARAMETRIC_REPRESENTATION_CONTEXT() REPRESENTATION_CONTEXT('2D SPACE',''
  ) );
#1835 = PCURVE('',#685,#1836);
#1836 = DEFINITIONAL_REPRESENTATION('',(#1837),#1841);
#1837 = LINE('',#1838,#1839);
#1838 = CARTESIAN_POINT('',(-9.413301630925,-30.));
#1839 = VECTOR('',#1840,1.);
#1840 = DIRECTION('',(1.,-0.));
#1841 = ( GEOMETRIC_REPRESENTATION_CONTEXT(2) 
PARAMETRIC_REPRESENTATION_CONTEXT() REPRESENTATION_CONTEXT('2D SPACE',''
  ) );
#1842 = ORIENTED_EDGE('',*,*,#1843,.F.);
#1843 = EDGE_CURVE('',#1844,#1820,#1846,.T.);
#1844 = VERTEX_POINT('',#1845);
#1845 = CARTESIAN_POINT('',(-20.56414822056,-54.,44.59));
#1846 = SURFACE_CURVE('',#1847,(#1851,#1858),.PCURVE_S1.);
#1847 = LINE('',#1848,#1849);
#1848 = CARTESIAN_POINT('',(-44.01858319975,-54.,0.336349095871));
#1849 = VECTOR('',#1850,1.);
#1850 = DIRECTION('',(0.468293636984,-0.,0.883572899969));
#1851 = PCURVE('',#115,#1852);
#1852 = DEFINITIONAL_REPRESENTATION('',(#1853),#1857);
#1853 = LINE('',#1854,#1855);
#1854 = CARTESIAN_POINT('',(3.746349095871,-7.06858319975));
#1855 = VECTOR('',#1856,1.);
#1856 = DIRECTION('',(0.883572899969,0.468293636984));
#1857 = ( GEOMETRIC_REPRESENTATION_CONTEXT(2) 
PARAMETRIC_REPRESENTATION_CONTEXT() REPRESENTATION_CONTEXT('2D SPACE',''
  ) );
#1858 = PCURVE('',#713,#1859);
#1859 = DEFINITIONAL_REPRESENTATION('',(#1860),#1864);
#1860 = LINE('',#1861,#1862);
#1861 = CARTESIAN_POINT('',(-0.,-4.));
#1862 = VECTOR('',#1863,1.);
#1863 = DIRECTION('',(-1.,0.));
#1864 = ( GEOMETRIC_REPRESENTATION_CONTEXT(2) 
PARAMETRIC_REPRESENTATION_CONTEXT() REPRESENTATION_CONTEXT('2D SPACE',''
  ) );
#1865 = ORIENTED_EDGE('',*,*,#1866,.T.);
#1866 = EDGE_CURVE('',#1844,#1867,#1869,.T.);
#1867 = VERTEX_POINT('',#1868);
#1868 = CARTESIAN_POINT('',(-53.33585177943,-54.,44.59));
#1869 = SURFACE_CURVE('',#1870,(#1874,#1881),.PCURVE_S1.);
#1870 = LINE('',#1871,#1872);
#1871 = CARTESIAN_POINT('',(11.05,-54.,44.59));
#1872 = VECTOR('',#1873,1.);
#1873 = DIRECTION('',(-1.,-0.,-0.));
#1874 = PCURVE('',#115,#1875);
#1875 = DEFINITIONAL_REPRESENTATION('',(#1876),#1880);
#1876 = LINE('',#1877,#1878);
#1877 = CARTESIAN_POINT('',(48.,48.));
#1878 = VECTOR('',#1879,1.);
#1879 = DIRECTION('',(-0.,-1.));
#1880 = ( GEOMETRIC_REPRESENTATION_CONTEXT(2) 
PARAMETRIC_REPRESENTATION_CONTEXT() REPRESENTATION_CONTEXT('2D SPACE',''
  ) );
#1881 = PCURVE('',#741,#1882);
#1882 = DEFINITIONAL_REPRESENTATION('',(#1883),#1887);
#1883 = LINE('',#1884,#1885);
#1884 = CARTESIAN_POINT('',(-0.,-4.));
#1885 = VECTOR('',#1886,1.);
#1886 = DIRECTION('',(-1.,0.));
#1887 = ( GEOMETRIC_REPRESENTATION_CONTEXT(2) 
PARAMETRIC_REPRESENTATION_CONTEXT() REPRESENTATION_CONTEXT('2D SPACE',''
  ) );
#1888 = ORIENTED_EDGE('',*,*,#1889,.F.);
#1889 = EDGE_CURVE('',#1890,#1867,#1892,.T.);
#1890 = VERTEX_POINT('',#1891);
#1891 = CARTESIAN_POINT('',(-80.95059267115,-54.,96.693284701363));
#1892 = SURFACE_CURVE('',#1893,(#1897,#1904),.PCURVE_S1.);
#1893 = LINE('',#1894,#1895);
#1894 = CARTESIAN_POINT('',(-82.88141680024,-54.,100.33634909587));
#1895 = VECTOR('',#1896,1.);
#1896 = DIRECTION('',(0.468293636984,-0.,-0.883572899969));
#1897 = PCURVE('',#115,#1898);
#1898 = DEFINITIONAL_REPRESENTATION('',(#1899),#1903);
#1899 = LINE('',#1900,#1901);
#1900 = CARTESIAN_POINT('',(103.74634909587,-45.93141680024));
#1901 = VECTOR('',#1902,1.);
#1902 = DIRECTION('',(-0.883572899969,0.468293636984));
#1903 = ( GEOMETRIC_REPRESENTATION_CONTEXT(2) 
PARAMETRIC_REPRESENTATION_CONTEXT() REPRESENTATION_CONTEXT('2D SPACE',''
  ) );
#1904 = PCURVE('',#769,#1905);
#1905 = DEFINITIONAL_REPRESENTATION('',(#1906),#1910);
#1906 = LINE('',#1907,#1908);
#1907 = CARTESIAN_POINT('',(-0.,-4.));
#1908 = VECTOR('',#1909,1.);
#1909 = DIRECTION('',(-1.,0.));
#1910 = ( GEOMETRIC_REPRESENTATION_CONTEXT(2) 
PARAMETRIC_REPRESENTATION_CONTEXT() REPRESENTATION_CONTEXT('2D SPACE',''
  ) );
#1911 = ORIENTED_EDGE('',*,*,#1912,.T.);
#1912 = EDGE_CURVE('',#1890,#1913,#1915,.T.);
#1913 = VERTEX_POINT('',#1914);
#1914 = CARTESIAN_POINT('',(-95.08775907066,-54.,89.200586509622));
#1915 = SURFACE_CURVE('',#1916,(#1921,#1932),.PCURVE_S1.);
#1916 = CIRCLE('',#1917,9.);
#1917 = AXIS2_PLACEMENT_3D('',#1918,#1919,#1920);
#1918 = CARTESIAN_POINT('',(-89.95,-54.,96.59));
#1919 = DIRECTION('',(-0.,-1.,-0.));
#1920 = DIRECTION('',(1.,-0.,-0.));
#1921 = PCURVE('',#115,#1922);
#1922 = DEFINITIONAL_REPRESENTATION('',(#1923),#1931);
#1923 = ( BOUNDED_CURVE() B_SPLINE_CURVE(2,(#1924,#1925,#1926,#1927,
#1928,#1929,#1930),.UNSPECIFIED.,.T.,.F.) B_SPLINE_CURVE_WITH_KNOTS((1,2
    ,2,2,2,1),(-2.094395102393,0.,2.094395102393,4.188790204786,
6.28318530718,8.377580409573),.UNSPECIFIED.) CURVE() 
GEOMETRIC_REPRESENTATION_ITEM() RATIONAL_B_SPLINE_CURVE((1.,0.5,1.,0.5,
1.,0.5,1.)) REPRESENTATION_ITEM('') );
#1924 = CARTESIAN_POINT('',(100.,-44.));
#1925 = CARTESIAN_POINT('',(115.58845726812,-44.));
#1926 = CARTESIAN_POINT('',(107.79422863406,-57.5));
#1927 = CARTESIAN_POINT('',(100.,-71.));
#1928 = CARTESIAN_POINT('',(92.20577136594,-57.5));
#1929 = CARTESIAN_POINT('',(84.41154273188,-44.));
#1930 = CARTESIAN_POINT('',(100.,-44.));
#1931 = ( GEOMETRIC_REPRESENTATION_CONTEXT(2) 
PARAMETRIC_REPRESENTATION_CONTEXT() REPRESENTATION_CONTEXT('2D SPACE',''
  ) );
#1932 = PCURVE('',#802,#1933);
#1933 = DEFINITIONAL_REPRESENTATION('',(#1934),#1938);
#1934 = LINE('',#1935,#1936);
#1935 = CARTESIAN_POINT('',(-0.,-33.9));
#1936 = VECTOR('',#1937,1.);
#1937 = DIRECTION('',(-1.,0.));
#1938 = ( GEOMETRIC_REPRESENTATION_CONTEXT(2) 
PARAMETRIC_REPRESENTATION_CONTEXT() REPRESENTATION_CONTEXT('2D SPACE',''
  ) );
#1939 = ORIENTED_EDGE('',*,*,#1940,.F.);
#1940 = EDGE_CURVE('',#1941,#1913,#1943,.T.);
#1941 = VERTEX_POINT('',#1942);
#1942 = CARTESIAN_POINT('',(-71.44414822056,-54.,44.59));
#1943 = SURFACE_CURVE('',#1944,(#1948,#1955),.PCURVE_S1.);
#1944 = LINE('',#1945,#1946);
#1945 = CARTESIAN_POINT('',(-44.01858319975,-54.,-7.156349095871));
#1946 = VECTOR('',#1947,1.);
#1947 = DIRECTION('',(-0.468293636984,-0.,0.883572899969));
#1948 = PCURVE('',#115,#1949);
#1949 = DEFINITIONAL_REPRESENTATION('',(#1950),#1954);
#1950 = LINE('',#1951,#1952);
#1951 = CARTESIAN_POINT('',(-3.746349095871,-7.06858319975));
#1952 = VECTOR('',#1953,1.);
#1953 = DIRECTION('',(0.883572899969,-0.468293636984));
#1954 = ( GEOMETRIC_REPRESENTATION_CONTEXT(2) 
PARAMETRIC_REPRESENTATION_CONTEXT() REPRESENTATION_CONTEXT('2D SPACE',''
  ) );
#1955 = PCURVE('',#858,#1956);
#1956 = DEFINITIONAL_REPRESENTATION('',(#1957),#1961);
#1957 = LINE('',#1958,#1959);
#1958 = CARTESIAN_POINT('',(-0.,-4.));
#1959 = VECTOR('',#1960,1.);
#1960 = DIRECTION('',(-1.,0.));
#1961 = ( GEOMETRIC_REPRESENTATION_CONTEXT(2) 
PARAMETRIC_REPRESENTATION_CONTEXT() REPRESENTATION_CONTEXT('2D SPACE',''
  ) );
#1962 = ORIENTED_EDGE('',*,*,#1963,.T.);
#1963 = EDGE_CURVE('',#1941,#1964,#1966,.T.);
#1964 = VERTEX_POINT('',#1965);
#1965 = CARTESIAN_POINT('',(-76.95,-54.,44.59));
#1966 = SURFACE_CURVE('',#1967,(#1971,#1978),.PCURVE_S1.);
#1967 = LINE('',#1968,#1969);
#1968 = CARTESIAN_POINT('',(11.05,-54.,44.59));
#1969 = VECTOR('',#1970,1.);
#1970 = DIRECTION('',(-1.,-0.,-0.));
#1971 = PCURVE('',#115,#1972);
#1972 = DEFINITIONAL_REPRESENTATION('',(#1973),#1977);
#1973 = LINE('',#1974,#1975);
#1974 = CARTESIAN_POINT('',(48.,48.));
#1975 = VECTOR('',#1976,1.);
#1976 = DIRECTION('',(-0.,-1.));
#1977 = ( GEOMETRIC_REPRESENTATION_CONTEXT(2) 
PARAMETRIC_REPRESENTATION_CONTEXT() REPRESENTATION_CONTEXT('2D SPACE',''
  ) );
#1978 = PCURVE('',#886,#1979);
#1979 = DEFINITIONAL_REPRESENTATION('',(#1980),#1984);
#1980 = LINE('',#1981,#1982);
#1981 = CARTESIAN_POINT('',(-0.,-4.));
#1982 = VECTOR('',#1983,1.);
#1983 = DIRECTION('',(-1.,0.));
#1984 = ( GEOMETRIC_REPRESENTATION_CONTEXT(2) 
PARAMETRIC_REPRESENTATION_CONTEXT() REPRESENTATION_CONTEXT('2D SPACE',''
  ) );
#1985 = ORIENTED_EDGE('',*,*,#1986,.T.);
#1986 = EDGE_CURVE('',#1964,#1987,#1989,.T.);
#1987 = VERTEX_POINT('',#1988);
#1988 = CARTESIAN_POINT('',(-84.95,-54.,36.59));
#1989 = SURFACE_CURVE('',#1990,(#1995,#2006),.PCURVE_S1.);
#1990 = CIRCLE('',#1991,8.);
#1991 = AXIS2_PLACEMENT_3D('',#1992,#1993,#1994);
#1992 = CARTESIAN_POINT('',(-76.95,-54.,36.59));
#1993 = DIRECTION('',(0.,-1.,0.));
#1994 = DIRECTION('',(-0.,-0.,1.));
#1995 = PCURVE('',#115,#1996);
#1996 = DEFINITIONAL_REPRESENTATION('',(#1997),#2005);
#1997 = ( BOUNDED_CURVE() B_SPLINE_CURVE(2,(#1998,#1999,#2000,#2001,
#2002,#2003,#2004),.UNSPECIFIED.,.T.,.F.) B_SPLINE_CURVE_WITH_KNOTS((1,2
    ,2,2,2,1),(-2.094395102393,0.,2.094395102393,4.188790204786,
6.28318530718,8.377580409573),.UNSPECIFIED.) CURVE() 
GEOMETRIC_REPRESENTATION_ITEM() RATIONAL_B_SPLINE_CURVE((1.,0.5,1.,0.5,
1.,0.5,1.)) REPRESENTATION_ITEM('') );
#1998 = CARTESIAN_POINT('',(48.,-40.));
#1999 = CARTESIAN_POINT('',(48.,-53.85640646055));
#2000 = CARTESIAN_POINT('',(36.,-46.92820323027));
#2001 = CARTESIAN_POINT('',(24.,-40.));
#2002 = CARTESIAN_POINT('',(36.,-33.07179676972));
#2003 = CARTESIAN_POINT('',(48.,-26.14359353944));
#2004 = CARTESIAN_POINT('',(48.,-40.));
#2005 = ( GEOMETRIC_REPRESENTATION_CONTEXT(2) 
PARAMETRIC_REPRESENTATION_CONTEXT() REPRESENTATION_CONTEXT('2D SPACE',''
  ) );
#2006 = PCURVE('',#919,#2007);
#2007 = DEFINITIONAL_REPRESENTATION('',(#2008),#2012);
#2008 = LINE('',#2009,#2010);
#2009 = CARTESIAN_POINT('',(-6.28318530718,4.));
#2010 = VECTOR('',#2011,1.);
#2011 = DIRECTION('',(1.,-0.));
#2012 = ( GEOMETRIC_REPRESENTATION_CONTEXT(2) 
PARAMETRIC_REPRESENTATION_CONTEXT() REPRESENTATION_CONTEXT('2D SPACE',''
  ) );
#2013 = ORIENTED_EDGE('',*,*,#2014,.T.);
#2014 = EDGE_CURVE('',#1987,#2015,#2017,.T.);
#2015 = VERTEX_POINT('',#2016);
#2016 = CARTESIAN_POINT('',(-84.95,-54.,-43.41));
#2017 = SURFACE_CURVE('',#2018,(#2022,#2029),.PCURVE_S1.);
#2018 = LINE('',#2019,#2020);
#2019 = CARTESIAN_POINT('',(-84.95,-54.,44.59));
#2020 = VECTOR('',#2021,1.);
#2021 = DIRECTION('',(-0.,-0.,-1.));
#2022 = PCURVE('',#115,#2023);
#2023 = DEFINITIONAL_REPRESENTATION('',(#2024),#2028);
#2024 = LINE('',#2025,#2026);
#2025 = CARTESIAN_POINT('',(48.,-48.));
#2026 = VECTOR('',#2027,1.);
#2027 = DIRECTION('',(-1.,0.));
#2028 = ( GEOMETRIC_REPRESENTATION_CONTEXT(2) 
PARAMETRIC_REPRESENTATION_CONTEXT() REPRESENTATION_CONTEXT('2D SPACE',''
  ) );
#2029 = PCURVE('',#947,#2030);
#2030 = DEFINITIONAL_REPRESENTATION('',(#2031),#2035);
#2031 = LINE('',#2032,#2033);
#2032 = CARTESIAN_POINT('',(-0.,-4.));
#2033 = VECTOR('',#2034,1.);
#2034 = DIRECTION('',(-1.,0.));
#2035 = ( GEOMETRIC_REPRESENTATION_CONTEXT(2) 
PARAMETRIC_REPRESENTATION_CONTEXT() REPRESENTATION_CONTEXT('2D SPACE',''
  ) );
#2036 = ORIENTED_EDGE('',*,*,#2037,.F.);
#2037 = EDGE_CURVE('',#2038,#2015,#2040,.T.);
#2038 = VERTEX_POINT('',#2039);
#2039 = CARTESIAN_POINT('',(-84.77324771883,-54.,-45.08236214073));
#2040 = SURFACE_CURVE('',#2041,(#2046,#2053),.PCURVE_S1.);
#2041 = CIRCLE('',#2042,8.);
#2042 = AXIS2_PLACEMENT_3D('',#2043,#2044,#2045);
#2043 = CARTESIAN_POINT('',(-76.95,-54.,-43.41));
#2044 = DIRECTION('',(0.,1.,0.));
#2045 = DIRECTION('',(-0.,-0.,1.));
#2046 = PCURVE('',#115,#2047);
#2047 = DEFINITIONAL_REPRESENTATION('',(#2048),#2052);
#2048 = CIRCLE('',#2049,8.);
#2049 = AXIS2_PLACEMENT_2D('',#2050,#2051);
#2050 = CARTESIAN_POINT('',(-40.,-40.));
#2051 = DIRECTION('',(1.,-0.));
#2052 = ( GEOMETRIC_REPRESENTATION_CONTEXT(2) 
PARAMETRIC_REPRESENTATION_CONTEXT() REPRESENTATION_CONTEXT('2D SPACE',''
  ) );
#2053 = PCURVE('',#976,#2054);
#2054 = DEFINITIONAL_REPRESENTATION('',(#2055),#2059);
#2055 = LINE('',#2056,#2057);
#2056 = CARTESIAN_POINT('',(3.14159265359,4.));
#2057 = VECTOR('',#2058,1.);
#2058 = DIRECTION('',(-1.,0.));
#2059 = ( GEOMETRIC_REPRESENTATION_CONTEXT(2) 
PARAMETRIC_REPRESENTATION_CONTEXT() REPRESENTATION_CONTEXT('2D SPACE',''
  ) );
#2060 = ORIENTED_EDGE('',*,*,#2061,.F.);
#2061 = EDGE_CURVE('',#2062,#2038,#2064,.T.);
#2062 = VERTEX_POINT('',#2063);
#2063 = CARTESIAN_POINT('',(-84.7988921416,-54.,-46.44645702152));
#2064 = SURFACE_CURVE('',#2065,(#2070,#2081),.PCURVE_S1.);
#2065 = CIRCLE('',#2066,3.);
#2066 = AXIS2_PLACEMENT_3D('',#2067,#2068,#2069);
#2067 = CARTESIAN_POINT('',(-87.70696561339,-54.,-45.70949794351));
#2068 = DIRECTION('',(0.,-1.,0.));
#2069 = DIRECTION('',(-0.,-0.,1.));
#2070 = PCURVE('',#115,#2071);
#2071 = DEFINITIONAL_REPRESENTATION('',(#2072),#2080);
#2072 = ( BOUNDED_CURVE() B_SPLINE_CURVE(2,(#2073,#2074,#2075,#2076,
#2077,#2078,#2079),.UNSPECIFIED.,.T.,.F.) B_SPLINE_CURVE_WITH_KNOTS((1,2
    ,2,2,2,1),(-2.094395102393,0.,2.094395102393,4.188790204786,
6.28318530718,8.377580409573),.UNSPECIFIED.) CURVE() 
GEOMETRIC_REPRESENTATION_ITEM() RATIONAL_B_SPLINE_CURVE((1.,0.5,1.,0.5,
1.,0.5,1.)) REPRESENTATION_ITEM('') );
#2073 = CARTESIAN_POINT('',(-39.29949794351,-50.75696561339));
#2074 = CARTESIAN_POINT('',(-39.29949794351,-55.95311803609));
#2075 = CARTESIAN_POINT('',(-43.79949794351,-53.35504182474));
#2076 = CARTESIAN_POINT('',(-48.29949794351,-50.75696561339));
#2077 = CARTESIAN_POINT('',(-43.79949794351,-48.15888940203));
#2078 = CARTESIAN_POINT('',(-39.29949794351,-45.56081319068));
#2079 = CARTESIAN_POINT('',(-39.29949794351,-50.75696561339));
#2080 = ( GEOMETRIC_REPRESENTATION_CONTEXT(2) 
PARAMETRIC_REPRESENTATION_CONTEXT() REPRESENTATION_CONTEXT('2D SPACE',''
  ) );
#2081 = PCURVE('',#1009,#2082);
#2082 = DEFINITIONAL_REPRESENTATION('',(#2083),#2087);
#2083 = LINE('',#2084,#2085);
#2084 = CARTESIAN_POINT('',(-10.74738098379,4.));
#2085 = VECTOR('',#2086,1.);
#2086 = DIRECTION('',(1.,-0.));
#2087 = ( GEOMETRIC_REPRESENTATION_CONTEXT(2) 
PARAMETRIC_REPRESENTATION_CONTEXT() REPRESENTATION_CONTEXT('2D SPACE',''
  ) );
#2088 = ORIENTED_EDGE('',*,*,#2089,.T.);
#2089 = EDGE_CURVE('',#2062,#2090,#2092,.T.);
#2090 = VERTEX_POINT('',#2091);
#2091 = CARTESIAN_POINT('',(-98.67422041537,-54.,-101.1991227659));
#2092 = SURFACE_CURVE('',#2093,(#2097,#2104),.PCURVE_S1.);
#2093 = LINE('',#2094,#2095);
#2094 = CARTESIAN_POINT('',(-82.34923136667,-54.,-36.77998607754));
#2095 = VECTOR('',#2096,1.);
#2096 = DIRECTION('',(-0.245653026002,-0.,-0.969357823931));
#2097 = PCURVE('',#115,#2098);
#2098 = DEFINITIONAL_REPRESENTATION('',(#2099),#2103);
#2099 = LINE('',#2100,#2101);
#2100 = CARTESIAN_POINT('',(-33.36998607754,-45.39923136667));
#2101 = VECTOR('',#2102,1.);
#2102 = DIRECTION('',(-0.969357823931,-0.245653026002));
#2103 = ( GEOMETRIC_REPRESENTATION_CONTEXT(2) 
PARAMETRIC_REPRESENTATION_CONTEXT() REPRESENTATION_CONTEXT('2D SPACE',''
  ) );
#2104 = PCURVE('',#1037,#2105);
#2105 = DEFINITIONAL_REPRESENTATION('',(#2106),#2110);
#2106 = LINE('',#2107,#2108);
#2107 = CARTESIAN_POINT('',(-0.,-4.));
#2108 = VECTOR('',#2109,1.);
#2109 = DIRECTION('',(-1.,0.));
#2110 = ( GEOMETRIC_REPRESENTATION_CONTEXT(2) 
PARAMETRIC_REPRESENTATION_CONTEXT() REPRESENTATION_CONTEXT('2D SPACE',''
  ) );
#2111 = ORIENTED_EDGE('',*,*,#2112,.T.);
#2112 = EDGE_CURVE('',#2090,#2113,#2115,.T.);
#2113 = VERTEX_POINT('',#2114);
#2114 = CARTESIAN_POINT('',(-80.97236318903,-54.,-104.0440641059));
#2115 = SURFACE_CURVE('',#2116,(#2121,#2132),.PCURVE_S1.);
#2116 = CIRCLE('',#2117,9.);
#2117 = AXIS2_PLACEMENT_3D('',#2118,#2119,#2120);
#2118 = CARTESIAN_POINT('',(-89.95,-54.,-103.41));
#2119 = DIRECTION('',(-0.,-1.,-0.));
#2120 = DIRECTION('',(1.,-0.,-0.));
#2121 = PCURVE('',#115,#2122);
#2122 = DEFINITIONAL_REPRESENTATION('',(#2123),#2131);
#2123 = ( BOUNDED_CURVE() B_SPLINE_CURVE(2,(#2124,#2125,#2126,#2127,
#2128,#2129,#2130),.UNSPECIFIED.,.T.,.F.) B_SPLINE_CURVE_WITH_KNOTS((1,2
    ,2,2,2,1),(-2.094395102393,0.,2.094395102393,4.188790204786,
6.28318530718,8.377580409573),.UNSPECIFIED.) CURVE() 
GEOMETRIC_REPRESENTATION_ITEM() RATIONAL_B_SPLINE_CURVE((1.,0.5,1.,0.5,
1.,0.5,1.)) REPRESENTATION_ITEM('') );
#2124 = CARTESIAN_POINT('',(-100.,-44.));
#2125 = CARTESIAN_POINT('',(-84.41154273188,-44.));
#2126 = CARTESIAN_POINT('',(-92.20577136594,-57.5));
#2127 = CARTESIAN_POINT('',(-100.,-71.));
#2128 = CARTESIAN_POINT('',(-107.794228634,-57.5));
#2129 = CARTESIAN_POINT('',(-115.5884572681,-44.));
#2130 = CARTESIAN_POINT('',(-100.,-44.));
#2131 = ( GEOMETRIC_REPRESENTATION_CONTEXT(2) 
PARAMETRIC_REPRESENTATION_CONTEXT() REPRESENTATION_CONTEXT('2D SPACE',''
  ) );
#2132 = PCURVE('',#1070,#2133);
#2133 = DEFINITIONAL_REPRESENTATION('',(#2134),#2138);
#2134 = LINE('',#2135,#2136);
#2135 = CARTESIAN_POINT('',(-0.,-33.9));
#2136 = VECTOR('',#2137,1.);
#2137 = DIRECTION('',(-1.,0.));
#2138 = ( GEOMETRIC_REPRESENTATION_CONTEXT(2) 
PARAMETRIC_REPRESENTATION_CONTEXT() REPRESENTATION_CONTEXT('2D SPACE',''
  ) );
#2139 = ORIENTED_EDGE('',*,*,#2140,.T.);
#2140 = EDGE_CURVE('',#2113,#1317,#2141,.T.);
#2141 = SURFACE_CURVE('',#2142,(#2146,#2153),.PCURVE_S1.);
#2142 = LINE('',#2143,#2144);
#2143 = CARTESIAN_POINT('',(-80.97236318903,-54.,-104.0440641059));
#2144 = VECTOR('',#2145,1.);
#2145 = DIRECTION('',(7.045156732569E-02,-0.,0.997515201218));
#2146 = PCURVE('',#115,#2147);
#2147 = DEFINITIONAL_REPRESENTATION('',(#2148),#2152);
#2148 = LINE('',#2149,#2150);
#2149 = CARTESIAN_POINT('',(-100.6340641059,-44.02236318903));
#2150 = VECTOR('',#2151,1.);
#2151 = DIRECTION('',(0.997515201218,7.045156732569E-02));
#2152 = ( GEOMETRIC_REPRESENTATION_CONTEXT(2) 
PARAMETRIC_REPRESENTATION_CONTEXT() REPRESENTATION_CONTEXT('2D SPACE',''
  ) );
#2153 = PCURVE('',#1124,#2154);
#2154 = DEFINITIONAL_REPRESENTATION('',(#2155),#2159);
#2155 = LINE('',#2156,#2157);
#2156 = CARTESIAN_POINT('',(-0.,-4.));
#2157 = VECTOR('',#2158,1.);
#2158 = DIRECTION('',(-1.,0.));
#2159 = ( GEOMETRIC_REPRESENTATION_CONTEXT(2) 
PARAMETRIC_REPRESENTATION_CONTEXT() REPRESENTATION_CONTEXT('2D SPACE',''
  ) );
#2160 = ORIENTED_EDGE('',*,*,#1316,.T.);
#2161 = FACE_BOUND('',#2162,.T.);
#2162 = EDGE_LOOP('',(#2163));
#2163 = ORIENTED_EDGE('',*,*,#2164,.F.);
#2164 = EDGE_CURVE('',#2165,#2165,#2167,.T.);
#2165 = VERTEX_POINT('',#2166);
#2166 = CARTESIAN_POINT('',(-84.85,-54.,96.59));
#2167 = SURFACE_CURVE('',#2168,(#2173,#2184),.PCURVE_S1.);
#2168 = CIRCLE('',#2169,5.1);
#2169 = AXIS2_PLACEMENT_3D('',#2170,#2171,#2172);
#2170 = CARTESIAN_POINT('',(-89.95,-54.,96.59));
#2171 = DIRECTION('',(-0.,-1.,-0.));
#2172 = DIRECTION('',(1.,-0.,-0.));
#2173 = PCURVE('',#115,#2174);
#2174 = DEFINITIONAL_REPRESENTATION('',(#2175),#2183);
#2175 = ( BOUNDED_CURVE() B_SPLINE_CURVE(2,(#2176,#2177,#2178,#2179,
#2180,#2181,#2182),.UNSPECIFIED.,.T.,.F.) B_SPLINE_CURVE_WITH_KNOTS((1,2
    ,2,2,2,1),(-2.094395102393,0.,2.094395102393,4.188790204786,
6.28318530718,8.377580409573),.UNSPECIFIED.) CURVE() 
GEOMETRIC_REPRESENTATION_ITEM() RATIONAL_B_SPLINE_CURVE((1.,0.5,1.,0.5,
1.,0.5,1.)) REPRESENTATION_ITEM('') );
#2176 = CARTESIAN_POINT('',(100.,-47.9));
#2177 = CARTESIAN_POINT('',(108.8334591186,-47.9));
#2178 = CARTESIAN_POINT('',(104.4167295593,-55.55));
#2179 = CARTESIAN_POINT('',(100.,-63.2));
#2180 = CARTESIAN_POINT('',(95.583270440699,-55.55));
#2181 = CARTESIAN_POINT('',(91.166540881399,-47.9));
#2182 = CARTESIAN_POINT('',(100.,-47.9));
#2183 = ( GEOMETRIC_REPRESENTATION_CONTEXT(2) 
PARAMETRIC_REPRESENTATION_CONTEXT() REPRESENTATION_CONTEXT('2D SPACE',''
  ) );
#2184 = PCURVE('',#2185,#2190);
#2185 = CYLINDRICAL_SURFACE('',#2186,5.1);
#2186 = AXIS2_PLACEMENT_3D('',#2187,#2188,#2189);
#2187 = CARTESIAN_POINT('',(-89.95,-54.,96.59));
#2188 = DIRECTION('',(-0.,-1.,-0.));
#2189 = DIRECTION('',(1.,-0.,-0.));
#2190 = DEFINITIONAL_REPRESENTATION('',(#2191),#2195);
#2191 = LINE('',#2192,#2193);
#2192 = CARTESIAN_POINT('',(-6.28318530718,0.));
#2193 = VECTOR('',#2194,1.);
#2194 = DIRECTION('',(1.,-0.));
#2195 = ( GEOMETRIC_REPRESENTATION_CONTEXT(2) 
PARAMETRIC_REPRESENTATION_CONTEXT() REPRESENTATION_CONTEXT('2D SPACE',''
  ) );
#2196 = FACE_BOUND('',#2197,.T.);
#2197 = EDGE_LOOP('',(#2198));
#2198 = ORIENTED_EDGE('',*,*,#2199,.F.);
#2199 = EDGE_CURVE('',#2200,#2200,#2202,.T.);
#2200 = VERTEX_POINT('',#2201);
#2201 = CARTESIAN_POINT('',(-70.45,-54.,32.34));
#2202 = SURFACE_CURVE('',#2203,(#2208,#2219),.PCURVE_S1.);
#2203 = CIRCLE('',#2204,2.25);
#2204 = AXIS2_PLACEMENT_3D('',#2205,#2206,#2207);
#2205 = CARTESIAN_POINT('',(-72.7,-54.,32.34));
#2206 = DIRECTION('',(-0.,-1.,-0.));
#2207 = DIRECTION('',(1.,-0.,-0.));
#2208 = PCURVE('',#115,#2209);
#2209 = DEFINITIONAL_REPRESENTATION('',(#2210),#2218);
#2210 = ( BOUNDED_CURVE() B_SPLINE_CURVE(2,(#2211,#2212,#2213,#2214,
#2215,#2216,#2217),.UNSPECIFIED.,.T.,.F.) B_SPLINE_CURVE_WITH_KNOTS((1,2
    ,2,2,2,1),(-2.094395102393,0.,2.094395102393,4.188790204786,
6.28318530718,8.377580409573),.UNSPECIFIED.) CURVE() 
GEOMETRIC_REPRESENTATION_ITEM() RATIONAL_B_SPLINE_CURVE((1.,0.5,1.,0.5,
1.,0.5,1.)) REPRESENTATION_ITEM('') );
#2211 = CARTESIAN_POINT('',(35.75,-33.5));
#2212 = CARTESIAN_POINT('',(39.64711431703,-33.5));
#2213 = CARTESIAN_POINT('',(37.698557158515,-36.875));
#2214 = CARTESIAN_POINT('',(35.75,-40.25));
#2215 = CARTESIAN_POINT('',(33.801442841485,-36.875));
#2216 = CARTESIAN_POINT('',(31.85288568297,-33.5));
#2217 = CARTESIAN_POINT('',(35.75,-33.5));
#2218 = ( GEOMETRIC_REPRESENTATION_CONTEXT(2) 
PARAMETRIC_REPRESENTATION_CONTEXT() REPRESENTATION_CONTEXT('2D SPACE',''
  ) );
#2219 = PCURVE('',#1159,#2220);
#2220 = DEFINITIONAL_REPRESENTATION('',(#2221),#2225);
#2221 = LINE('',#2222,#2223);
#2222 = CARTESIAN_POINT('',(-0.,-5.));
#2223 = VECTOR('',#2224,1.);
#2224 = DIRECTION('',(-1.,0.));
#2225 = ( GEOMETRIC_REPRESENTATION_CONTEXT(2) 
PARAMETRIC_REPRESENTATION_CONTEXT() REPRESENTATION_CONTEXT('2D SPACE',''
  ) );
#2226 = FACE_BOUND('',#2227,.T.);
#2227 = EDGE_LOOP('',(#2228));
#2228 = ORIENTED_EDGE('',*,*,#2229,.F.);
#2229 = EDGE_CURVE('',#2230,#2230,#2232,.T.);
#2230 = VERTEX_POINT('',#2231);
#2231 = CARTESIAN_POINT('',(-70.45,-54.,-39.16));
#2232 = SURFACE_CURVE('',#2233,(#2238,#2249),.PCURVE_S1.);
#2233 = CIRCLE('',#2234,2.25);
#2234 = AXIS2_PLACEMENT_3D('',#2235,#2236,#2237);
#2235 = CARTESIAN_POINT('',(-72.7,-54.,-39.16));
#2236 = DIRECTION('',(-0.,-1.,-0.));
#2237 = DIRECTION('',(1.,-0.,-0.));
#2238 = PCURVE('',#115,#2239);
#2239 = DEFINITIONAL_REPRESENTATION('',(#2240),#2248);
#2240 = ( BOUNDED_CURVE() B_SPLINE_CURVE(2,(#2241,#2242,#2243,#2244,
#2245,#2246,#2247),.UNSPECIFIED.,.T.,.F.) B_SPLINE_CURVE_WITH_KNOTS((1,2
    ,2,2,2,1),(-2.094395102393,0.,2.094395102393,4.188790204786,
6.28318530718,8.377580409573),.UNSPECIFIED.) CURVE() 
GEOMETRIC_REPRESENTATION_ITEM() RATIONAL_B_SPLINE_CURVE((1.,0.5,1.,0.5,
1.,0.5,1.)) REPRESENTATION_ITEM('') );
#2241 = CARTESIAN_POINT('',(-35.75,-33.5));
#2242 = CARTESIAN_POINT('',(-31.85288568297,-33.5));
#2243 = CARTESIAN_POINT('',(-33.80144284148,-36.875));
#2244 = CARTESIAN_POINT('',(-35.75,-40.25));
#2245 = CARTESIAN_POINT('',(-37.69855715851,-36.875));
#2246 = CARTESIAN_POINT('',(-39.64711431703,-33.5));
#2247 = CARTESIAN_POINT('',(-35.75,-33.5));
#2248 = ( GEOMETRIC_REPRESENTATION_CONTEXT(2) 
PARAMETRIC_REPRESENTATION_CONTEXT() REPRESENTATION_CONTEXT('2D SPACE',''
  ) );
#2249 = PCURVE('',#1194,#2250);
#2250 = DEFINITIONAL_REPRESENTATION('',(#2251),#2255);
#2251 = LINE('',#2252,#2253);
#2252 = CARTESIAN_POINT('',(-0.,-5.));
#2253 = VECTOR('',#2254,1.);
#2254 = DIRECTION('',(-1.,0.));
#2255 = ( GEOMETRIC_REPRESENTATION_CONTEXT(2) 
PARAMETRIC_REPRESENTATION_CONTEXT() REPRESENTATION_CONTEXT('2D SPACE',''
  ) );
#2256 = FACE_BOUND('',#2257,.T.);
#2257 = EDGE_LOOP('',(#2258));
#2258 = ORIENTED_EDGE('',*,*,#2259,.F.);
#2259 = EDGE_CURVE('',#2260,#2260,#2262,.T.);
#2260 = VERTEX_POINT('',#2261);
#2261 = CARTESIAN_POINT('',(-84.85,-54.,-103.41));
#2262 = SURFACE_CURVE('',#2263,(#2268,#2279),.PCURVE_S1.);
#2263 = CIRCLE('',#2264,5.1);
#2264 = AXIS2_PLACEMENT_3D('',#2265,#2266,#2267);
#2265 = CARTESIAN_POINT('',(-89.95,-54.,-103.41));
#2266 = DIRECTION('',(-0.,-1.,-0.));
#2267 = DIRECTION('',(1.,-0.,-0.));
#2268 = PCURVE('',#115,#2269);
#2269 = DEFINITIONAL_REPRESENTATION('',(#2270),#2278);
#2270 = ( BOUNDED_CURVE() B_SPLINE_CURVE(2,(#2271,#2272,#2273,#2274,
#2275,#2276,#2277),.UNSPECIFIED.,.T.,.F.) B_SPLINE_CURVE_WITH_KNOTS((1,2
    ,2,2,2,1),(-2.094395102393,0.,2.094395102393,4.188790204786,
6.28318530718,8.377580409573),.UNSPECIFIED.) CURVE() 
GEOMETRIC_REPRESENTATION_ITEM() RATIONAL_B_SPLINE_CURVE((1.,0.5,1.,0.5,
1.,0.5,1.)) REPRESENTATION_ITEM('') );
#2271 = CARTESIAN_POINT('',(-100.,-47.9));
#2272 = CARTESIAN_POINT('',(-91.16654088139,-47.9));
#2273 = CARTESIAN_POINT('',(-95.58327044069,-55.55));
#2274 = CARTESIAN_POINT('',(-100.,-63.2));
#2275 = CARTESIAN_POINT('',(-104.4167295593,-55.55));
#2276 = CARTESIAN_POINT('',(-108.8334591186,-47.9));
#2277 = CARTESIAN_POINT('',(-100.,-47.9));
#2278 = ( GEOMETRIC_REPRESENTATION_CONTEXT(2) 
PARAMETRIC_REPRESENTATION_CONTEXT() REPRESENTATION_CONTEXT('2D SPACE',''
  ) );
#2279 = PCURVE('',#2280,#2285);
#2280 = CYLINDRICAL_SURFACE('',#2281,5.1);
#2281 = AXIS2_PLACEMENT_3D('',#2282,#2283,#2284);
#2282 = CARTESIAN_POINT('',(-89.95,-54.,-103.41));
#2283 = DIRECTION('',(-0.,-1.,-0.));
#2284 = DIRECTION('',(1.,-0.,-0.));
#2285 = DEFINITIONAL_REPRESENTATION('',(#2286),#2290);
#2286 = LINE('',#2287,#2288);
#2287 = CARTESIAN_POINT('',(-6.28318530718,0.));
#2288 = VECTOR('',#2289,1.);
#2289 = DIRECTION('',(1.,-0.));
#2290 = ( GEOMETRIC_REPRESENTATION_CONTEXT(2) 
PARAMETRIC_REPRESENTATION_CONTEXT() REPRESENTATION_CONTEXT('2D SPACE',''
  ) );
#2291 = FACE_BOUND('',#2292,.T.);
#2292 = EDGE_LOOP('',(#2293));
#2293 = ORIENTED_EDGE('',*,*,#2294,.F.);
#2294 = EDGE_CURVE('',#2295,#2295,#2297,.T.);
#2295 = VERTEX_POINT('',#2296);
#2296 = CARTESIAN_POINT('',(1.05,-54.,-3.41));
#2297 = SURFACE_CURVE('',#2298,(#2303,#2314),.PCURVE_S1.);
#2298 = CIRCLE('',#2299,38.);
#2299 = AXIS2_PLACEMENT_3D('',#2300,#2301,#2302);
#2300 = CARTESIAN_POINT('',(-36.95,-54.,-3.41));
#2301 = DIRECTION('',(-0.,-1.,-0.));
#2302 = DIRECTION('',(1.,-0.,-0.));
#2303 = PCURVE('',#115,#2304);
#2304 = DEFINITIONAL_REPRESENTATION('',(#2305),#2313);
#2305 = ( BOUNDED_CURVE() B_SPLINE_CURVE(2,(#2306,#2307,#2308,#2309,
#2310,#2311,#2312),.UNSPECIFIED.,.T.,.F.) B_SPLINE_CURVE_WITH_KNOTS((1,2
    ,2,2,2,1),(-2.094395102393,0.,2.094395102393,4.188790204786,
6.28318530718,8.377580409573),.UNSPECIFIED.) CURVE() 
GEOMETRIC_REPRESENTATION_ITEM() RATIONAL_B_SPLINE_CURVE((1.,0.5,1.,0.5,
1.,0.5,1.)) REPRESENTATION_ITEM('') );
#2306 = CARTESIAN_POINT('',(0.,38.));
#2307 = CARTESIAN_POINT('',(65.817930687617,38.));
#2308 = CARTESIAN_POINT('',(32.908965343809,-19.));
#2309 = CARTESIAN_POINT('',(9.30731567352E-15,-76.));
#2310 = CARTESIAN_POINT('',(-32.9089653438,-19.));
#2311 = CARTESIAN_POINT('',(-65.81793068761,38.));
#2312 = CARTESIAN_POINT('',(0.,38.));
#2313 = ( GEOMETRIC_REPRESENTATION_CONTEXT(2) 
PARAMETRIC_REPRESENTATION_CONTEXT() REPRESENTATION_CONTEXT('2D SPACE',''
  ) );
#2314 = PCURVE('',#1264,#2315);
#2315 = DEFINITIONAL_REPRESENTATION('',(#2316),#2320);
#2316 = LINE('',#2317,#2318);
#2317 = CARTESIAN_POINT('',(-0.,-5.));
#2318 = VECTOR('',#2319,1.);
#2319 = DIRECTION('',(-1.,0.));
#2320 = ( GEOMETRIC_REPRESENTATION_CONTEXT(2) 
PARAMETRIC_REPRESENTATION_CONTEXT() REPRESENTATION_CONTEXT('2D SPACE',''
  ) );
#2321 = FACE_BOUND('',#2322,.T.);
#2322 = EDGE_LOOP('',(#2323));
#2323 = ORIENTED_EDGE('',*,*,#2324,.F.);
#2324 = EDGE_CURVE('',#2325,#2325,#2327,.T.);
#2325 = VERTEX_POINT('',#2326);
#2326 = CARTESIAN_POINT('',(21.15,-54.,96.59));
#2327 = SURFACE_CURVE('',#2328,(#2333,#2344),.PCURVE_S1.);
#2328 = CIRCLE('',#2329,5.1);
#2329 = AXIS2_PLACEMENT_3D('',#2330,#2331,#2332);
#2330 = CARTESIAN_POINT('',(16.05,-54.,96.59));
#2331 = DIRECTION('',(-0.,-1.,-0.));
#2332 = DIRECTION('',(1.,-0.,-0.));
#2333 = PCURVE('',#115,#2334);
#2334 = DEFINITIONAL_REPRESENTATION('',(#2335),#2343);
#2335 = ( BOUNDED_CURVE() B_SPLINE_CURVE(2,(#2336,#2337,#2338,#2339,
#2340,#2341,#2342),.UNSPECIFIED.,.T.,.F.) B_SPLINE_CURVE_WITH_KNOTS((1,2
    ,2,2,2,1),(-2.094395102393,0.,2.094395102393,4.188790204786,
6.28318530718,8.377580409573),.UNSPECIFIED.) CURVE() 
GEOMETRIC_REPRESENTATION_ITEM() RATIONAL_B_SPLINE_CURVE((1.,0.5,1.,0.5,
1.,0.5,1.)) REPRESENTATION_ITEM('') );
#2336 = CARTESIAN_POINT('',(100.,58.1));
#2337 = CARTESIAN_POINT('',(108.8334591186,58.1));
#2338 = CARTESIAN_POINT('',(104.4167295593,50.45));
#2339 = CARTESIAN_POINT('',(100.,42.8));
#2340 = CARTESIAN_POINT('',(95.583270440699,50.45));
#2341 = CARTESIAN_POINT('',(91.166540881399,58.1));
#2342 = CARTESIAN_POINT('',(100.,58.1));
#2343 = ( GEOMETRIC_REPRESENTATION_CONTEXT(2) 
PARAMETRIC_REPRESENTATION_CONTEXT() REPRESENTATION_CONTEXT('2D SPACE',''
  ) );
#2344 = PCURVE('',#2345,#2350);
#2345 = CYLINDRICAL_SURFACE('',#2346,5.1);
#2346 = AXIS2_PLACEMENT_3D('',#2347,#2348,#2349);
#2347 = CARTESIAN_POINT('',(16.05,-54.,96.59));
#2348 = DIRECTION('',(-0.,-1.,-0.));
#2349 = DIRECTION('',(1.,-0.,-0.));
#2350 = DEFINITIONAL_REPRESENTATION('',(#2351),#2355);
#2351 = LINE('',#2352,#2353);
#2352 = CARTESIAN_POINT('',(-6.28318530718,0.));
#2353 = VECTOR('',#2354,1.);
#2354 = DIRECTION('',(1.,-0.));
#2355 = ( GEOMETRIC_REPRESENTATION_CONTEXT(2) 
PARAMETRIC_REPRESENTATION_CONTEXT() REPRESENTATION_CONTEXT('2D SPACE',''
  ) );
#2356 = FACE_BOUND('',#2357,.T.);
#2357 = EDGE_LOOP('',(#2358));
#2358 = ORIENTED_EDGE('',*,*,#2359,.F.);
#2359 = EDGE_CURVE('',#2360,#2360,#2362,.T.);
#2360 = VERTEX_POINT('',#2361);
#2361 = CARTESIAN_POINT('',(1.05,-54.,32.34));
#2362 = SURFACE_CURVE('',#2363,(#2368,#2379),.PCURVE_S1.);
#2363 = CIRCLE('',#2364,2.25);
#2364 = AXIS2_PLACEMENT_3D('',#2365,#2366,#2367);
#2365 = CARTESIAN_POINT('',(-1.2,-54.,32.34));
#2366 = DIRECTION('',(-0.,-1.,-0.));
#2367 = DIRECTION('',(1.,-0.,-0.));
#2368 = PCURVE('',#115,#2369);
#2369 = DEFINITIONAL_REPRESENTATION('',(#2370),#2378);
#2370 = ( BOUNDED_CURVE() B_SPLINE_CURVE(2,(#2371,#2372,#2373,#2374,
#2375,#2376,#2377),.UNSPECIFIED.,.T.,.F.) B_SPLINE_CURVE_WITH_KNOTS((1,2
    ,2,2,2,1),(-2.094395102393,0.,2.094395102393,4.188790204786,
6.28318530718,8.377580409573),.UNSPECIFIED.) CURVE() 
GEOMETRIC_REPRESENTATION_ITEM() RATIONAL_B_SPLINE_CURVE((1.,0.5,1.,0.5,
1.,0.5,1.)) REPRESENTATION_ITEM('') );
#2371 = CARTESIAN_POINT('',(35.75,38.));
#2372 = CARTESIAN_POINT('',(39.64711431703,38.));
#2373 = CARTESIAN_POINT('',(37.698557158515,34.625));
#2374 = CARTESIAN_POINT('',(35.75,31.25));
#2375 = CARTESIAN_POINT('',(33.801442841485,34.625));
#2376 = CARTESIAN_POINT('',(31.85288568297,38.));
#2377 = CARTESIAN_POINT('',(35.75,38.));
#2378 = ( GEOMETRIC_REPRESENTATION_CONTEXT(2) 
PARAMETRIC_REPRESENTATION_CONTEXT() REPRESENTATION_CONTEXT('2D SPACE',''
  ) );
#2379 = PCURVE('',#1229,#2380);
#2380 = DEFINITIONAL_REPRESENTATION('',(#2381),#2385);
#2381 = LINE('',#2382,#2383);
#2382 = CARTESIAN_POINT('',(-0.,-5.));
#2383 = VECTOR('',#2384,1.);
#2384 = DIRECTION('',(-1.,0.));
#2385 = ( GEOMETRIC_REPRESENTATION_CONTEXT(2) 
PARAMETRIC_REPRESENTATION_CONTEXT() REPRESENTATION_CONTEXT('2D SPACE',''
  ) );
#2386 = FACE_BOUND('',#2387,.T.);
#2387 = EDGE_LOOP('',(#2388));
#2388 = ORIENTED_EDGE('',*,*,#2389,.F.);
#2389 = EDGE_CURVE('',#2390,#2390,#2392,.T.);
#2390 = VERTEX_POINT('',#2391);
#2391 = CARTESIAN_POINT('',(1.05,-54.,-39.16));
#2392 = SURFACE_CURVE('',#2393,(#2398,#2409),.PCURVE_S1.);
#2393 = CIRCLE('',#2394,2.25);
#2394 = AXIS2_PLACEMENT_3D('',#2395,#2396,#2397);
#2395 = CARTESIAN_POINT('',(-1.2,-54.,-39.16));
#2396 = DIRECTION('',(-0.,-1.,-0.));
#2397 = DIRECTION('',(1.,-0.,-0.));
#2398 = PCURVE('',#115,#2399);
#2399 = DEFINITIONAL_REPRESENTATION('',(#2400),#2408);
#2400 = ( BOUNDED_CURVE() B_SPLINE_CURVE(2,(#2401,#2402,#2403,#2404,
#2405,#2406,#2407),.UNSPECIFIED.,.T.,.F.) B_SPLINE_CURVE_WITH_KNOTS((1,2
    ,2,2,2,1),(-2.094395102393,0.,2.094395102393,4.188790204786,
6.28318530718,8.377580409573),.UNSPECIFIED.) CURVE() 
GEOMETRIC_REPRESENTATION_ITEM() RATIONAL_B_SPLINE_CURVE((1.,0.5,1.,0.5,
1.,0.5,1.)) REPRESENTATION_ITEM('') );
#2401 = CARTESIAN_POINT('',(-35.75,38.));
#2402 = CARTESIAN_POINT('',(-31.85288568297,38.));
#2403 = CARTESIAN_POINT('',(-33.80144284148,34.625));
#2404 = CARTESIAN_POINT('',(-35.75,31.25));
#2405 = CARTESIAN_POINT('',(-37.69855715851,34.625));
#2406 = CARTESIAN_POINT('',(-39.64711431703,38.));
#2407 = CARTESIAN_POINT('',(-35.75,38.));
#2408 = ( GEOMETRIC_REPRESENTATION_CONTEXT(2) 
PARAMETRIC_REPRESENTATION_CONTEXT() REPRESENTATION_CONTEXT('2D SPACE',''
  ) );
#2409 = PCURVE('',#1299,#2410);
#2410 = DEFINITIONAL_REPRESENTATION('',(#2411),#2415);
#2411 = LINE('',#2412,#2413);
#2412 = CARTESIAN_POINT('',(-0.,-5.));
#2413 = VECTOR('',#2414,1.);
#2414 = DIRECTION('',(-1.,0.));
#2415 = ( GEOMETRIC_REPRESENTATION_CONTEXT(2) 
PARAMETRIC_REPRESENTATION_CONTEXT() REPRESENTATION_CONTEXT('2D SPACE',''
  ) );
#2416 = FACE_BOUND('',#2417,.T.);
#2417 = EDGE_LOOP('',(#2418));
#2418 = ORIENTED_EDGE('',*,*,#2419,.F.);
#2419 = EDGE_CURVE('',#2420,#2420,#2422,.T.);
#2420 = VERTEX_POINT('',#2421);
#2421 = CARTESIAN_POINT('',(21.15,-54.,-103.41));
#2422 = SURFACE_CURVE('',#2423,(#2428,#2439),.PCURVE_S1.);
#2423 = CIRCLE('',#2424,5.1);
#2424 = AXIS2_PLACEMENT_3D('',#2425,#2426,#2427);
#2425 = CARTESIAN_POINT('',(16.05,-54.,-103.41));
#2426 = DIRECTION('',(-0.,-1.,-0.));
#2427 = DIRECTION('',(1.,-0.,-0.));
#2428 = PCURVE('',#115,#2429);
#2429 = DEFINITIONAL_REPRESENTATION('',(#2430),#2438);
#2430 = ( BOUNDED_CURVE() B_SPLINE_CURVE(2,(#2431,#2432,#2433,#2434,
#2435,#2436,#2437),.UNSPECIFIED.,.T.,.F.) B_SPLINE_CURVE_WITH_KNOTS((1,2
    ,2,2,2,1),(-2.094395102393,0.,2.094395102393,4.188790204786,
6.28318530718,8.377580409573),.UNSPECIFIED.) CURVE() 
GEOMETRIC_REPRESENTATION_ITEM() RATIONAL_B_SPLINE_CURVE((1.,0.5,1.,0.5,
1.,0.5,1.)) REPRESENTATION_ITEM('') );
#2431 = CARTESIAN_POINT('',(-100.,58.1));
#2432 = CARTESIAN_POINT('',(-91.16654088139,58.1));
#2433 = CARTESIAN_POINT('',(-95.58327044069,50.45));
#2434 = CARTESIAN_POINT('',(-100.,42.8));
#2435 = CARTESIAN_POINT('',(-104.4167295593,50.45));
#2436 = CARTESIAN_POINT('',(-108.8334591186,58.1));
#2437 = CARTESIAN_POINT('',(-100.,58.1));
#2438 = ( GEOMETRIC_REPRESENTATION_CONTEXT(2) 
PARAMETRIC_REPRESENTATION_CONTEXT() REPRESENTATION_CONTEXT('2D SPACE',''
  ) );
#2439 = PCURVE('',#2440,#2445);
#2440 = CYLINDRICAL_SURFACE('',#2441,5.1);
#2441 = AXIS2_PLACEMENT_3D('',#2442,#2443,#2444);
#2442 = CARTESIAN_POINT('',(16.05,-54.,-103.41));
#2443 = DIRECTION('',(-0.,-1.,-0.));
#2444 = DIRECTION('',(1.,-0.,-0.));
#2445 = DEFINITIONAL_REPRESENTATION('',(#2446),#2450);
#2446 = LINE('',#2447,#2448);
#2447 = CARTESIAN_POINT('',(-6.28318530718,0.));
#2448 = VECTOR('',#2449,1.);
#2449 = DIRECTION('',(1.,-0.));
#2450 = ( GEOMETRIC_REPRESENTATION_CONTEXT(2) 
PARAMETRIC_REPRESENTATION_CONTEXT() REPRESENTATION_CONTEXT('2D SPACE',''
  ) );
#2451 = ADVANCED_FACE('',(#2452),#1124,.T.);
#2452 = FACE_BOUND('',#2453,.F.);
#2453 = EDGE_LOOP('',(#2454,#2455,#2476,#2477));
#2454 = ORIENTED_EDGE('',*,*,#1110,.F.);
#2455 = ORIENTED_EDGE('',*,*,#2456,.T.);
#2456 = EDGE_CURVE('',#1083,#2113,#2457,.T.);
#2457 = SURFACE_CURVE('',#2458,(#2462,#2469),.PCURVE_S1.);
#2458 = LINE('',#2459,#2460);
#2459 = CARTESIAN_POINT('',(-80.97236318903,-50.,-104.0440641059));
#2460 = VECTOR('',#2461,1.);
#2461 = DIRECTION('',(-0.,-1.,-0.));
#2462 = PCURVE('',#1124,#2463);
#2463 = DEFINITIONAL_REPRESENTATION('',(#2464),#2468);
#2464 = LINE('',#2465,#2466);
#2465 = CARTESIAN_POINT('',(-0.,0.));
#2466 = VECTOR('',#2467,1.);
#2467 = DIRECTION('',(-0.,-1.));
#2468 = ( GEOMETRIC_REPRESENTATION_CONTEXT(2) 
PARAMETRIC_REPRESENTATION_CONTEXT() REPRESENTATION_CONTEXT('2D SPACE',''
  ) );
#2469 = PCURVE('',#1070,#2470);
#2470 = DEFINITIONAL_REPRESENTATION('',(#2471),#2475);
#2471 = LINE('',#2472,#2473);
#2472 = CARTESIAN_POINT('',(-6.212675329138,-29.9));
#2473 = VECTOR('',#2474,1.);
#2474 = DIRECTION('',(-0.,-1.));
#2475 = ( GEOMETRIC_REPRESENTATION_CONTEXT(2) 
PARAMETRIC_REPRESENTATION_CONTEXT() REPRESENTATION_CONTEXT('2D SPACE',''
  ) );
#2476 = ORIENTED_EDGE('',*,*,#2140,.T.);
#2477 = ORIENTED_EDGE('',*,*,#1426,.F.);
#2478 = ADVANCED_FACE('',(#2479),#1070,.T.);
#2479 = FACE_BOUND('',#2480,.F.);
#2480 = EDGE_LOOP('',(#2481,#2514,#2535,#2536,#2557,#2558,#2559,#2560));
#2481 = ORIENTED_EDGE('',*,*,#2482,.F.);
#2482 = EDGE_CURVE('',#2483,#2483,#2485,.T.);
#2483 = VERTEX_POINT('',#2484);
#2484 = CARTESIAN_POINT('',(-80.95,-20.1,-103.41));
#2485 = SURFACE_CURVE('',#2486,(#2491,#2498),.PCURVE_S1.);
#2486 = CIRCLE('',#2487,9.);
#2487 = AXIS2_PLACEMENT_3D('',#2488,#2489,#2490);
#2488 = CARTESIAN_POINT('',(-89.95,-20.1,-103.41));
#2489 = DIRECTION('',(-0.,-1.,-0.));
#2490 = DIRECTION('',(1.,-0.,-0.));
#2491 = PCURVE('',#1070,#2492);
#2492 = DEFINITIONAL_REPRESENTATION('',(#2493),#2497);
#2493 = LINE('',#2494,#2495);
#2494 = CARTESIAN_POINT('',(-0.,0.));
#2495 = VECTOR('',#2496,1.);
#2496 = DIRECTION('',(-1.,0.));
#2497 = ( GEOMETRIC_REPRESENTATION_CONTEXT(2) 
PARAMETRIC_REPRESENTATION_CONTEXT() REPRESENTATION_CONTEXT('2D SPACE',''
  ) );
#2498 = PCURVE('',#2499,#2504);
#2499 = PLANE('',#2500);
#2500 = AXIS2_PLACEMENT_3D('',#2501,#2502,#2503);
#2501 = CARTESIAN_POINT('',(-89.95,-20.1,-103.41));
#2502 = DIRECTION('',(-0.,1.,-0.));
#2503 = DIRECTION('',(0.,0.,1.));
#2504 = DEFINITIONAL_REPRESENTATION('',(#2505),#2513);
#2505 = ( BOUNDED_CURVE() B_SPLINE_CURVE(2,(#2506,#2507,#2508,#2509,
#2510,#2511,#2512),.UNSPECIFIED.,.T.,.F.) B_SPLINE_CURVE_WITH_KNOTS((1,2
    ,2,2,2,1),(-2.094395102393,0.,2.094395102393,4.188790204786,
6.28318530718,8.377580409573),.UNSPECIFIED.) CURVE() 
GEOMETRIC_REPRESENTATION_ITEM() RATIONAL_B_SPLINE_CURVE((1.,0.5,1.,0.5,
1.,0.5,1.)) REPRESENTATION_ITEM('') );
#2506 = CARTESIAN_POINT('',(0.,9.));
#2507 = CARTESIAN_POINT('',(15.58845726812,9.));
#2508 = CARTESIAN_POINT('',(7.79422863406,-4.5));
#2509 = CARTESIAN_POINT('',(2.204364238465E-15,-18.));
#2510 = CARTESIAN_POINT('',(-7.79422863406,-4.5));
#2511 = CARTESIAN_POINT('',(-15.58845726812,9.));
#2512 = CARTESIAN_POINT('',(0.,9.));
#2513 = ( GEOMETRIC_REPRESENTATION_CONTEXT(2) 
PARAMETRIC_REPRESENTATION_CONTEXT() REPRESENTATION_CONTEXT('2D SPACE',''
  ) );
#2514 = ORIENTED_EDGE('',*,*,#2515,.T.);
#2515 = EDGE_CURVE('',#2483,#1050,#2516,.T.);
#2516 = SEAM_CURVE('',#2517,(#2521,#2528),.PCURVE_S1.);
#2517 = LINE('',#2518,#2519);
#2518 = CARTESIAN_POINT('',(-80.95,-20.1,-103.41));
#2519 = VECTOR('',#2520,1.);
#2520 = DIRECTION('',(-0.,-1.,-0.));
#2521 = PCURVE('',#1070,#2522);
#2522 = DEFINITIONAL_REPRESENTATION('',(#2523),#2527);
#2523 = LINE('',#2524,#2525);
#2524 = CARTESIAN_POINT('',(-4.138911435803E-13,0.));
#2525 = VECTOR('',#2526,1.);
#2526 = DIRECTION('',(-0.,-1.));
#2527 = ( GEOMETRIC_REPRESENTATION_CONTEXT(2) 
PARAMETRIC_REPRESENTATION_CONTEXT() REPRESENTATION_CONTEXT('2D SPACE',''
  ) );
#2528 = PCURVE('',#1070,#2529);
#2529 = DEFINITIONAL_REPRESENTATION('',(#2530),#2534);
#2530 = LINE('',#2531,#2532);
#2531 = CARTESIAN_POINT('',(-6.28318530718,0.));
#2532 = VECTOR('',#2533,1.);
#2533 = DIRECTION('',(-0.,-1.));
#2534 = ( GEOMETRIC_REPRESENTATION_CONTEXT(2) 
PARAMETRIC_REPRESENTATION_CONTEXT() REPRESENTATION_CONTEXT('2D SPACE',''
  ) );
#2535 = ORIENTED_EDGE('',*,*,#1049,.T.);
#2536 = ORIENTED_EDGE('',*,*,#2537,.T.);
#2537 = EDGE_CURVE('',#1022,#2090,#2538,.T.);
#2538 = SURFACE_CURVE('',#2539,(#2543,#2550),.PCURVE_S1.);
#2539 = LINE('',#2540,#2541);
#2540 = CARTESIAN_POINT('',(-98.67422041537,-50.,-101.1991227659));
#2541 = VECTOR('',#2542,1.);
#2542 = DIRECTION('',(-0.,-1.,-0.));
#2543 = PCURVE('',#1070,#2544);
#2544 = DEFINITIONAL_REPRESENTATION('',(#2545),#2549);
#2545 = LINE('',#2546,#2547);
#2546 = CARTESIAN_POINT('',(-2.893399349824,-29.9));
#2547 = VECTOR('',#2548,1.);
#2548 = DIRECTION('',(-0.,-1.));
#2549 = ( GEOMETRIC_REPRESENTATION_CONTEXT(2) 
PARAMETRIC_REPRESENTATION_CONTEXT() REPRESENTATION_CONTEXT('2D SPACE',''
  ) );
#2550 = PCURVE('',#1037,#2551);
#2551 = DEFINITIONAL_REPRESENTATION('',(#2552),#2556);
#2552 = LINE('',#2553,#2554);
#2553 = CARTESIAN_POINT('',(-66.45547711899,0.));
#2554 = VECTOR('',#2555,1.);
#2555 = DIRECTION('',(-0.,-1.));
#2556 = ( GEOMETRIC_REPRESENTATION_CONTEXT(2) 
PARAMETRIC_REPRESENTATION_CONTEXT() REPRESENTATION_CONTEXT('2D SPACE',''
  ) );
#2557 = ORIENTED_EDGE('',*,*,#2112,.T.);
#2558 = ORIENTED_EDGE('',*,*,#2456,.F.);
#2559 = ORIENTED_EDGE('',*,*,#1082,.T.);
#2560 = ORIENTED_EDGE('',*,*,#2515,.F.);
#2561 = ADVANCED_FACE('',(#2562),#408,.T.);
#2562 = FACE_BOUND('',#2563,.F.);
#2563 = EDGE_LOOP('',(#2564,#2565,#2566,#2567));
#2564 = ORIENTED_EDGE('',*,*,#392,.F.);
#2565 = ORIENTED_EDGE('',*,*,#1566,.T.);
#2566 = ORIENTED_EDGE('',*,*,#1596,.T.);
#2567 = ORIENTED_EDGE('',*,*,#2568,.F.);
#2568 = EDGE_CURVE('',#393,#1597,#2569,.T.);
#2569 = SURFACE_CURVE('',#2570,(#2574,#2581),.PCURVE_S1.);
#2570 = LINE('',#2571,#2572);
#2571 = CARTESIAN_POINT('',(7.072363189036,-50.,-104.0440641059));
#2572 = VECTOR('',#2573,1.);
#2573 = DIRECTION('',(-0.,-1.,-0.));
#2574 = PCURVE('',#408,#2575);
#2575 = DEFINITIONAL_REPRESENTATION('',(#2576),#2580);
#2576 = LINE('',#2577,#2578);
#2577 = CARTESIAN_POINT('',(-66.45547711905,0.));
#2578 = VECTOR('',#2579,1.);
#2579 = DIRECTION('',(-0.,-1.));
#2580 = ( GEOMETRIC_REPRESENTATION_CONTEXT(2) 
PARAMETRIC_REPRESENTATION_CONTEXT() REPRESENTATION_CONTEXT('2D SPACE',''
  ) );
#2581 = PCURVE('',#441,#2582);
#2582 = DEFINITIONAL_REPRESENTATION('',(#2583),#2586);
#2583 = B_SPLINE_CURVE_WITH_KNOTS('',1,(#2584,#2585),.UNSPECIFIED.,.F.,
  .F.,(2,2),(0.,4.),.PIECEWISE_BEZIER_KNOTS.);
#2584 = CARTESIAN_POINT('',(-3.212102631631,-29.9));
#2585 = CARTESIAN_POINT('',(-3.212102631631,-33.9));
#2586 = ( GEOMETRIC_REPRESENTATION_CONTEXT(2) 
PARAMETRIC_REPRESENTATION_CONTEXT() REPRESENTATION_CONTEXT('2D SPACE',''
  ) );
#2587 = ADVANCED_FACE('',(#2588),#1037,.T.);
#2588 = FACE_BOUND('',#2589,.F.);
#2589 = EDGE_LOOP('',(#2590,#2591,#2612,#2613));
#2590 = ORIENTED_EDGE('',*,*,#1021,.F.);
#2591 = ORIENTED_EDGE('',*,*,#2592,.T.);
#2592 = EDGE_CURVE('',#989,#2062,#2593,.T.);
#2593 = SURFACE_CURVE('',#2594,(#2598,#2605),.PCURVE_S1.);
#2594 = LINE('',#2595,#2596);
#2595 = CARTESIAN_POINT('',(-84.7988921416,-50.,-46.44645702152));
#2596 = VECTOR('',#2597,1.);
#2597 = DIRECTION('',(-0.,-1.,-0.));
#2598 = PCURVE('',#1037,#2599);
#2599 = DEFINITIONAL_REPRESENTATION('',(#2600),#2604);
#2600 = LINE('',#2601,#2602);
#2601 = CARTESIAN_POINT('',(-9.972035821388,0.));
#2602 = VECTOR('',#2603,1.);
#2603 = DIRECTION('',(-0.,-1.));
#2604 = ( GEOMETRIC_REPRESENTATION_CONTEXT(2) 
PARAMETRIC_REPRESENTATION_CONTEXT() REPRESENTATION_CONTEXT('2D SPACE',''
  ) );
#2605 = PCURVE('',#1009,#2606);
#2606 = DEFINITIONAL_REPRESENTATION('',(#2607),#2611);
#2607 = LINE('',#2608,#2609);
#2608 = CARTESIAN_POINT('',(-6.28318530718,0.));
#2609 = VECTOR('',#2610,1.);
#2610 = DIRECTION('',(0.,1.));
#2611 = ( GEOMETRIC_REPRESENTATION_CONTEXT(2) 
PARAMETRIC_REPRESENTATION_CONTEXT() REPRESENTATION_CONTEXT('2D SPACE',''
  ) );
#2612 = ORIENTED_EDGE('',*,*,#2089,.T.);
#2613 = ORIENTED_EDGE('',*,*,#2537,.F.);
#2614 = ADVANCED_FACE('',(#2615),#441,.T.);
#2615 = FACE_BOUND('',#2616,.F.);
#2616 = EDGE_LOOP('',(#2617,#2650,#2673,#2694,#2695,#2696,#2697,#2717,
    #2718));
#2617 = ORIENTED_EDGE('',*,*,#2618,.F.);
#2618 = EDGE_CURVE('',#2619,#2619,#2621,.T.);
#2619 = VERTEX_POINT('',#2620);
#2620 = CARTESIAN_POINT('',(25.05,-20.1,-103.41));
#2621 = SURFACE_CURVE('',#2622,(#2627,#2634),.PCURVE_S1.);
#2622 = CIRCLE('',#2623,9.);
#2623 = AXIS2_PLACEMENT_3D('',#2624,#2625,#2626);
#2624 = CARTESIAN_POINT('',(16.05,-20.1,-103.41));
#2625 = DIRECTION('',(-0.,-1.,-0.));
#2626 = DIRECTION('',(1.,-0.,-0.));
#2627 = PCURVE('',#441,#2628);
#2628 = DEFINITIONAL_REPRESENTATION('',(#2629),#2633);
#2629 = LINE('',#2630,#2631);
#2630 = CARTESIAN_POINT('',(-0.,0.));
#2631 = VECTOR('',#2632,1.);
#2632 = DIRECTION('',(-1.,0.));
#2633 = ( GEOMETRIC_REPRESENTATION_CONTEXT(2) 
PARAMETRIC_REPRESENTATION_CONTEXT() REPRESENTATION_CONTEXT('2D SPACE',''
  ) );
#2634 = PCURVE('',#2635,#2640);
#2635 = PLANE('',#2636);
#2636 = AXIS2_PLACEMENT_3D('',#2637,#2638,#2639);
#2637 = CARTESIAN_POINT('',(16.05,-20.1,-103.41));
#2638 = DIRECTION('',(-0.,1.,-0.));
#2639 = DIRECTION('',(0.,0.,1.));
#2640 = DEFINITIONAL_REPRESENTATION('',(#2641),#2649);
#2641 = ( BOUNDED_CURVE() B_SPLINE_CURVE(2,(#2642,#2643,#2644,#2645,
#2646,#2647,#2648),.UNSPECIFIED.,.T.,.F.) B_SPLINE_CURVE_WITH_KNOTS((1,2
    ,2,2,2,1),(-2.094395102393,0.,2.094395102393,4.188790204786,
6.28318530718,8.377580409573),.UNSPECIFIED.) CURVE() 
GEOMETRIC_REPRESENTATION_ITEM() RATIONAL_B_SPLINE_CURVE((1.,0.5,1.,0.5,
1.,0.5,1.)) REPRESENTATION_ITEM('') );
#2642 = CARTESIAN_POINT('',(0.,9.));
#2643 = CARTESIAN_POINT('',(15.58845726812,9.));
#2644 = CARTESIAN_POINT('',(7.79422863406,-4.5));
#2645 = CARTESIAN_POINT('',(2.204364238465E-15,-18.));
#2646 = CARTESIAN_POINT('',(-7.79422863406,-4.5));
#2647 = CARTESIAN_POINT('',(-15.58845726812,9.));
#2648 = CARTESIAN_POINT('',(0.,9.));
#2649 = ( GEOMETRIC_REPRESENTATION_CONTEXT(2) 
PARAMETRIC_REPRESENTATION_CONTEXT() REPRESENTATION_CONTEXT('2D SPACE',''
  ) );
#2650 = ORIENTED_EDGE('',*,*,#2651,.T.);
#2651 = EDGE_CURVE('',#2619,#2652,#2654,.T.);
#2652 = VERTEX_POINT('',#2653);
#2653 = CARTESIAN_POINT('',(25.05,-50.,-103.41));
#2654 = SEAM_CURVE('',#2655,(#2659,#2666),.PCURVE_S1.);
#2655 = LINE('',#2656,#2657);
#2656 = CARTESIAN_POINT('',(25.05,-20.1,-103.41));
#2657 = VECTOR('',#2658,1.);
#2658 = DIRECTION('',(-0.,-1.,-0.));
#2659 = PCURVE('',#441,#2660);
#2660 = DEFINITIONAL_REPRESENTATION('',(#2661),#2665);
#2661 = LINE('',#2662,#2663);
#2662 = CARTESIAN_POINT('',(-4.138911435803E-13,0.));
#2663 = VECTOR('',#2664,1.);
#2664 = DIRECTION('',(-0.,-1.));
#2665 = ( GEOMETRIC_REPRESENTATION_CONTEXT(2) 
PARAMETRIC_REPRESENTATION_CONTEXT() REPRESENTATION_CONTEXT('2D SPACE',''
  ) );
#2666 = PCURVE('',#441,#2667);
#2667 = DEFINITIONAL_REPRESENTATION('',(#2668),#2672);
#2668 = LINE('',#2669,#2670);
#2669 = CARTESIAN_POINT('',(-6.28318530718,0.));
#2670 = VECTOR('',#2671,1.);
#2671 = DIRECTION('',(-0.,-1.));
#2672 = ( GEOMETRIC_REPRESENTATION_CONTEXT(2) 
PARAMETRIC_REPRESENTATION_CONTEXT() REPRESENTATION_CONTEXT('2D SPACE',''
  ) );
#2673 = ORIENTED_EDGE('',*,*,#2674,.T.);
#2674 = EDGE_CURVE('',#2652,#421,#2675,.T.);
#2675 = SEAM_CURVE('',#2676,(#2681,#2687),.PCURVE_S1.);
#2676 = CIRCLE('',#2677,9.);
#2677 = AXIS2_PLACEMENT_3D('',#2678,#2679,#2680);
#2678 = CARTESIAN_POINT('',(16.05,-50.,-103.41));
#2679 = DIRECTION('',(0.,-1.,0.));
#2680 = DIRECTION('',(-0.997515201218,-0.,-7.045156732569E-02));
#2681 = PCURVE('',#441,#2682);
#2682 = DEFINITIONAL_REPRESENTATION('',(#2683),#2686);
#2683 = B_SPLINE_CURVE_WITH_KNOTS('',1,(#2684,#2685),.UNSPECIFIED.,.F.,
  .F.,(2,2),(3.071082675548,3.319275979314),.PIECEWISE_BEZIER_KNOTS.);
#2684 = CARTESIAN_POINT('',(0.,-29.9));
#2685 = CARTESIAN_POINT('',(-0.248193303766,-29.9));
#2686 = ( GEOMETRIC_REPRESENTATION_CONTEXT(2) 
PARAMETRIC_REPRESENTATION_CONTEXT() REPRESENTATION_CONTEXT('2D SPACE',''
  ) );
#2687 = PCURVE('',#441,#2688);
#2688 = DEFINITIONAL_REPRESENTATION('',(#2689),#2693);
#2689 = LINE('',#2690,#2691);
#2690 = CARTESIAN_POINT('',(-3.212102631631,-29.9));
#2691 = VECTOR('',#2692,1.);
#2692 = DIRECTION('',(-1.,0.));
#2693 = ( GEOMETRIC_REPRESENTATION_CONTEXT(2) 
PARAMETRIC_REPRESENTATION_CONTEXT() REPRESENTATION_CONTEXT('2D SPACE',''
  ) );
#2694 = ORIENTED_EDGE('',*,*,#420,.T.);
#2695 = ORIENTED_EDGE('',*,*,#2568,.T.);
#2696 = ORIENTED_EDGE('',*,*,#1619,.F.);
#2697 = ORIENTED_EDGE('',*,*,#2698,.F.);
#2698 = EDGE_CURVE('',#421,#1620,#2699,.T.);
#2699 = SURFACE_CURVE('',#2700,(#2704,#2710),.PCURVE_S1.);
#2700 = LINE('',#2701,#2702);
#2701 = CARTESIAN_POINT('',(24.774220415378,-50.,-101.1991227659));
#2702 = VECTOR('',#2703,1.);
#2703 = DIRECTION('',(-0.,-1.,-0.));
#2704 = PCURVE('',#441,#2705);
#2705 = DEFINITIONAL_REPRESENTATION('',(#2706),#2709);
#2706 = B_SPLINE_CURVE_WITH_KNOTS('',1,(#2707,#2708),.UNSPECIFIED.,.F.,
  .F.,(2,2),(0.,4.),.PIECEWISE_BEZIER_KNOTS.);
#2707 = CARTESIAN_POINT('',(-6.531378610946,-29.9));
#2708 = CARTESIAN_POINT('',(-6.531378610946,-33.9));
#2709 = ( GEOMETRIC_REPRESENTATION_CONTEXT(2) 
PARAMETRIC_REPRESENTATION_CONTEXT() REPRESENTATION_CONTEXT('2D SPACE',''
  ) );
#2710 = PCURVE('',#469,#2711);
#2711 = DEFINITIONAL_REPRESENTATION('',(#2712),#2716);
#2712 = LINE('',#2713,#2714);
#2713 = CARTESIAN_POINT('',(-0.,0.));
#2714 = VECTOR('',#2715,1.);
#2715 = DIRECTION('',(-0.,-1.));
#2716 = ( GEOMETRIC_REPRESENTATION_CONTEXT(2) 
PARAMETRIC_REPRESENTATION_CONTEXT() REPRESENTATION_CONTEXT('2D SPACE',''
  ) );
#2717 = ORIENTED_EDGE('',*,*,#2674,.F.);
#2718 = ORIENTED_EDGE('',*,*,#2651,.F.);
#2719 = ADVANCED_FACE('',(#2720),#1009,.F.);
#2720 = FACE_BOUND('',#2721,.T.);
#2721 = EDGE_LOOP('',(#2722,#2723,#2724,#2745));
#2722 = ORIENTED_EDGE('',*,*,#2592,.T.);
#2723 = ORIENTED_EDGE('',*,*,#2061,.T.);
#2724 = ORIENTED_EDGE('',*,*,#2725,.F.);
#2725 = EDGE_CURVE('',#960,#2038,#2726,.T.);
#2726 = SURFACE_CURVE('',#2727,(#2731,#2738),.PCURVE_S1.);
#2727 = LINE('',#2728,#2729);
#2728 = CARTESIAN_POINT('',(-84.77324771883,-50.,-45.08236214073));
#2729 = VECTOR('',#2730,1.);
#2730 = DIRECTION('',(-0.,-1.,-0.));
#2731 = PCURVE('',#1009,#2732);
#2732 = DEFINITIONAL_REPRESENTATION('',(#2733),#2737);
#2733 = LINE('',#2734,#2735);
#2734 = CARTESIAN_POINT('',(-5.824393448588,0.));
#2735 = VECTOR('',#2736,1.);
#2736 = DIRECTION('',(0.,1.));
#2737 = ( GEOMETRIC_REPRESENTATION_CONTEXT(2) 
PARAMETRIC_REPRESENTATION_CONTEXT() REPRESENTATION_CONTEXT('2D SPACE',''
  ) );
#2738 = PCURVE('',#976,#2739);
#2739 = DEFINITIONAL_REPRESENTATION('',(#2740),#2744);
#2740 = LINE('',#2741,#2742);
#2741 = CARTESIAN_POINT('',(-1.360197771969,0.));
#2742 = VECTOR('',#2743,1.);
#2743 = DIRECTION('',(-0.,1.));
#2744 = ( GEOMETRIC_REPRESENTATION_CONTEXT(2) 
PARAMETRIC_REPRESENTATION_CONTEXT() REPRESENTATION_CONTEXT('2D SPACE',''
  ) );
#2745 = ORIENTED_EDGE('',*,*,#988,.F.);
#2746 = ADVANCED_FACE('',(#2747),#469,.T.);
#2747 = FACE_BOUND('',#2748,.F.);
#2748 = EDGE_LOOP('',(#2749,#2750,#2751,#2752));
#2749 = ORIENTED_EDGE('',*,*,#453,.F.);
#2750 = ORIENTED_EDGE('',*,*,#2698,.T.);
#2751 = ORIENTED_EDGE('',*,*,#1643,.T.);
#2752 = ORIENTED_EDGE('',*,*,#2753,.F.);
#2753 = EDGE_CURVE('',#454,#1644,#2754,.T.);
#2754 = SURFACE_CURVE('',#2755,(#2759,#2766),.PCURVE_S1.);
#2755 = LINE('',#2756,#2757);
#2756 = CARTESIAN_POINT('',(10.898892141602,-50.,-46.44645702152));
#2757 = VECTOR('',#2758,1.);
#2758 = DIRECTION('',(-0.,-1.,-0.));
#2759 = PCURVE('',#469,#2760);
#2760 = DEFINITIONAL_REPRESENTATION('',(#2761),#2765);
#2761 = LINE('',#2762,#2763);
#2762 = CARTESIAN_POINT('',(-56.48344129761,0.));
#2763 = VECTOR('',#2764,1.);
#2764 = DIRECTION('',(-0.,-1.));
#2765 = ( GEOMETRIC_REPRESENTATION_CONTEXT(2) 
PARAMETRIC_REPRESENTATION_CONTEXT() REPRESENTATION_CONTEXT('2D SPACE',''
  ) );
#2766 = PCURVE('',#502,#2767);
#2767 = DEFINITIONAL_REPRESENTATION('',(#2768),#2772);
#2768 = LINE('',#2769,#2770);
#2769 = CARTESIAN_POINT('',(-5.824393448588,0.));
#2770 = VECTOR('',#2771,1.);
#2771 = DIRECTION('',(0.,1.));
#2772 = ( GEOMETRIC_REPRESENTATION_CONTEXT(2) 
PARAMETRIC_REPRESENTATION_CONTEXT() REPRESENTATION_CONTEXT('2D SPACE',''
  ) );
#2773 = ADVANCED_FACE('',(#2774),#976,.T.);
#2774 = FACE_BOUND('',#2775,.F.);
#2775 = EDGE_LOOP('',(#2776,#2777,#2778,#2779));
#2776 = ORIENTED_EDGE('',*,*,#2037,.F.);
#2777 = ORIENTED_EDGE('',*,*,#2725,.F.);
#2778 = ORIENTED_EDGE('',*,*,#959,.T.);
#2779 = ORIENTED_EDGE('',*,*,#2780,.T.);
#2780 = EDGE_CURVE('',#932,#2015,#2781,.T.);
#2781 = SURFACE_CURVE('',#2782,(#2786,#2793),.PCURVE_S1.);
#2782 = LINE('',#2783,#2784);
#2783 = CARTESIAN_POINT('',(-84.95,-50.,-43.41));
#2784 = VECTOR('',#2785,1.);
#2785 = DIRECTION('',(-0.,-1.,-0.));
#2786 = PCURVE('',#976,#2787);
#2787 = DEFINITIONAL_REPRESENTATION('',(#2788),#2792);
#2788 = LINE('',#2789,#2790);
#2789 = CARTESIAN_POINT('',(-1.570796326795,0.));
#2790 = VECTOR('',#2791,1.);
#2791 = DIRECTION('',(-0.,1.));
#2792 = ( GEOMETRIC_REPRESENTATION_CONTEXT(2) 
PARAMETRIC_REPRESENTATION_CONTEXT() REPRESENTATION_CONTEXT('2D SPACE',''
  ) );
#2793 = PCURVE('',#947,#2794);
#2794 = DEFINITIONAL_REPRESENTATION('',(#2795),#2799);
#2795 = LINE('',#2796,#2797);
#2796 = CARTESIAN_POINT('',(-88.,0.));
#2797 = VECTOR('',#2798,1.);
#2798 = DIRECTION('',(-0.,-1.));
#2799 = ( GEOMETRIC_REPRESENTATION_CONTEXT(2) 
PARAMETRIC_REPRESENTATION_CONTEXT() REPRESENTATION_CONTEXT('2D SPACE',''
  ) );
#2800 = ADVANCED_FACE('',(#2801),#502,.F.);
#2801 = FACE_BOUND('',#2802,.T.);
#2802 = EDGE_LOOP('',(#2803,#2824,#2825,#2826));
#2803 = ORIENTED_EDGE('',*,*,#2804,.T.);
#2804 = EDGE_CURVE('',#482,#1667,#2805,.T.);
#2805 = SURFACE_CURVE('',#2806,(#2810,#2817),.PCURVE_S1.);
#2806 = LINE('',#2807,#2808);
#2807 = CARTESIAN_POINT('',(10.873247718833,-50.,-45.08236214073));
#2808 = VECTOR('',#2809,1.);
#2809 = DIRECTION('',(-0.,-1.,-0.));
#2810 = PCURVE('',#502,#2811);
#2811 = DEFINITIONAL_REPRESENTATION('',(#2812),#2816);
#2812 = LINE('',#2813,#2814);
#2813 = CARTESIAN_POINT('',(-6.28318530718,0.));
#2814 = VECTOR('',#2815,1.);
#2815 = DIRECTION('',(0.,1.));
#2816 = ( GEOMETRIC_REPRESENTATION_CONTEXT(2) 
PARAMETRIC_REPRESENTATION_CONTEXT() REPRESENTATION_CONTEXT('2D SPACE',''
  ) );
#2817 = PCURVE('',#535,#2818);
#2818 = DEFINITIONAL_REPRESENTATION('',(#2819),#2823);
#2819 = LINE('',#2820,#2821);
#2820 = CARTESIAN_POINT('',(-4.922987535211,0.));
#2821 = VECTOR('',#2822,1.);
#2822 = DIRECTION('',(0.,1.));
#2823 = ( GEOMETRIC_REPRESENTATION_CONTEXT(2) 
PARAMETRIC_REPRESENTATION_CONTEXT() REPRESENTATION_CONTEXT('2D SPACE',''
  ) );
#2824 = ORIENTED_EDGE('',*,*,#1666,.T.);
#2825 = ORIENTED_EDGE('',*,*,#2753,.F.);
#2826 = ORIENTED_EDGE('',*,*,#481,.F.);
#2827 = ADVANCED_FACE('',(#2828),#947,.T.);
#2828 = FACE_BOUND('',#2829,.F.);
#2829 = EDGE_LOOP('',(#2830,#2831,#2852,#2853));
#2830 = ORIENTED_EDGE('',*,*,#931,.F.);
#2831 = ORIENTED_EDGE('',*,*,#2832,.T.);
#2832 = EDGE_CURVE('',#899,#1987,#2833,.T.);
#2833 = SURFACE_CURVE('',#2834,(#2838,#2845),.PCURVE_S1.);
#2834 = LINE('',#2835,#2836);
#2835 = CARTESIAN_POINT('',(-84.95,-50.,36.59));
#2836 = VECTOR('',#2837,1.);
#2837 = DIRECTION('',(-0.,-1.,-0.));
#2838 = PCURVE('',#947,#2839);
#2839 = DEFINITIONAL_REPRESENTATION('',(#2840),#2844);
#2840 = LINE('',#2841,#2842);
#2841 = CARTESIAN_POINT('',(-8.,0.));
#2842 = VECTOR('',#2843,1.);
#2843 = DIRECTION('',(-0.,-1.));
#2844 = ( GEOMETRIC_REPRESENTATION_CONTEXT(2) 
PARAMETRIC_REPRESENTATION_CONTEXT() REPRESENTATION_CONTEXT('2D SPACE',''
  ) );
#2845 = PCURVE('',#919,#2846);
#2846 = DEFINITIONAL_REPRESENTATION('',(#2847),#2851);
#2847 = LINE('',#2848,#2849);
#2848 = CARTESIAN_POINT('',(-4.712388980385,0.));
#2849 = VECTOR('',#2850,1.);
#2850 = DIRECTION('',(0.,1.));
#2851 = ( GEOMETRIC_REPRESENTATION_CONTEXT(2) 
PARAMETRIC_REPRESENTATION_CONTEXT() REPRESENTATION_CONTEXT('2D SPACE',''
  ) );
#2852 = ORIENTED_EDGE('',*,*,#2014,.T.);
#2853 = ORIENTED_EDGE('',*,*,#2780,.F.);
#2854 = ADVANCED_FACE('',(#2855),#535,.T.);
#2855 = FACE_BOUND('',#2856,.F.);
#2856 = EDGE_LOOP('',(#2857,#2878,#2879,#2880));
#2857 = ORIENTED_EDGE('',*,*,#2858,.F.);
#2858 = EDGE_CURVE('',#515,#1695,#2859,.T.);
#2859 = SURFACE_CURVE('',#2860,(#2864,#2871),.PCURVE_S1.);
#2860 = LINE('',#2861,#2862);
#2861 = CARTESIAN_POINT('',(11.05,-50.,-43.41));
#2862 = VECTOR('',#2863,1.);
#2863 = DIRECTION('',(-0.,-1.,-0.));
#2864 = PCURVE('',#535,#2865);
#2865 = DEFINITIONAL_REPRESENTATION('',(#2866),#2870);
#2866 = LINE('',#2867,#2868);
#2867 = CARTESIAN_POINT('',(-4.712388980385,0.));
#2868 = VECTOR('',#2869,1.);
#2869 = DIRECTION('',(0.,1.));
#2870 = ( GEOMETRIC_REPRESENTATION_CONTEXT(2) 
PARAMETRIC_REPRESENTATION_CONTEXT() REPRESENTATION_CONTEXT('2D SPACE',''
  ) );
#2871 = PCURVE('',#563,#2872);
#2872 = DEFINITIONAL_REPRESENTATION('',(#2873),#2877);
#2873 = LINE('',#2874,#2875);
#2874 = CARTESIAN_POINT('',(-8.,0.));
#2875 = VECTOR('',#2876,1.);
#2876 = DIRECTION('',(-0.,-1.));
#2877 = ( GEOMETRIC_REPRESENTATION_CONTEXT(2) 
PARAMETRIC_REPRESENTATION_CONTEXT() REPRESENTATION_CONTEXT('2D SPACE',''
  ) );
#2878 = ORIENTED_EDGE('',*,*,#514,.F.);
#2879 = ORIENTED_EDGE('',*,*,#2804,.T.);
#2880 = ORIENTED_EDGE('',*,*,#1694,.T.);
#2881 = ADVANCED_FACE('',(#2882),#919,.T.);
#2882 = FACE_BOUND('',#2883,.F.);
#2883 = EDGE_LOOP('',(#2884,#2905,#2906,#2907));
#2884 = ORIENTED_EDGE('',*,*,#2885,.T.);
#2885 = EDGE_CURVE('',#871,#1964,#2886,.T.);
#2886 = SURFACE_CURVE('',#2887,(#2891,#2898),.PCURVE_S1.);
#2887 = LINE('',#2888,#2889);
#2888 = CARTESIAN_POINT('',(-76.95,-50.,44.59));
#2889 = VECTOR('',#2890,1.);
#2890 = DIRECTION('',(-0.,-1.,-0.));
#2891 = PCURVE('',#919,#2892);
#2892 = DEFINITIONAL_REPRESENTATION('',(#2893),#2897);
#2893 = LINE('',#2894,#2895);
#2894 = CARTESIAN_POINT('',(-6.28318530718,0.));
#2895 = VECTOR('',#2896,1.);
#2896 = DIRECTION('',(0.,1.));
#2897 = ( GEOMETRIC_REPRESENTATION_CONTEXT(2) 
PARAMETRIC_REPRESENTATION_CONTEXT() REPRESENTATION_CONTEXT('2D SPACE',''
  ) );
#2898 = PCURVE('',#886,#2899);
#2899 = DEFINITIONAL_REPRESENTATION('',(#2900),#2904);
#2900 = LINE('',#2901,#2902);
#2901 = CARTESIAN_POINT('',(-88.,0.));
#2902 = VECTOR('',#2903,1.);
#2903 = DIRECTION('',(-0.,-1.));
#2904 = ( GEOMETRIC_REPRESENTATION_CONTEXT(2) 
PARAMETRIC_REPRESENTATION_CONTEXT() REPRESENTATION_CONTEXT('2D SPACE',''
  ) );
#2905 = ORIENTED_EDGE('',*,*,#1986,.T.);
#2906 = ORIENTED_EDGE('',*,*,#2832,.F.);
#2907 = ORIENTED_EDGE('',*,*,#898,.F.);
#2908 = ADVANCED_FACE('',(#2909),#563,.T.);
#2909 = FACE_BOUND('',#2910,.F.);
#2910 = EDGE_LOOP('',(#2911,#2912,#2913,#2914));
#2911 = ORIENTED_EDGE('',*,*,#547,.F.);
#2912 = ORIENTED_EDGE('',*,*,#2858,.T.);
#2913 = ORIENTED_EDGE('',*,*,#1722,.T.);
#2914 = ORIENTED_EDGE('',*,*,#2915,.F.);
#2915 = EDGE_CURVE('',#548,#1723,#2916,.T.);
#2916 = SURFACE_CURVE('',#2917,(#2921,#2928),.PCURVE_S1.);
#2917 = LINE('',#2918,#2919);
#2918 = CARTESIAN_POINT('',(11.05,-50.,36.59));
#2919 = VECTOR('',#2920,1.);
#2920 = DIRECTION('',(-0.,-1.,-0.));
#2921 = PCURVE('',#563,#2922);
#2922 = DEFINITIONAL_REPRESENTATION('',(#2923),#2927);
#2923 = LINE('',#2924,#2925);
#2924 = CARTESIAN_POINT('',(-88.,0.));
#2925 = VECTOR('',#2926,1.);
#2926 = DIRECTION('',(-0.,-1.));
#2927 = ( GEOMETRIC_REPRESENTATION_CONTEXT(2) 
PARAMETRIC_REPRESENTATION_CONTEXT() REPRESENTATION_CONTEXT('2D SPACE',''
  ) );
#2928 = PCURVE('',#596,#2929);
#2929 = DEFINITIONAL_REPRESENTATION('',(#2930),#2934);
#2930 = LINE('',#2931,#2932);
#2931 = CARTESIAN_POINT('',(-6.28318530718,0.));
#2932 = VECTOR('',#2933,1.);
#2933 = DIRECTION('',(0.,1.));
#2934 = ( GEOMETRIC_REPRESENTATION_CONTEXT(2) 
PARAMETRIC_REPRESENTATION_CONTEXT() REPRESENTATION_CONTEXT('2D SPACE',''
  ) );
#2935 = ADVANCED_FACE('',(#2936),#886,.T.);
#2936 = FACE_BOUND('',#2937,.F.);
#2937 = EDGE_LOOP('',(#2938,#2939,#2960,#2961));
#2938 = ORIENTED_EDGE('',*,*,#870,.F.);
#2939 = ORIENTED_EDGE('',*,*,#2940,.T.);
#2940 = EDGE_CURVE('',#843,#1941,#2941,.T.);
#2941 = SURFACE_CURVE('',#2942,(#2946,#2953),.PCURVE_S1.);
#2942 = LINE('',#2943,#2944);
#2943 = CARTESIAN_POINT('',(-71.44414822056,-50.,44.59));
#2944 = VECTOR('',#2945,1.);
#2945 = DIRECTION('',(-0.,-1.,-0.));
#2946 = PCURVE('',#886,#2947);
#2947 = DEFINITIONAL_REPRESENTATION('',(#2948),#2952);
#2948 = LINE('',#2949,#2950);
#2949 = CARTESIAN_POINT('',(-82.49414822056,0.));
#2950 = VECTOR('',#2951,1.);
#2951 = DIRECTION('',(-0.,-1.));
#2952 = ( GEOMETRIC_REPRESENTATION_CONTEXT(2) 
PARAMETRIC_REPRESENTATION_CONTEXT() REPRESENTATION_CONTEXT('2D SPACE',''
  ) );
#2953 = PCURVE('',#858,#2954);
#2954 = DEFINITIONAL_REPRESENTATION('',(#2955),#2959);
#2955 = LINE('',#2956,#2957);
#2956 = CARTESIAN_POINT('',(-58.5648893234,0.));
#2957 = VECTOR('',#2958,1.);
#2958 = DIRECTION('',(-0.,-1.));
#2959 = ( GEOMETRIC_REPRESENTATION_CONTEXT(2) 
PARAMETRIC_REPRESENTATION_CONTEXT() REPRESENTATION_CONTEXT('2D SPACE',''
  ) );
#2960 = ORIENTED_EDGE('',*,*,#1963,.T.);
#2961 = ORIENTED_EDGE('',*,*,#2885,.F.);
#2962 = ADVANCED_FACE('',(#2963),#596,.T.);
#2963 = FACE_BOUND('',#2964,.F.);
#2964 = EDGE_LOOP('',(#2965,#2966,#2967,#2988));
#2965 = ORIENTED_EDGE('',*,*,#2915,.T.);
#2966 = ORIENTED_EDGE('',*,*,#1745,.T.);
#2967 = ORIENTED_EDGE('',*,*,#2968,.F.);
#2968 = EDGE_CURVE('',#576,#1746,#2969,.T.);
#2969 = SURFACE_CURVE('',#2970,(#2974,#2981),.PCURVE_S1.);
#2970 = LINE('',#2971,#2972);
#2971 = CARTESIAN_POINT('',(3.05,-50.,44.59));
#2972 = VECTOR('',#2973,1.);
#2973 = DIRECTION('',(-0.,-1.,-0.));
#2974 = PCURVE('',#596,#2975);
#2975 = DEFINITIONAL_REPRESENTATION('',(#2976),#2980);
#2976 = LINE('',#2977,#2978);
#2977 = CARTESIAN_POINT('',(-4.712388980385,0.));
#2978 = VECTOR('',#2979,1.);
#2979 = DIRECTION('',(0.,1.));
#2980 = ( GEOMETRIC_REPRESENTATION_CONTEXT(2) 
PARAMETRIC_REPRESENTATION_CONTEXT() REPRESENTATION_CONTEXT('2D SPACE',''
  ) );
#2981 = PCURVE('',#624,#2982);
#2982 = DEFINITIONAL_REPRESENTATION('',(#2983),#2987);
#2983 = LINE('',#2984,#2985);
#2984 = CARTESIAN_POINT('',(-8.,0.));
#2985 = VECTOR('',#2986,1.);
#2986 = DIRECTION('',(-0.,-1.));
#2987 = ( GEOMETRIC_REPRESENTATION_CONTEXT(2) 
PARAMETRIC_REPRESENTATION_CONTEXT() REPRESENTATION_CONTEXT('2D SPACE',''
  ) );
#2988 = ORIENTED_EDGE('',*,*,#575,.F.);
#2989 = ADVANCED_FACE('',(#2990),#858,.F.);
#2990 = FACE_BOUND('',#2991,.T.);
#2991 = EDGE_LOOP('',(#2992,#2993,#2994,#2995));
#2992 = ORIENTED_EDGE('',*,*,#842,.F.);
#2993 = ORIENTED_EDGE('',*,*,#2940,.T.);
#2994 = ORIENTED_EDGE('',*,*,#1940,.T.);
#2995 = ORIENTED_EDGE('',*,*,#2996,.T.);
#2996 = EDGE_CURVE('',#1913,#815,#2997,.T.);
#2997 = SURFACE_CURVE('',#2998,(#3002,#3009),.PCURVE_S1.);
#2998 = LINE('',#2999,#3000);
#2999 = CARTESIAN_POINT('',(-95.08775907066,-50.,89.200586509622));
#3000 = VECTOR('',#3001,1.);
#3001 = DIRECTION('',(-0.,1.,-0.));
#3002 = PCURVE('',#858,#3003);
#3003 = DEFINITIONAL_REPRESENTATION('',(#3004),#3008);
#3004 = LINE('',#3005,#3006);
#3005 = CARTESIAN_POINT('',(-109.0537471314,0.));
#3006 = VECTOR('',#3007,1.);
#3007 = DIRECTION('',(-0.,1.));
#3008 = ( GEOMETRIC_REPRESENTATION_CONTEXT(2) 
PARAMETRIC_REPRESENTATION_CONTEXT() REPRESENTATION_CONTEXT('2D SPACE',''
  ) );
#3009 = PCURVE('',#802,#3010);
#3010 = DEFINITIONAL_REPRESENTATION('',(#3011),#3014);
#3011 = B_SPLINE_CURVE_WITH_KNOTS('',1,(#3012,#3013),.UNSPECIFIED.,.F.,
  .F.,(2,2),(-4.0000006,6.000000070117E-07),.PIECEWISE_BEZIER_KNOTS.);
#3012 = CARTESIAN_POINT('',(-4.104833482755,-33.9000006));
#3013 = CARTESIAN_POINT('',(-4.104833482755,-29.8999994));
#3014 = ( GEOMETRIC_REPRESENTATION_CONTEXT(2) 
PARAMETRIC_REPRESENTATION_CONTEXT() REPRESENTATION_CONTEXT('2D SPACE',''
  ) );
#3015 = ADVANCED_FACE('',(#3016),#624,.T.);
#3016 = FACE_BOUND('',#3017,.F.);
#3017 = EDGE_LOOP('',(#3018,#3019,#3020,#3021));
#3018 = ORIENTED_EDGE('',*,*,#608,.F.);
#3019 = ORIENTED_EDGE('',*,*,#2968,.T.);
#3020 = ORIENTED_EDGE('',*,*,#1773,.T.);
#3021 = ORIENTED_EDGE('',*,*,#3022,.T.);
#3022 = EDGE_CURVE('',#1774,#609,#3023,.T.);
#3023 = SURFACE_CURVE('',#3024,(#3028,#3035),.PCURVE_S1.);
#3024 = LINE('',#3025,#3026);
#3025 = CARTESIAN_POINT('',(-2.455851779433,-50.,44.59));
#3026 = VECTOR('',#3027,1.);
#3027 = DIRECTION('',(-0.,1.,-0.));
#3028 = PCURVE('',#624,#3029);
#3029 = DEFINITIONAL_REPRESENTATION('',(#3030),#3034);
#3030 = LINE('',#3031,#3032);
#3031 = CARTESIAN_POINT('',(-13.50585177943,0.));
#3032 = VECTOR('',#3033,1.);
#3033 = DIRECTION('',(-0.,1.));
#3034 = ( GEOMETRIC_REPRESENTATION_CONTEXT(2) 
PARAMETRIC_REPRESENTATION_CONTEXT() REPRESENTATION_CONTEXT('2D SPACE',''
  ) );
#3035 = PCURVE('',#652,#3036);
#3036 = DEFINITIONAL_REPRESENTATION('',(#3037),#3041);
#3037 = LINE('',#3038,#3039);
#3038 = CARTESIAN_POINT('',(-54.61196343368,0.));
#3039 = VECTOR('',#3040,1.);
#3040 = DIRECTION('',(-0.,1.));
#3041 = ( GEOMETRIC_REPRESENTATION_CONTEXT(2) 
PARAMETRIC_REPRESENTATION_CONTEXT() REPRESENTATION_CONTEXT('2D SPACE',''
  ) );
#3042 = ADVANCED_FACE('',(#3043),#802,.T.);
#3043 = FACE_BOUND('',#3044,.F.);
#3044 = EDGE_LOOP('',(#3045,#3078,#3099,#3100,#3120,#3121,#3122,#3123));
#3045 = ORIENTED_EDGE('',*,*,#3046,.F.);
#3046 = EDGE_CURVE('',#3047,#3047,#3049,.T.);
#3047 = VERTEX_POINT('',#3048);
#3048 = CARTESIAN_POINT('',(-80.95,-20.1,96.59));
#3049 = SURFACE_CURVE('',#3050,(#3055,#3062),.PCURVE_S1.);
#3050 = CIRCLE('',#3051,9.);
#3051 = AXIS2_PLACEMENT_3D('',#3052,#3053,#3054);
#3052 = CARTESIAN_POINT('',(-89.95,-20.1,96.59));
#3053 = DIRECTION('',(-0.,-1.,-0.));
#3054 = DIRECTION('',(1.,-0.,-0.));
#3055 = PCURVE('',#802,#3056);
#3056 = DEFINITIONAL_REPRESENTATION('',(#3057),#3061);
#3057 = LINE('',#3058,#3059);
#3058 = CARTESIAN_POINT('',(-0.,0.));
#3059 = VECTOR('',#3060,1.);
#3060 = DIRECTION('',(-1.,0.));
#3061 = ( GEOMETRIC_REPRESENTATION_CONTEXT(2) 
PARAMETRIC_REPRESENTATION_CONTEXT() REPRESENTATION_CONTEXT('2D SPACE',''
  ) );
#3062 = PCURVE('',#3063,#3068);
#3063 = PLANE('',#3064);
#3064 = AXIS2_PLACEMENT_3D('',#3065,#3066,#3067);
#3065 = CARTESIAN_POINT('',(-89.95,-20.1,96.59));
#3066 = DIRECTION('',(-0.,1.,-0.));
#3067 = DIRECTION('',(0.,0.,1.));
#3068 = DEFINITIONAL_REPRESENTATION('',(#3069),#3077);
#3069 = ( BOUNDED_CURVE() B_SPLINE_CURVE(2,(#3070,#3071,#3072,#3073,
#3074,#3075,#3076),.UNSPECIFIED.,.T.,.F.) B_SPLINE_CURVE_WITH_KNOTS((1,2
    ,2,2,2,1),(-2.094395102393,0.,2.094395102393,4.188790204786,
6.28318530718,8.377580409573),.UNSPECIFIED.) CURVE() 
GEOMETRIC_REPRESENTATION_ITEM() RATIONAL_B_SPLINE_CURVE((1.,0.5,1.,0.5,
1.,0.5,1.)) REPRESENTATION_ITEM('') );
#3070 = CARTESIAN_POINT('',(0.,9.));
#3071 = CARTESIAN_POINT('',(15.58845726812,9.));
#3072 = CARTESIAN_POINT('',(7.79422863406,-4.5));
#3073 = CARTESIAN_POINT('',(2.204364238465E-15,-18.));
#3074 = CARTESIAN_POINT('',(-7.79422863406,-4.5));
#3075 = CARTESIAN_POINT('',(-15.58845726812,9.));
#3076 = CARTESIAN_POINT('',(0.,9.));
#3077 = ( GEOMETRIC_REPRESENTATION_CONTEXT(2) 
PARAMETRIC_REPRESENTATION_CONTEXT() REPRESENTATION_CONTEXT('2D SPACE',''
  ) );
#3078 = ORIENTED_EDGE('',*,*,#3079,.T.);
#3079 = EDGE_CURVE('',#3047,#782,#3080,.T.);
#3080 = SEAM_CURVE('',#3081,(#3085,#3092),.PCURVE_S1.);
#3081 = LINE('',#3082,#3083);
#3082 = CARTESIAN_POINT('',(-80.95,-20.1,96.59));
#3083 = VECTOR('',#3084,1.);
#3084 = DIRECTION('',(-0.,-1.,-0.));
#3085 = PCURVE('',#802,#3086);
#3086 = DEFINITIONAL_REPRESENTATION('',(#3087),#3091);
#3087 = LINE('',#3088,#3089);
#3088 = CARTESIAN_POINT('',(-4.138911435803E-13,0.));
#3089 = VECTOR('',#3090,1.);
#3090 = DIRECTION('',(-0.,-1.));
#3091 = ( GEOMETRIC_REPRESENTATION_CONTEXT(2) 
PARAMETRIC_REPRESENTATION_CONTEXT() REPRESENTATION_CONTEXT('2D SPACE',''
  ) );
#3092 = PCURVE('',#802,#3093);
#3093 = DEFINITIONAL_REPRESENTATION('',(#3094),#3098);
#3094 = LINE('',#3095,#3096);
#3095 = CARTESIAN_POINT('',(-6.28318530718,0.));
#3096 = VECTOR('',#3097,1.);
#3097 = DIRECTION('',(-0.,-1.));
#3098 = ( GEOMETRIC_REPRESENTATION_CONTEXT(2) 
PARAMETRIC_REPRESENTATION_CONTEXT() REPRESENTATION_CONTEXT('2D SPACE',''
  ) );
#3099 = ORIENTED_EDGE('',*,*,#781,.T.);
#3100 = ORIENTED_EDGE('',*,*,#3101,.F.);
#3101 = EDGE_CURVE('',#1890,#754,#3102,.T.);
#3102 = SURFACE_CURVE('',#3103,(#3107,#3113),.PCURVE_S1.);
#3103 = LINE('',#3104,#3105);
#3104 = CARTESIAN_POINT('',(-80.95059267115,-50.,96.693284701363));
#3105 = VECTOR('',#3106,1.);
#3106 = DIRECTION('',(-0.,1.,-0.));
#3107 = PCURVE('',#802,#3108);
#3108 = DEFINITIONAL_REPRESENTATION('',(#3109),#3112);
#3109 = B_SPLINE_CURVE_WITH_KNOTS('',1,(#3110,#3111),.UNSPECIFIED.,.F.,
  .F.,(2,2),(-4.0000006,6.000000070117E-07),.PIECEWISE_BEZIER_KNOTS.);
#3110 = CARTESIAN_POINT('',(-1.147632984477E-02,-33.9000006));
#3111 = CARTESIAN_POINT('',(-1.147632984477E-02,-29.8999994));
#3112 = ( GEOMETRIC_REPRESENTATION_CONTEXT(2) 
PARAMETRIC_REPRESENTATION_CONTEXT() REPRESENTATION_CONTEXT('2D SPACE',''
  ) );
#3113 = PCURVE('',#769,#3114);
#3114 = DEFINITIONAL_REPRESENTATION('',(#3115),#3119);
#3115 = LINE('',#3116,#3117);
#3116 = CARTESIAN_POINT('',(-4.123105625618,0.));
#3117 = VECTOR('',#3118,1.);
#3118 = DIRECTION('',(-0.,1.));
#3119 = ( GEOMETRIC_REPRESENTATION_CONTEXT(2) 
PARAMETRIC_REPRESENTATION_CONTEXT() REPRESENTATION_CONTEXT('2D SPACE',''
  ) );
#3120 = ORIENTED_EDGE('',*,*,#1912,.T.);
#3121 = ORIENTED_EDGE('',*,*,#2996,.T.);
#3122 = ORIENTED_EDGE('',*,*,#814,.T.);
#3123 = ORIENTED_EDGE('',*,*,#3079,.F.);
#3124 = ADVANCED_FACE('',(#3125),#652,.F.);
#3125 = FACE_BOUND('',#3126,.T.);
#3126 = EDGE_LOOP('',(#3127,#3128,#3148,#3149));
#3127 = ORIENTED_EDGE('',*,*,#636,.F.);
#3128 = ORIENTED_EDGE('',*,*,#3129,.F.);
#3129 = EDGE_CURVE('',#1797,#637,#3130,.T.);
#3130 = SURFACE_CURVE('',#3131,(#3135,#3142),.PCURVE_S1.);
#3131 = LINE('',#3132,#3133);
#3132 = CARTESIAN_POINT('',(21.187759070667,-50.,89.200586509622));
#3133 = VECTOR('',#3134,1.);
#3134 = DIRECTION('',(-0.,1.,-0.));
#3135 = PCURVE('',#652,#3136);
#3136 = DEFINITIONAL_REPRESENTATION('',(#3137),#3141);
#3137 = LINE('',#3138,#3139);
#3138 = CARTESIAN_POINT('',(-4.123105625617,0.));
#3139 = VECTOR('',#3140,1.);
#3140 = DIRECTION('',(-0.,1.));
#3141 = ( GEOMETRIC_REPRESENTATION_CONTEXT(2) 
PARAMETRIC_REPRESENTATION_CONTEXT() REPRESENTATION_CONTEXT('2D SPACE',''
  ) );
#3142 = PCURVE('',#685,#3143);
#3143 = DEFINITIONAL_REPRESENTATION('',(#3144),#3147);
#3144 = B_SPLINE_CURVE_WITH_KNOTS('',1,(#3145,#3146),.UNSPECIFIED.,.F.,
  .F.,(2,2),(-4.,-0.),.PIECEWISE_BEZIER_KNOTS.);
#3145 = CARTESIAN_POINT('',(-5.319944478014,-30.));
#3146 = CARTESIAN_POINT('',(-5.319944478014,-26.));
#3147 = ( GEOMETRIC_REPRESENTATION_CONTEXT(2) 
PARAMETRIC_REPRESENTATION_CONTEXT() REPRESENTATION_CONTEXT('2D SPACE',''
  ) );
#3148 = ORIENTED_EDGE('',*,*,#1796,.T.);
#3149 = ORIENTED_EDGE('',*,*,#3022,.T.);
#3150 = ADVANCED_FACE('',(#3151),#685,.T.);
#3151 = FACE_BOUND('',#3152,.F.);
#3152 = EDGE_LOOP('',(#3153,#3186,#3209,#3230,#3231,#3232,#3233,#3253,
    #3254));
#3153 = ORIENTED_EDGE('',*,*,#3154,.F.);
#3154 = EDGE_CURVE('',#3155,#3155,#3157,.T.);
#3155 = VERTEX_POINT('',#3156);
#3156 = CARTESIAN_POINT('',(25.05,-24.,96.59));
#3157 = SURFACE_CURVE('',#3158,(#3163,#3170),.PCURVE_S1.);
#3158 = CIRCLE('',#3159,9.);
#3159 = AXIS2_PLACEMENT_3D('',#3160,#3161,#3162);
#3160 = CARTESIAN_POINT('',(16.05,-24.,96.59));
#3161 = DIRECTION('',(-0.,-1.,-0.));
#3162 = DIRECTION('',(1.,-0.,-0.));
#3163 = PCURVE('',#685,#3164);
#3164 = DEFINITIONAL_REPRESENTATION('',(#3165),#3169);
#3165 = LINE('',#3166,#3167);
#3166 = CARTESIAN_POINT('',(-0.,0.));
#3167 = VECTOR('',#3168,1.);
#3168 = DIRECTION('',(-1.,0.));
#3169 = ( GEOMETRIC_REPRESENTATION_CONTEXT(2) 
PARAMETRIC_REPRESENTATION_CONTEXT() REPRESENTATION_CONTEXT('2D SPACE',''
  ) );
#3170 = PCURVE('',#3171,#3176);
#3171 = PLANE('',#3172);
#3172 = AXIS2_PLACEMENT_3D('',#3173,#3174,#3175);
#3173 = CARTESIAN_POINT('',(16.05,-24.,96.59));
#3174 = DIRECTION('',(-0.,1.,-0.));
#3175 = DIRECTION('',(0.,0.,1.));
#3176 = DEFINITIONAL_REPRESENTATION('',(#3177),#3185);
#3177 = ( BOUNDED_CURVE() B_SPLINE_CURVE(2,(#3178,#3179,#3180,#3181,
#3182,#3183,#3184),.UNSPECIFIED.,.T.,.F.) B_SPLINE_CURVE_WITH_KNOTS((1,2
    ,2,2,2,1),(-2.094395102393,0.,2.094395102393,4.188790204786,
6.28318530718,8.377580409573),.UNSPECIFIED.) CURVE() 
GEOMETRIC_REPRESENTATION_ITEM() RATIONAL_B_SPLINE_CURVE((1.,0.5,1.,0.5,
1.,0.5,1.)) REPRESENTATION_ITEM('') );
#3178 = CARTESIAN_POINT('',(0.,9.));
#3179 = CARTESIAN_POINT('',(15.58845726812,9.));
#3180 = CARTESIAN_POINT('',(7.79422863406,-4.5));
#3181 = CARTESIAN_POINT('',(2.204364238465E-15,-18.));
#3182 = CARTESIAN_POINT('',(-7.79422863406,-4.5));
#3183 = CARTESIAN_POINT('',(-15.58845726812,9.));
#3184 = CARTESIAN_POINT('',(0.,9.));
#3185 = ( GEOMETRIC_REPRESENTATION_CONTEXT(2) 
PARAMETRIC_REPRESENTATION_CONTEXT() REPRESENTATION_CONTEXT('2D SPACE',''
  ) );
#3186 = ORIENTED_EDGE('',*,*,#3187,.T.);
#3187 = EDGE_CURVE('',#3155,#3188,#3190,.T.);
#3188 = VERTEX_POINT('',#3189);
#3189 = CARTESIAN_POINT('',(25.05,-50.,96.59));
#3190 = SEAM_CURVE('',#3191,(#3195,#3202),.PCURVE_S1.);
#3191 = LINE('',#3192,#3193);
#3192 = CARTESIAN_POINT('',(25.05,-24.,96.59));
#3193 = VECTOR('',#3194,1.);
#3194 = DIRECTION('',(-0.,-1.,-0.));
#3195 = PCURVE('',#685,#3196);
#3196 = DEFINITIONAL_REPRESENTATION('',(#3197),#3201);
#3197 = LINE('',#3198,#3199);
#3198 = CARTESIAN_POINT('',(-4.138911435803E-13,0.));
#3199 = VECTOR('',#3200,1.);
#3200 = DIRECTION('',(-0.,-1.));
#3201 = ( GEOMETRIC_REPRESENTATION_CONTEXT(2) 
PARAMETRIC_REPRESENTATION_CONTEXT() REPRESENTATION_CONTEXT('2D SPACE',''
  ) );
#3202 = PCURVE('',#685,#3203);
#3203 = DEFINITIONAL_REPRESENTATION('',(#3204),#3208);
#3204 = LINE('',#3205,#3206);
#3205 = CARTESIAN_POINT('',(-6.28318530718,0.));
#3206 = VECTOR('',#3207,1.);
#3207 = DIRECTION('',(-0.,-1.));
#3208 = ( GEOMETRIC_REPRESENTATION_CONTEXT(2) 
PARAMETRIC_REPRESENTATION_CONTEXT() REPRESENTATION_CONTEXT('2D SPACE',''
  ) );
#3209 = ORIENTED_EDGE('',*,*,#3210,.T.);
#3210 = EDGE_CURVE('',#3188,#665,#3211,.T.);
#3211 = SEAM_CURVE('',#3212,(#3217,#3223),.PCURVE_S1.);
#3212 = CIRCLE('',#3213,9.);
#3213 = AXIS2_PLACEMENT_3D('',#3214,#3215,#3216);
#3214 = CARTESIAN_POINT('',(16.05,-50.,96.59));
#3215 = DIRECTION('',(-0.,-1.,0.));
#3216 = DIRECTION('',(0.570862118963,-0.,-0.821045943375));
#3217 = PCURVE('',#685,#3218);
#3218 = DEFINITIONAL_REPRESENTATION('',(#3219),#3222);
#3219 = B_SPLINE_CURVE_WITH_KNOTS('',1,(#3220,#3221),.UNSPECIFIED.,.F.,
  .F.,(2,2),(0.963240829166,4.093357152911),.PIECEWISE_BEZIER_KNOTS.);
#3220 = CARTESIAN_POINT('',(0.,-26.));
#3221 = CARTESIAN_POINT('',(-3.130116323745,-26.));
#3222 = ( GEOMETRIC_REPRESENTATION_CONTEXT(2) 
PARAMETRIC_REPRESENTATION_CONTEXT() REPRESENTATION_CONTEXT('2D SPACE',''
  ) );
#3223 = PCURVE('',#685,#3224);
#3224 = DEFINITIONAL_REPRESENTATION('',(#3225),#3229);
#3225 = LINE('',#3226,#3227);
#3226 = CARTESIAN_POINT('',(-5.319944478014,-26.));
#3227 = VECTOR('',#3228,1.);
#3228 = DIRECTION('',(-1.,0.));
#3229 = ( GEOMETRIC_REPRESENTATION_CONTEXT(2) 
PARAMETRIC_REPRESENTATION_CONTEXT() REPRESENTATION_CONTEXT('2D SPACE',''
  ) );
#3230 = ORIENTED_EDGE('',*,*,#664,.T.);
#3231 = ORIENTED_EDGE('',*,*,#3129,.F.);
#3232 = ORIENTED_EDGE('',*,*,#1819,.F.);
#3233 = ORIENTED_EDGE('',*,*,#3234,.T.);
#3234 = EDGE_CURVE('',#1820,#665,#3235,.T.);
#3235 = SURFACE_CURVE('',#3236,(#3240,#3246),.PCURVE_S1.);
#3236 = LINE('',#3237,#3238);
#3237 = CARTESIAN_POINT('',(7.050592671155,-50.,96.693284701363));
#3238 = VECTOR('',#3239,1.);
#3239 = DIRECTION('',(-0.,1.,-0.));
#3240 = PCURVE('',#685,#3241);
#3241 = DEFINITIONAL_REPRESENTATION('',(#3242),#3245);
#3242 = B_SPLINE_CURVE_WITH_KNOTS('',1,(#3243,#3244),.UNSPECIFIED.,.F.,
  .F.,(2,2),(-4.,0.),.PIECEWISE_BEZIER_KNOTS.);
#3243 = CARTESIAN_POINT('',(-9.413301630925,-30.));
#3244 = CARTESIAN_POINT('',(-9.413301630925,-26.));
#3245 = ( GEOMETRIC_REPRESENTATION_CONTEXT(2) 
PARAMETRIC_REPRESENTATION_CONTEXT() REPRESENTATION_CONTEXT('2D SPACE',''
  ) );
#3246 = PCURVE('',#713,#3247);
#3247 = DEFINITIONAL_REPRESENTATION('',(#3248),#3252);
#3248 = LINE('',#3249,#3250);
#3249 = CARTESIAN_POINT('',(-109.0537471314,0.));
#3250 = VECTOR('',#3251,1.);
#3251 = DIRECTION('',(-0.,1.));
#3252 = ( GEOMETRIC_REPRESENTATION_CONTEXT(2) 
PARAMETRIC_REPRESENTATION_CONTEXT() REPRESENTATION_CONTEXT('2D SPACE',''
  ) );
#3253 = ORIENTED_EDGE('',*,*,#3210,.F.);
#3254 = ORIENTED_EDGE('',*,*,#3187,.F.);
#3255 = ADVANCED_FACE('',(#3256),#769,.F.);
#3256 = FACE_BOUND('',#3257,.T.);
#3257 = EDGE_LOOP('',(#3258,#3259,#3260,#3261));
#3258 = ORIENTED_EDGE('',*,*,#753,.F.);
#3259 = ORIENTED_EDGE('',*,*,#3101,.F.);
#3260 = ORIENTED_EDGE('',*,*,#1889,.T.);
#3261 = ORIENTED_EDGE('',*,*,#3262,.T.);
#3262 = EDGE_CURVE('',#1867,#726,#3263,.T.);
#3263 = SURFACE_CURVE('',#3264,(#3268,#3275),.PCURVE_S1.);
#3264 = LINE('',#3265,#3266);
#3265 = CARTESIAN_POINT('',(-53.33585177943,-50.,44.59));
#3266 = VECTOR('',#3267,1.);
#3267 = DIRECTION('',(-0.,1.,-0.));
#3268 = PCURVE('',#769,#3269);
#3269 = DEFINITIONAL_REPRESENTATION('',(#3270),#3274);
#3270 = LINE('',#3271,#3272);
#3271 = CARTESIAN_POINT('',(-63.09196343368,0.));
#3272 = VECTOR('',#3273,1.);
#3273 = DIRECTION('',(-0.,1.));
#3274 = ( GEOMETRIC_REPRESENTATION_CONTEXT(2) 
PARAMETRIC_REPRESENTATION_CONTEXT() REPRESENTATION_CONTEXT('2D SPACE',''
  ) );
#3275 = PCURVE('',#741,#3276);
#3276 = DEFINITIONAL_REPRESENTATION('',(#3277),#3281);
#3277 = LINE('',#3278,#3279);
#3278 = CARTESIAN_POINT('',(-64.38585177943,0.));
#3279 = VECTOR('',#3280,1.);
#3280 = DIRECTION('',(-0.,1.));
#3281 = ( GEOMETRIC_REPRESENTATION_CONTEXT(2) 
PARAMETRIC_REPRESENTATION_CONTEXT() REPRESENTATION_CONTEXT('2D SPACE',''
  ) );
#3282 = ADVANCED_FACE('',(#3283),#713,.F.);
#3283 = FACE_BOUND('',#3284,.T.);
#3284 = EDGE_LOOP('',(#3285,#3286,#3307,#3308));
#3285 = ORIENTED_EDGE('',*,*,#697,.F.);
#3286 = ORIENTED_EDGE('',*,*,#3287,.T.);
#3287 = EDGE_CURVE('',#698,#1844,#3288,.T.);
#3288 = SURFACE_CURVE('',#3289,(#3293,#3300),.PCURVE_S1.);
#3289 = LINE('',#3290,#3291);
#3290 = CARTESIAN_POINT('',(-20.56414822056,-50.,44.59));
#3291 = VECTOR('',#3292,1.);
#3292 = DIRECTION('',(-0.,-1.,-0.));
#3293 = PCURVE('',#713,#3294);
#3294 = DEFINITIONAL_REPRESENTATION('',(#3295),#3299);
#3295 = LINE('',#3296,#3297);
#3296 = CARTESIAN_POINT('',(-50.0848893234,0.));
#3297 = VECTOR('',#3298,1.);
#3298 = DIRECTION('',(-0.,-1.));
#3299 = ( GEOMETRIC_REPRESENTATION_CONTEXT(2) 
PARAMETRIC_REPRESENTATION_CONTEXT() REPRESENTATION_CONTEXT('2D SPACE',''
  ) );
#3300 = PCURVE('',#741,#3301);
#3301 = DEFINITIONAL_REPRESENTATION('',(#3302),#3306);
#3302 = LINE('',#3303,#3304);
#3303 = CARTESIAN_POINT('',(-31.61414822056,0.));
#3304 = VECTOR('',#3305,1.);
#3305 = DIRECTION('',(-0.,-1.));
#3306 = ( GEOMETRIC_REPRESENTATION_CONTEXT(2) 
PARAMETRIC_REPRESENTATION_CONTEXT() REPRESENTATION_CONTEXT('2D SPACE',''
  ) );
#3307 = ORIENTED_EDGE('',*,*,#1843,.T.);
#3308 = ORIENTED_EDGE('',*,*,#3234,.T.);
#3309 = ADVANCED_FACE('',(#3310),#741,.T.);
#3310 = FACE_BOUND('',#3311,.F.);
#3311 = EDGE_LOOP('',(#3312,#3313,#3314,#3315));
#3312 = ORIENTED_EDGE('',*,*,#725,.F.);
#3313 = ORIENTED_EDGE('',*,*,#3287,.T.);
#3314 = ORIENTED_EDGE('',*,*,#1866,.T.);
#3315 = ORIENTED_EDGE('',*,*,#3262,.T.);
#3316 = ADVANCED_FACE('',(#3317),#1159,.F.);
#3317 = FACE_BOUND('',#3318,.T.);
#3318 = EDGE_LOOP('',(#3319,#3320,#3341,#3342));
#3319 = ORIENTED_EDGE('',*,*,#1138,.F.);
#3320 = ORIENTED_EDGE('',*,*,#3321,.T.);
#3321 = EDGE_CURVE('',#1139,#2200,#3322,.T.);
#3322 = SEAM_CURVE('',#3323,(#3327,#3334),.PCURVE_S1.);
#3323 = LINE('',#3324,#3325);
#3324 = CARTESIAN_POINT('',(-70.45,-49.,32.34));
#3325 = VECTOR('',#3326,1.);
#3326 = DIRECTION('',(-0.,-1.,-0.));
#3327 = PCURVE('',#1159,#3328);
#3328 = DEFINITIONAL_REPRESENTATION('',(#3329),#3333);
#3329 = LINE('',#3330,#3331);
#3330 = CARTESIAN_POINT('',(-4.138911435803E-13,0.));
#3331 = VECTOR('',#3332,1.);
#3332 = DIRECTION('',(-0.,-1.));
#3333 = ( GEOMETRIC_REPRESENTATION_CONTEXT(2) 
PARAMETRIC_REPRESENTATION_CONTEXT() REPRESENTATION_CONTEXT('2D SPACE',''
  ) );
#3334 = PCURVE('',#1159,#3335);
#3335 = DEFINITIONAL_REPRESENTATION('',(#3336),#3340);
#3336 = LINE('',#3337,#3338);
#3337 = CARTESIAN_POINT('',(-6.28318530718,0.));
#3338 = VECTOR('',#3339,1.);
#3339 = DIRECTION('',(-0.,-1.));
#3340 = ( GEOMETRIC_REPRESENTATION_CONTEXT(2) 
PARAMETRIC_REPRESENTATION_CONTEXT() REPRESENTATION_CONTEXT('2D SPACE',''
  ) );
#3341 = ORIENTED_EDGE('',*,*,#2199,.T.);
#3342 = ORIENTED_EDGE('',*,*,#3321,.F.);
#3343 = ADVANCED_FACE('',(#3344),#1194,.F.);
#3344 = FACE_BOUND('',#3345,.T.);
#3345 = EDGE_LOOP('',(#3346,#3347,#3368,#3369));
#3346 = ORIENTED_EDGE('',*,*,#1173,.F.);
#3347 = ORIENTED_EDGE('',*,*,#3348,.T.);
#3348 = EDGE_CURVE('',#1174,#2230,#3349,.T.);
#3349 = SEAM_CURVE('',#3350,(#3354,#3361),.PCURVE_S1.);
#3350 = LINE('',#3351,#3352);
#3351 = CARTESIAN_POINT('',(-70.45,-49.,-39.16));
#3352 = VECTOR('',#3353,1.);
#3353 = DIRECTION('',(-0.,-1.,-0.));
#3354 = PCURVE('',#1194,#3355);
#3355 = DEFINITIONAL_REPRESENTATION('',(#3356),#3360);
#3356 = LINE('',#3357,#3358);
#3357 = CARTESIAN_POINT('',(-4.138911435803E-13,0.));
#3358 = VECTOR('',#3359,1.);
#3359 = DIRECTION('',(-0.,-1.));
#3360 = ( GEOMETRIC_REPRESENTATION_CONTEXT(2) 
PARAMETRIC_REPRESENTATION_CONTEXT() REPRESENTATION_CONTEXT('2D SPACE',''
  ) );
#3361 = PCURVE('',#1194,#3362);
#3362 = DEFINITIONAL_REPRESENTATION('',(#3363),#3367);
#3363 = LINE('',#3364,#3365);
#3364 = CARTESIAN_POINT('',(-6.28318530718,0.));
#3365 = VECTOR('',#3366,1.);
#3366 = DIRECTION('',(-0.,-1.));
#3367 = ( GEOMETRIC_REPRESENTATION_CONTEXT(2) 
PARAMETRIC_REPRESENTATION_CONTEXT() REPRESENTATION_CONTEXT('2D SPACE',''
  ) );
#3368 = ORIENTED_EDGE('',*,*,#2229,.T.);
#3369 = ORIENTED_EDGE('',*,*,#3348,.F.);
#3370 = ADVANCED_FACE('',(#3371),#1229,.F.);
#3371 = FACE_BOUND('',#3372,.T.);
#3372 = EDGE_LOOP('',(#3373,#3374,#3395,#3396));
#3373 = ORIENTED_EDGE('',*,*,#1208,.F.);
#3374 = ORIENTED_EDGE('',*,*,#3375,.T.);
#3375 = EDGE_CURVE('',#1209,#2360,#3376,.T.);
#3376 = SEAM_CURVE('',#3377,(#3381,#3388),.PCURVE_S1.);
#3377 = LINE('',#3378,#3379);
#3378 = CARTESIAN_POINT('',(1.05,-49.,32.34));
#3379 = VECTOR('',#3380,1.);
#3380 = DIRECTION('',(-0.,-1.,-0.));
#3381 = PCURVE('',#1229,#3382);
#3382 = DEFINITIONAL_REPRESENTATION('',(#3383),#3387);
#3383 = LINE('',#3384,#3385);
#3384 = CARTESIAN_POINT('',(-4.138911435803E-13,0.));
#3385 = VECTOR('',#3386,1.);
#3386 = DIRECTION('',(-0.,-1.));
#3387 = ( GEOMETRIC_REPRESENTATION_CONTEXT(2) 
PARAMETRIC_REPRESENTATION_CONTEXT() REPRESENTATION_CONTEXT('2D SPACE',''
  ) );
#3388 = PCURVE('',#1229,#3389);
#3389 = DEFINITIONAL_REPRESENTATION('',(#3390),#3394);
#3390 = LINE('',#3391,#3392);
#3391 = CARTESIAN_POINT('',(-6.28318530718,0.));
#3392 = VECTOR('',#3393,1.);
#3393 = DIRECTION('',(-0.,-1.));
#3394 = ( GEOMETRIC_REPRESENTATION_CONTEXT(2) 
PARAMETRIC_REPRESENTATION_CONTEXT() REPRESENTATION_CONTEXT('2D SPACE',''
  ) );
#3395 = ORIENTED_EDGE('',*,*,#2359,.T.);
#3396 = ORIENTED_EDGE('',*,*,#3375,.F.);
#3397 = ADVANCED_FACE('',(#3398),#1264,.F.);
#3398 = FACE_BOUND('',#3399,.T.);
#3399 = EDGE_LOOP('',(#3400,#3401,#3422,#3423));
#3400 = ORIENTED_EDGE('',*,*,#1243,.F.);
#3401 = ORIENTED_EDGE('',*,*,#3402,.T.);
#3402 = EDGE_CURVE('',#1244,#2295,#3403,.T.);
#3403 = SEAM_CURVE('',#3404,(#3408,#3415),.PCURVE_S1.);
#3404 = LINE('',#3405,#3406);
#3405 = CARTESIAN_POINT('',(1.05,-49.,-3.41));
#3406 = VECTOR('',#3407,1.);
#3407 = DIRECTION('',(-0.,-1.,-0.));
#3408 = PCURVE('',#1264,#3409);
#3409 = DEFINITIONAL_REPRESENTATION('',(#3410),#3414);
#3410 = LINE('',#3411,#3412);
#3411 = CARTESIAN_POINT('',(-4.138911435803E-13,0.));
#3412 = VECTOR('',#3413,1.);
#3413 = DIRECTION('',(-0.,-1.));
#3414 = ( GEOMETRIC_REPRESENTATION_CONTEXT(2) 
PARAMETRIC_REPRESENTATION_CONTEXT() REPRESENTATION_CONTEXT('2D SPACE',''
  ) );
#3415 = PCURVE('',#1264,#3416);
#3416 = DEFINITIONAL_REPRESENTATION('',(#3417),#3421);
#3417 = LINE('',#3418,#3419);
#3418 = CARTESIAN_POINT('',(-6.28318530718,0.));
#3419 = VECTOR('',#3420,1.);
#3420 = DIRECTION('',(-0.,-1.));
#3421 = ( GEOMETRIC_REPRESENTATION_CONTEXT(2) 
PARAMETRIC_REPRESENTATION_CONTEXT() REPRESENTATION_CONTEXT('2D SPACE',''
  ) );
#3422 = ORIENTED_EDGE('',*,*,#2294,.T.);
#3423 = ORIENTED_EDGE('',*,*,#3402,.F.);
#3424 = ADVANCED_FACE('',(#3425),#1299,.F.);
#3425 = FACE_BOUND('',#3426,.T.);
#3426 = EDGE_LOOP('',(#3427,#3428,#3449,#3450));
#3427 = ORIENTED_EDGE('',*,*,#1278,.F.);
#3428 = ORIENTED_EDGE('',*,*,#3429,.T.);
#3429 = EDGE_CURVE('',#1279,#2390,#3430,.T.);
#3430 = SEAM_CURVE('',#3431,(#3435,#3442),.PCURVE_S1.);
#3431 = LINE('',#3432,#3433);
#3432 = CARTESIAN_POINT('',(1.05,-49.,-39.16));
#3433 = VECTOR('',#3434,1.);
#3434 = DIRECTION('',(-0.,-1.,-0.));
#3435 = PCURVE('',#1299,#3436);
#3436 = DEFINITIONAL_REPRESENTATION('',(#3437),#3441);
#3437 = LINE('',#3438,#3439);
#3438 = CARTESIAN_POINT('',(-4.138911435803E-13,0.));
#3439 = VECTOR('',#3440,1.);
#3440 = DIRECTION('',(-0.,-1.));
#3441 = ( GEOMETRIC_REPRESENTATION_CONTEXT(2) 
PARAMETRIC_REPRESENTATION_CONTEXT() REPRESENTATION_CONTEXT('2D SPACE',''
  ) );
#3442 = PCURVE('',#1299,#3443);
#3443 = DEFINITIONAL_REPRESENTATION('',(#3444),#3448);
#3444 = LINE('',#3445,#3446);
#3445 = CARTESIAN_POINT('',(-6.28318530718,0.));
#3446 = VECTOR('',#3447,1.);
#3447 = DIRECTION('',(-0.,-1.));
#3448 = ( GEOMETRIC_REPRESENTATION_CONTEXT(2) 
PARAMETRIC_REPRESENTATION_CONTEXT() REPRESENTATION_CONTEXT('2D SPACE',''
  ) );
#3449 = ORIENTED_EDGE('',*,*,#2389,.T.);
#3450 = ORIENTED_EDGE('',*,*,#3429,.F.);
#3451 = ADVANCED_FACE('',(#3452),#2185,.F.);
#3452 = FACE_BOUND('',#3453,.T.);
#3453 = EDGE_LOOP('',(#3454,#3455,#3478,#3509));
#3454 = ORIENTED_EDGE('',*,*,#2164,.T.);
#3455 = ORIENTED_EDGE('',*,*,#3456,.T.);
#3456 = EDGE_CURVE('',#2165,#3457,#3459,.T.);
#3457 = VERTEX_POINT('',#3458);
#3458 = CARTESIAN_POINT('',(-84.85,-21.6,96.59));
#3459 = SEAM_CURVE('',#3460,(#3464,#3471),.PCURVE_S1.);
#3460 = LINE('',#3461,#3462);
#3461 = CARTESIAN_POINT('',(-84.85,-54.,96.59));
#3462 = VECTOR('',#3463,1.);
#3463 = DIRECTION('',(-0.,1.,-0.));
#3464 = PCURVE('',#2185,#3465);
#3465 = DEFINITIONAL_REPRESENTATION('',(#3466),#3470);
#3466 = LINE('',#3467,#3468);
#3467 = CARTESIAN_POINT('',(4.138911435803E-13,-0.));
#3468 = VECTOR('',#3469,1.);
#3469 = DIRECTION('',(-0.,-1.));
#3470 = ( GEOMETRIC_REPRESENTATION_CONTEXT(2) 
PARAMETRIC_REPRESENTATION_CONTEXT() REPRESENTATION_CONTEXT('2D SPACE',''
  ) );
#3471 = PCURVE('',#2185,#3472);
#3472 = DEFINITIONAL_REPRESENTATION('',(#3473),#3477);
#3473 = LINE('',#3474,#3475);
#3474 = CARTESIAN_POINT('',(-6.28318530718,0.));
#3475 = VECTOR('',#3476,1.);
#3476 = DIRECTION('',(-0.,-1.));
#3477 = ( GEOMETRIC_REPRESENTATION_CONTEXT(2) 
PARAMETRIC_REPRESENTATION_CONTEXT() REPRESENTATION_CONTEXT('2D SPACE',''
  ) );
#3478 = ORIENTED_EDGE('',*,*,#3479,.F.);
#3479 = EDGE_CURVE('',#3457,#3457,#3480,.T.);
#3480 = SURFACE_CURVE('',#3481,(#3486,#3493),.PCURVE_S1.);
#3481 = CIRCLE('',#3482,5.1);
#3482 = AXIS2_PLACEMENT_3D('',#3483,#3484,#3485);
#3483 = CARTESIAN_POINT('',(-89.95,-21.6,96.59));
#3484 = DIRECTION('',(-0.,-1.,-0.));
#3485 = DIRECTION('',(1.,-0.,-0.));
#3486 = PCURVE('',#2185,#3487);
#3487 = DEFINITIONAL_REPRESENTATION('',(#3488),#3492);
#3488 = LINE('',#3489,#3490);
#3489 = CARTESIAN_POINT('',(-6.28318530718,-32.4));
#3490 = VECTOR('',#3491,1.);
#3491 = DIRECTION('',(1.,-0.));
#3492 = ( GEOMETRIC_REPRESENTATION_CONTEXT(2) 
PARAMETRIC_REPRESENTATION_CONTEXT() REPRESENTATION_CONTEXT('2D SPACE',''
  ) );
#3493 = PCURVE('',#3494,#3499);
#3494 = PLANE('',#3495);
#3495 = AXIS2_PLACEMENT_3D('',#3496,#3497,#3498);
#3496 = CARTESIAN_POINT('',(-89.95,-21.6,96.59));
#3497 = DIRECTION('',(-0.,1.,-0.));
#3498 = DIRECTION('',(0.,0.,1.));
#3499 = DEFINITIONAL_REPRESENTATION('',(#3500),#3508);
#3500 = ( BOUNDED_CURVE() B_SPLINE_CURVE(2,(#3501,#3502,#3503,#3504,
#3505,#3506,#3507),.UNSPECIFIED.,.T.,.F.) B_SPLINE_CURVE_WITH_KNOTS((1,2
    ,2,2,2,1),(-2.094395102393,0.,2.094395102393,4.188790204786,
6.28318530718,8.377580409573),.UNSPECIFIED.) CURVE() 
GEOMETRIC_REPRESENTATION_ITEM() RATIONAL_B_SPLINE_CURVE((1.,0.5,1.,0.5,
1.,0.5,1.)) REPRESENTATION_ITEM('') );
#3501 = CARTESIAN_POINT('',(0.,5.1));
#3502 = CARTESIAN_POINT('',(8.833459118601,5.1));
#3503 = CARTESIAN_POINT('',(4.416729559301,-2.55));
#3504 = CARTESIAN_POINT('',(1.24913973513E-15,-10.2));
#3505 = CARTESIAN_POINT('',(-4.416729559301,-2.55));
#3506 = CARTESIAN_POINT('',(-8.833459118601,5.1));
#3507 = CARTESIAN_POINT('',(0.,5.1));
#3508 = ( GEOMETRIC_REPRESENTATION_CONTEXT(2) 
PARAMETRIC_REPRESENTATION_CONTEXT() REPRESENTATION_CONTEXT('2D SPACE',''
  ) );
#3509 = ORIENTED_EDGE('',*,*,#3456,.F.);
#3510 = ADVANCED_FACE('',(#3511),#2280,.F.);
#3511 = FACE_BOUND('',#3512,.T.);
#3512 = EDGE_LOOP('',(#3513,#3514,#3537,#3568));
#3513 = ORIENTED_EDGE('',*,*,#2259,.T.);
#3514 = ORIENTED_EDGE('',*,*,#3515,.T.);
#3515 = EDGE_CURVE('',#2260,#3516,#3518,.T.);
#3516 = VERTEX_POINT('',#3517);
#3517 = CARTESIAN_POINT('',(-84.85,-21.6,-103.41));
#3518 = SEAM_CURVE('',#3519,(#3523,#3530),.PCURVE_S1.);
#3519 = LINE('',#3520,#3521);
#3520 = CARTESIAN_POINT('',(-84.85,-54.,-103.41));
#3521 = VECTOR('',#3522,1.);
#3522 = DIRECTION('',(-0.,1.,-0.));
#3523 = PCURVE('',#2280,#3524);
#3524 = DEFINITIONAL_REPRESENTATION('',(#3525),#3529);
#3525 = LINE('',#3526,#3527);
#3526 = CARTESIAN_POINT('',(4.138911435803E-13,-0.));
#3527 = VECTOR('',#3528,1.);
#3528 = DIRECTION('',(-0.,-1.));
#3529 = ( GEOMETRIC_REPRESENTATION_CONTEXT(2) 
PARAMETRIC_REPRESENTATION_CONTEXT() REPRESENTATION_CONTEXT('2D SPACE',''
  ) );
#3530 = PCURVE('',#2280,#3531);
#3531 = DEFINITIONAL_REPRESENTATION('',(#3532),#3536);
#3532 = LINE('',#3533,#3534);
#3533 = CARTESIAN_POINT('',(-6.28318530718,0.));
#3534 = VECTOR('',#3535,1.);
#3535 = DIRECTION('',(-0.,-1.));
#3536 = ( GEOMETRIC_REPRESENTATION_CONTEXT(2) 
PARAMETRIC_REPRESENTATION_CONTEXT() REPRESENTATION_CONTEXT('2D SPACE',''
  ) );
#3537 = ORIENTED_EDGE('',*,*,#3538,.F.);
#3538 = EDGE_CURVE('',#3516,#3516,#3539,.T.);
#3539 = SURFACE_CURVE('',#3540,(#3545,#3552),.PCURVE_S1.);
#3540 = CIRCLE('',#3541,5.1);
#3541 = AXIS2_PLACEMENT_3D('',#3542,#3543,#3544);
#3542 = CARTESIAN_POINT('',(-89.95,-21.6,-103.41));
#3543 = DIRECTION('',(-0.,-1.,-0.));
#3544 = DIRECTION('',(1.,-0.,-0.));
#3545 = PCURVE('',#2280,#3546);
#3546 = DEFINITIONAL_REPRESENTATION('',(#3547),#3551);
#3547 = LINE('',#3548,#3549);
#3548 = CARTESIAN_POINT('',(-6.28318530718,-32.4));
#3549 = VECTOR('',#3550,1.);
#3550 = DIRECTION('',(1.,-0.));
#3551 = ( GEOMETRIC_REPRESENTATION_CONTEXT(2) 
PARAMETRIC_REPRESENTATION_CONTEXT() REPRESENTATION_CONTEXT('2D SPACE',''
  ) );
#3552 = PCURVE('',#3553,#3558);
#3553 = PLANE('',#3554);
#3554 = AXIS2_PLACEMENT_3D('',#3555,#3556,#3557);
#3555 = CARTESIAN_POINT('',(-89.95,-21.6,-103.41));
#3556 = DIRECTION('',(-0.,1.,-0.));
#3557 = DIRECTION('',(0.,0.,1.));
#3558 = DEFINITIONAL_REPRESENTATION('',(#3559),#3567);
#3559 = ( BOUNDED_CURVE() B_SPLINE_CURVE(2,(#3560,#3561,#3562,#3563,
#3564,#3565,#3566),.UNSPECIFIED.,.T.,.F.) B_SPLINE_CURVE_WITH_KNOTS((1,2
    ,2,2,2,1),(-2.094395102393,0.,2.094395102393,4.188790204786,
6.28318530718,8.377580409573),.UNSPECIFIED.) CURVE() 
GEOMETRIC_REPRESENTATION_ITEM() RATIONAL_B_SPLINE_CURVE((1.,0.5,1.,0.5,
1.,0.5,1.)) REPRESENTATION_ITEM('') );
#3560 = CARTESIAN_POINT('',(0.,5.1));
#3561 = CARTESIAN_POINT('',(8.833459118601,5.1));
#3562 = CARTESIAN_POINT('',(4.416729559301,-2.55));
#3563 = CARTESIAN_POINT('',(1.24913973513E-15,-10.2));
#3564 = CARTESIAN_POINT('',(-4.416729559301,-2.55));
#3565 = CARTESIAN_POINT('',(-8.833459118601,5.1));
#3566 = CARTESIAN_POINT('',(0.,5.1));
#3567 = ( GEOMETRIC_REPRESENTATION_CONTEXT(2) 
PARAMETRIC_REPRESENTATION_CONTEXT() REPRESENTATION_CONTEXT('2D SPACE',''
  ) );
#3568 = ORIENTED_EDGE('',*,*,#3515,.F.);
#3569 = ADVANCED_FACE('',(#3570),#2345,.F.);
#3570 = FACE_BOUND('',#3571,.T.);
#3571 = EDGE_LOOP('',(#3572,#3573,#3596,#3627));
#3572 = ORIENTED_EDGE('',*,*,#2324,.T.);
#3573 = ORIENTED_EDGE('',*,*,#3574,.T.);
#3574 = EDGE_CURVE('',#2325,#3575,#3577,.T.);
#3575 = VERTEX_POINT('',#3576);
#3576 = CARTESIAN_POINT('',(21.15,-25.5,96.59));
#3577 = SEAM_CURVE('',#3578,(#3582,#3589),.PCURVE_S1.);
#3578 = LINE('',#3579,#3580);
#3579 = CARTESIAN_POINT('',(21.15,-54.,96.59));
#3580 = VECTOR('',#3581,1.);
#3581 = DIRECTION('',(-0.,1.,-0.));
#3582 = PCURVE('',#2345,#3583);
#3583 = DEFINITIONAL_REPRESENTATION('',(#3584),#3588);
#3584 = LINE('',#3585,#3586);
#3585 = CARTESIAN_POINT('',(4.138911435803E-13,-0.));
#3586 = VECTOR('',#3587,1.);
#3587 = DIRECTION('',(-0.,-1.));
#3588 = ( GEOMETRIC_REPRESENTATION_CONTEXT(2) 
PARAMETRIC_REPRESENTATION_CONTEXT() REPRESENTATION_CONTEXT('2D SPACE',''
  ) );
#3589 = PCURVE('',#2345,#3590);
#3590 = DEFINITIONAL_REPRESENTATION('',(#3591),#3595);
#3591 = LINE('',#3592,#3593);
#3592 = CARTESIAN_POINT('',(-6.28318530718,0.));
#3593 = VECTOR('',#3594,1.);
#3594 = DIRECTION('',(-0.,-1.));
#3595 = ( GEOMETRIC_REPRESENTATION_CONTEXT(2) 
PARAMETRIC_REPRESENTATION_CONTEXT() REPRESENTATION_CONTEXT('2D SPACE',''
  ) );
#3596 = ORIENTED_EDGE('',*,*,#3597,.F.);
#3597 = EDGE_CURVE('',#3575,#3575,#3598,.T.);
#3598 = SURFACE_CURVE('',#3599,(#3604,#3611),.PCURVE_S1.);
#3599 = CIRCLE('',#3600,5.1);
#3600 = AXIS2_PLACEMENT_3D('',#3601,#3602,#3603);
#3601 = CARTESIAN_POINT('',(16.05,-25.5,96.59));
#3602 = DIRECTION('',(-0.,-1.,-0.));
#3603 = DIRECTION('',(1.,-0.,-0.));
#3604 = PCURVE('',#2345,#3605);
#3605 = DEFINITIONAL_REPRESENTATION('',(#3606),#3610);
#3606 = LINE('',#3607,#3608);
#3607 = CARTESIAN_POINT('',(-6.28318530718,-28.5));
#3608 = VECTOR('',#3609,1.);
#3609 = DIRECTION('',(1.,-0.));
#3610 = ( GEOMETRIC_REPRESENTATION_CONTEXT(2) 
PARAMETRIC_REPRESENTATION_CONTEXT() REPRESENTATION_CONTEXT('2D SPACE',''
  ) );
#3611 = PCURVE('',#3612,#3617);
#3612 = PLANE('',#3613);
#3613 = AXIS2_PLACEMENT_3D('',#3614,#3615,#3616);
#3614 = CARTESIAN_POINT('',(16.05,-25.5,96.59));
#3615 = DIRECTION('',(-0.,1.,-0.));
#3616 = DIRECTION('',(0.,0.,1.));
#3617 = DEFINITIONAL_REPRESENTATION('',(#3618),#3626);
#3618 = ( BOUNDED_CURVE() B_SPLINE_CURVE(2,(#3619,#3620,#3621,#3622,
#3623,#3624,#3625),.UNSPECIFIED.,.T.,.F.) B_SPLINE_CURVE_WITH_KNOTS((1,2
    ,2,2,2,1),(-2.094395102393,0.,2.094395102393,4.188790204786,
6.28318530718,8.377580409573),.UNSPECIFIED.) CURVE() 
GEOMETRIC_REPRESENTATION_ITEM() RATIONAL_B_SPLINE_CURVE((1.,0.5,1.,0.5,
1.,0.5,1.)) REPRESENTATION_ITEM('') );
#3619 = CARTESIAN_POINT('',(0.,5.1));
#3620 = CARTESIAN_POINT('',(8.833459118601,5.1));
#3621 = CARTESIAN_POINT('',(4.416729559301,-2.55));
#3622 = CARTESIAN_POINT('',(1.24913973513E-15,-10.2));
#3623 = CARTESIAN_POINT('',(-4.416729559301,-2.55));
#3624 = CARTESIAN_POINT('',(-8.833459118601,5.1));
#3625 = CARTESIAN_POINT('',(0.,5.1));
#3626 = ( GEOMETRIC_REPRESENTATION_CONTEXT(2) 
PARAMETRIC_REPRESENTATION_CONTEXT() REPRESENTATION_CONTEXT('2D SPACE',''
  ) );
#3627 = ORIENTED_EDGE('',*,*,#3574,.F.);
#3628 = ADVANCED_FACE('',(#3629),#2440,.F.);
#3629 = FACE_BOUND('',#3630,.T.);
#3630 = EDGE_LOOP('',(#3631,#3632,#3655,#3686));
#3631 = ORIENTED_EDGE('',*,*,#2419,.T.);
#3632 = ORIENTED_EDGE('',*,*,#3633,.T.);
#3633 = EDGE_CURVE('',#2420,#3634,#3636,.T.);
#3634 = VERTEX_POINT('',#3635);
#3635 = CARTESIAN_POINT('',(21.15,-21.6,-103.41));
#3636 = SEAM_CURVE('',#3637,(#3641,#3648),.PCURVE_S1.);
#3637 = LINE('',#3638,#3639);
#3638 = CARTESIAN_POINT('',(21.15,-54.,-103.41));
#3639 = VECTOR('',#3640,1.);
#3640 = DIRECTION('',(-0.,1.,-0.));
#3641 = PCURVE('',#2440,#3642);
#3642 = DEFINITIONAL_REPRESENTATION('',(#3643),#3647);
#3643 = LINE('',#3644,#3645);
#3644 = CARTESIAN_POINT('',(4.138911435803E-13,-0.));
#3645 = VECTOR('',#3646,1.);
#3646 = DIRECTION('',(-0.,-1.));
#3647 = ( GEOMETRIC_REPRESENTATION_CONTEXT(2) 
PARAMETRIC_REPRESENTATION_CONTEXT() REPRESENTATION_CONTEXT('2D SPACE',''
  ) );
#3648 = PCURVE('',#2440,#3649);
#3649 = DEFINITIONAL_REPRESENTATION('',(#3650),#3654);
#3650 = LINE('',#3651,#3652);
#3651 = CARTESIAN_POINT('',(-6.28318530718,0.));
#3652 = VECTOR('',#3653,1.);
#3653 = DIRECTION('',(-0.,-1.));
#3654 = ( GEOMETRIC_REPRESENTATION_CONTEXT(2) 
PARAMETRIC_REPRESENTATION_CONTEXT() REPRESENTATION_CONTEXT('2D SPACE',''
  ) );
#3655 = ORIENTED_EDGE('',*,*,#3656,.F.);
#3656 = EDGE_CURVE('',#3634,#3634,#3657,.T.);
#3657 = SURFACE_CURVE('',#3658,(#3663,#3670),.PCURVE_S1.);
#3658 = CIRCLE('',#3659,5.1);
#3659 = AXIS2_PLACEMENT_3D('',#3660,#3661,#3662);
#3660 = CARTESIAN_POINT('',(16.05,-21.6,-103.41));
#3661 = DIRECTION('',(-0.,-1.,-0.));
#3662 = DIRECTION('',(1.,-0.,-0.));
#3663 = PCURVE('',#2440,#3664);
#3664 = DEFINITIONAL_REPRESENTATION('',(#3665),#3669);
#3665 = LINE('',#3666,#3667);
#3666 = CARTESIAN_POINT('',(-6.28318530718,-32.4));
#3667 = VECTOR('',#3668,1.);
#3668 = DIRECTION('',(1.,-0.));
#3669 = ( GEOMETRIC_REPRESENTATION_CONTEXT(2) 
PARAMETRIC_REPRESENTATION_CONTEXT() REPRESENTATION_CONTEXT('2D SPACE',''
  ) );
#3670 = PCURVE('',#3671,#3676);
#3671 = PLANE('',#3672);
#3672 = AXIS2_PLACEMENT_3D('',#3673,#3674,#3675);
#3673 = CARTESIAN_POINT('',(16.05,-21.6,-103.41));
#3674 = DIRECTION('',(-0.,1.,-0.));
#3675 = DIRECTION('',(0.,0.,1.));
#3676 = DEFINITIONAL_REPRESENTATION('',(#3677),#3685);
#3677 = ( BOUNDED_CURVE() B_SPLINE_CURVE(2,(#3678,#3679,#3680,#3681,
#3682,#3683,#3684),.UNSPECIFIED.,.T.,.F.) B_SPLINE_CURVE_WITH_KNOTS((1,2
    ,2,2,2,1),(-2.094395102393,0.,2.094395102393,4.188790204786,
6.28318530718,8.377580409573),.UNSPECIFIED.) CURVE() 
GEOMETRIC_REPRESENTATION_ITEM() RATIONAL_B_SPLINE_CURVE((1.,0.5,1.,0.5,
1.,0.5,1.)) REPRESENTATION_ITEM('') );
#3678 = CARTESIAN_POINT('',(0.,5.1));
#3679 = CARTESIAN_POINT('',(8.833459118601,5.1));
#3680 = CARTESIAN_POINT('',(4.416729559301,-2.55));
#3681 = CARTESIAN_POINT('',(1.24913973513E-15,-10.2));
#3682 = CARTESIAN_POINT('',(-4.416729559301,-2.55));
#3683 = CARTESIAN_POINT('',(-8.833459118601,5.1));
#3684 = CARTESIAN_POINT('',(0.,5.1));
#3685 = ( GEOMETRIC_REPRESENTATION_CONTEXT(2) 
PARAMETRIC_REPRESENTATION_CONTEXT() REPRESENTATION_CONTEXT('2D SPACE',''
  ) );
#3686 = ORIENTED_EDGE('',*,*,#3633,.F.);
#3687 = ADVANCED_FACE('',(#3688,#3691),#2499,.T.);
#3688 = FACE_BOUND('',#3689,.F.);
#3689 = EDGE_LOOP('',(#3690));
#3690 = ORIENTED_EDGE('',*,*,#2482,.T.);
#3691 = FACE_BOUND('',#3692,.F.);
#3692 = EDGE_LOOP('',(#3693));
#3693 = ORIENTED_EDGE('',*,*,#3694,.F.);
#3694 = EDGE_CURVE('',#3695,#3695,#3697,.T.);
#3695 = VERTEX_POINT('',#3696);
#3696 = CARTESIAN_POINT('',(-83.95,-20.1,-103.41));
#3697 = SURFACE_CURVE('',#3698,(#3703,#3714),.PCURVE_S1.);
#3698 = CIRCLE('',#3699,6.);
#3699 = AXIS2_PLACEMENT_3D('',#3700,#3701,#3702);
#3700 = CARTESIAN_POINT('',(-89.95,-20.1,-103.41));
#3701 = DIRECTION('',(-0.,-1.,-0.));
#3702 = DIRECTION('',(1.,-0.,-0.));
#3703 = PCURVE('',#2499,#3704);
#3704 = DEFINITIONAL_REPRESENTATION('',(#3705),#3713);
#3705 = ( BOUNDED_CURVE() B_SPLINE_CURVE(2,(#3706,#3707,#3708,#3709,
#3710,#3711,#3712),.UNSPECIFIED.,.T.,.F.) B_SPLINE_CURVE_WITH_KNOTS((1,2
    ,2,2,2,1),(-2.094395102393,0.,2.094395102393,4.188790204786,
6.28318530718,8.377580409573),.UNSPECIFIED.) CURVE() 
GEOMETRIC_REPRESENTATION_ITEM() RATIONAL_B_SPLINE_CURVE((1.,0.5,1.,0.5,
1.,0.5,1.)) REPRESENTATION_ITEM('') );
#3706 = CARTESIAN_POINT('',(0.,6.));
#3707 = CARTESIAN_POINT('',(10.392304845413,6.));
#3708 = CARTESIAN_POINT('',(5.196152422707,-3.));
#3709 = CARTESIAN_POINT('',(1.469576158977E-15,-12.));
#3710 = CARTESIAN_POINT('',(-5.196152422707,-3.));
#3711 = CARTESIAN_POINT('',(-10.39230484541,6.));
#3712 = CARTESIAN_POINT('',(0.,6.));
#3713 = ( GEOMETRIC_REPRESENTATION_CONTEXT(2) 
PARAMETRIC_REPRESENTATION_CONTEXT() REPRESENTATION_CONTEXT('2D SPACE',''
  ) );
#3714 = PCURVE('',#3715,#3720);
#3715 = CYLINDRICAL_SURFACE('',#3716,6.);
#3716 = AXIS2_PLACEMENT_3D('',#3717,#3718,#3719);
#3717 = CARTESIAN_POINT('',(-89.95,0.,-103.41));
#3718 = DIRECTION('',(-0.,1.,-0.));
#3719 = DIRECTION('',(1.,-0.,-0.));
#3720 = DEFINITIONAL_REPRESENTATION('',(#3721),#3725);
#3721 = LINE('',#3722,#3723);
#3722 = CARTESIAN_POINT('',(-0.,-20.1));
#3723 = VECTOR('',#3724,1.);
#3724 = DIRECTION('',(-1.,0.));
#3725 = ( GEOMETRIC_REPRESENTATION_CONTEXT(2) 
PARAMETRIC_REPRESENTATION_CONTEXT() REPRESENTATION_CONTEXT('2D SPACE',''
  ) );
#3726 = ADVANCED_FACE('',(#3727,#3730),#2635,.T.);
#3727 = FACE_BOUND('',#3728,.F.);
#3728 = EDGE_LOOP('',(#3729));
#3729 = ORIENTED_EDGE('',*,*,#2618,.T.);
#3730 = FACE_BOUND('',#3731,.F.);
#3731 = EDGE_LOOP('',(#3732));
#3732 = ORIENTED_EDGE('',*,*,#3733,.F.);
#3733 = EDGE_CURVE('',#3734,#3734,#3736,.T.);
#3734 = VERTEX_POINT('',#3735);
#3735 = CARTESIAN_POINT('',(22.05,-20.1,-103.41));
#3736 = SURFACE_CURVE('',#3737,(#3742,#3753),.PCURVE_S1.);
#3737 = CIRCLE('',#3738,6.);
#3738 = AXIS2_PLACEMENT_3D('',#3739,#3740,#3741);
#3739 = CARTESIAN_POINT('',(16.05,-20.1,-103.41));
#3740 = DIRECTION('',(-0.,-1.,-0.));
#3741 = DIRECTION('',(1.,-0.,-0.));
#3742 = PCURVE('',#2635,#3743);
#3743 = DEFINITIONAL_REPRESENTATION('',(#3744),#3752);
#3744 = ( BOUNDED_CURVE() B_SPLINE_CURVE(2,(#3745,#3746,#3747,#3748,
#3749,#3750,#3751),.UNSPECIFIED.,.T.,.F.) B_SPLINE_CURVE_WITH_KNOTS((1,2
    ,2,2,2,1),(-2.094395102393,0.,2.094395102393,4.188790204786,
6.28318530718,8.377580409573),.UNSPECIFIED.) CURVE() 
GEOMETRIC_REPRESENTATION_ITEM() RATIONAL_B_SPLINE_CURVE((1.,0.5,1.,0.5,
1.,0.5,1.)) REPRESENTATION_ITEM('') );
#3745 = CARTESIAN_POINT('',(0.,6.));
#3746 = CARTESIAN_POINT('',(10.392304845413,6.));
#3747 = CARTESIAN_POINT('',(5.196152422707,-3.));
#3748 = CARTESIAN_POINT('',(1.469576158977E-15,-12.));
#3749 = CARTESIAN_POINT('',(-5.196152422707,-3.));
#3750 = CARTESIAN_POINT('',(-10.39230484541,6.));
#3751 = CARTESIAN_POINT('',(0.,6.));
#3752 = ( GEOMETRIC_REPRESENTATION_CONTEXT(2) 
PARAMETRIC_REPRESENTATION_CONTEXT() REPRESENTATION_CONTEXT('2D SPACE',''
  ) );
#3753 = PCURVE('',#3754,#3759);
#3754 = CYLINDRICAL_SURFACE('',#3755,6.);
#3755 = AXIS2_PLACEMENT_3D('',#3756,#3757,#3758);
#3756 = CARTESIAN_POINT('',(16.05,0.,-103.41));
#3757 = DIRECTION('',(-0.,1.,-0.));
#3758 = DIRECTION('',(1.,-0.,-0.));
#3759 = DEFINITIONAL_REPRESENTATION('',(#3760),#3764);
#3760 = LINE('',#3761,#3762);
#3761 = CARTESIAN_POINT('',(-0.,-20.1));
#3762 = VECTOR('',#3763,1.);
#3763 = DIRECTION('',(-1.,0.));
#3764 = ( GEOMETRIC_REPRESENTATION_CONTEXT(2) 
PARAMETRIC_REPRESENTATION_CONTEXT() REPRESENTATION_CONTEXT('2D SPACE',''
  ) );
#3765 = ADVANCED_FACE('',(#3766,#3769),#3063,.T.);
#3766 = FACE_BOUND('',#3767,.F.);
#3767 = EDGE_LOOP('',(#3768));
#3768 = ORIENTED_EDGE('',*,*,#3046,.T.);
#3769 = FACE_BOUND('',#3770,.F.);
#3770 = EDGE_LOOP('',(#3771));
#3771 = ORIENTED_EDGE('',*,*,#3772,.F.);
#3772 = EDGE_CURVE('',#3773,#3773,#3775,.T.);
#3773 = VERTEX_POINT('',#3774);
#3774 = CARTESIAN_POINT('',(-83.95,-20.1,96.59));
#3775 = SURFACE_CURVE('',#3776,(#3781,#3792),.PCURVE_S1.);
#3776 = CIRCLE('',#3777,6.);
#3777 = AXIS2_PLACEMENT_3D('',#3778,#3779,#3780);
#3778 = CARTESIAN_POINT('',(-89.95,-20.1,96.59));
#3779 = DIRECTION('',(-0.,-1.,-0.));
#3780 = DIRECTION('',(1.,-0.,-0.));
#3781 = PCURVE('',#3063,#3782);
#3782 = DEFINITIONAL_REPRESENTATION('',(#3783),#3791);
#3783 = ( BOUNDED_CURVE() B_SPLINE_CURVE(2,(#3784,#3785,#3786,#3787,
#3788,#3789,#3790),.UNSPECIFIED.,.T.,.F.) B_SPLINE_CURVE_WITH_KNOTS((1,2
    ,2,2,2,1),(-2.094395102393,0.,2.094395102393,4.188790204786,
6.28318530718,8.377580409573),.UNSPECIFIED.) CURVE() 
GEOMETRIC_REPRESENTATION_ITEM() RATIONAL_B_SPLINE_CURVE((1.,0.5,1.,0.5,
1.,0.5,1.)) REPRESENTATION_ITEM('') );
#3784 = CARTESIAN_POINT('',(0.,6.));
#3785 = CARTESIAN_POINT('',(10.392304845413,6.));
#3786 = CARTESIAN_POINT('',(5.196152422707,-3.));
#3787 = CARTESIAN_POINT('',(1.469576158977E-15,-12.));
#3788 = CARTESIAN_POINT('',(-5.196152422707,-3.));
#3789 = CARTESIAN_POINT('',(-10.39230484541,6.));
#3790 = CARTESIAN_POINT('',(0.,6.));
#3791 = ( GEOMETRIC_REPRESENTATION_CONTEXT(2) 
PARAMETRIC_REPRESENTATION_CONTEXT() REPRESENTATION_CONTEXT('2D SPACE',''
  ) );
#3792 = PCURVE('',#3793,#3798);
#3793 = CYLINDRICAL_SURFACE('',#3794,6.);
#3794 = AXIS2_PLACEMENT_3D('',#3795,#3796,#3797);
#3795 = CARTESIAN_POINT('',(-89.95,0.,96.59));
#3796 = DIRECTION('',(-0.,1.,-0.));
#3797 = DIRECTION('',(1.,-0.,-0.));
#3798 = DEFINITIONAL_REPRESENTATION('',(#3799),#3803);
#3799 = LINE('',#3800,#3801);
#3800 = CARTESIAN_POINT('',(-0.,-20.1));
#3801 = VECTOR('',#3802,1.);
#3802 = DIRECTION('',(-1.,0.));
#3803 = ( GEOMETRIC_REPRESENTATION_CONTEXT(2) 
PARAMETRIC_REPRESENTATION_CONTEXT() REPRESENTATION_CONTEXT('2D SPACE',''
  ) );
#3804 = ADVANCED_FACE('',(#3805,#3808),#3171,.T.);
#3805 = FACE_BOUND('',#3806,.F.);
#3806 = EDGE_LOOP('',(#3807));
#3807 = ORIENTED_EDGE('',*,*,#3154,.T.);
#3808 = FACE_BOUND('',#3809,.F.);
#3809 = EDGE_LOOP('',(#3810));
#3810 = ORIENTED_EDGE('',*,*,#3811,.F.);
#3811 = EDGE_CURVE('',#3812,#3812,#3814,.T.);
#3812 = VERTEX_POINT('',#3813);
#3813 = CARTESIAN_POINT('',(22.05,-24.,96.59));
#3814 = SURFACE_CURVE('',#3815,(#3820,#3831),.PCURVE_S1.);
#3815 = CIRCLE('',#3816,6.);
#3816 = AXIS2_PLACEMENT_3D('',#3817,#3818,#3819);
#3817 = CARTESIAN_POINT('',(16.05,-24.,96.59));
#3818 = DIRECTION('',(-0.,-1.,-0.));
#3819 = DIRECTION('',(1.,-0.,-0.));
#3820 = PCURVE('',#3171,#3821);
#3821 = DEFINITIONAL_REPRESENTATION('',(#3822),#3830);
#3822 = ( BOUNDED_CURVE() B_SPLINE_CURVE(2,(#3823,#3824,#3825,#3826,
#3827,#3828,#3829),.UNSPECIFIED.,.T.,.F.) B_SPLINE_CURVE_WITH_KNOTS((1,2
    ,2,2,2,1),(-2.094395102393,0.,2.094395102393,4.188790204786,
6.28318530718,8.377580409573),.UNSPECIFIED.) CURVE() 
GEOMETRIC_REPRESENTATION_ITEM() RATIONAL_B_SPLINE_CURVE((1.,0.5,1.,0.5,
1.,0.5,1.)) REPRESENTATION_ITEM('') );
#3823 = CARTESIAN_POINT('',(0.,6.));
#3824 = CARTESIAN_POINT('',(10.392304845413,6.));
#3825 = CARTESIAN_POINT('',(5.196152422707,-3.));
#3826 = CARTESIAN_POINT('',(1.469576158977E-15,-12.));
#3827 = CARTESIAN_POINT('',(-5.196152422707,-3.));
#3828 = CARTESIAN_POINT('',(-10.39230484541,6.));
#3829 = CARTESIAN_POINT('',(0.,6.));
#3830 = ( GEOMETRIC_REPRESENTATION_CONTEXT(2) 
PARAMETRIC_REPRESENTATION_CONTEXT() REPRESENTATION_CONTEXT('2D SPACE',''
  ) );
#3831 = PCURVE('',#3832,#3837);
#3832 = CYLINDRICAL_SURFACE('',#3833,6.);
#3833 = AXIS2_PLACEMENT_3D('',#3834,#3835,#3836);
#3834 = CARTESIAN_POINT('',(16.05,0.,96.59));
#3835 = DIRECTION('',(-0.,1.,-0.));
#3836 = DIRECTION('',(1.,-0.,-0.));
#3837 = DEFINITIONAL_REPRESENTATION('',(#3838),#3842);
#3838 = LINE('',#3839,#3840);
#3839 = CARTESIAN_POINT('',(-0.,-24.));
#3840 = VECTOR('',#3841,1.);
#3841 = DIRECTION('',(-1.,0.));
#3842 = ( GEOMETRIC_REPRESENTATION_CONTEXT(2) 
PARAMETRIC_REPRESENTATION_CONTEXT() REPRESENTATION_CONTEXT('2D SPACE',''
  ) );
#3843 = ADVANCED_FACE('',(#3844,#3847),#3494,.F.);
#3844 = FACE_BOUND('',#3845,.T.);
#3845 = EDGE_LOOP('',(#3846));
#3846 = ORIENTED_EDGE('',*,*,#3479,.T.);
#3847 = FACE_BOUND('',#3848,.T.);
#3848 = EDGE_LOOP('',(#3849));
#3849 = ORIENTED_EDGE('',*,*,#3850,.F.);
#3850 = EDGE_CURVE('',#3851,#3851,#3853,.T.);
#3851 = VERTEX_POINT('',#3852);
#3852 = CARTESIAN_POINT('',(-87.15,-21.6,96.59));
#3853 = SURFACE_CURVE('',#3854,(#3859,#3870),.PCURVE_S1.);
#3854 = CIRCLE('',#3855,2.8);
#3855 = AXIS2_PLACEMENT_3D('',#3856,#3857,#3858);
#3856 = CARTESIAN_POINT('',(-89.95,-21.6,96.59));
#3857 = DIRECTION('',(-0.,-1.,-0.));
#3858 = DIRECTION('',(1.,-0.,-0.));
#3859 = PCURVE('',#3494,#3860);
#3860 = DEFINITIONAL_REPRESENTATION('',(#3861),#3869);
#3861 = ( BOUNDED_CURVE() B_SPLINE_CURVE(2,(#3862,#3863,#3864,#3865,
#3866,#3867,#3868),.UNSPECIFIED.,.T.,.F.) B_SPLINE_CURVE_WITH_KNOTS((1,2
    ,2,2,2,1),(-2.094395102393,0.,2.094395102393,4.188790204786,
6.28318530718,8.377580409573),.UNSPECIFIED.) CURVE() 
GEOMETRIC_REPRESENTATION_ITEM() RATIONAL_B_SPLINE_CURVE((1.,0.5,1.,0.5,
1.,0.5,1.)) REPRESENTATION_ITEM('') );
#3862 = CARTESIAN_POINT('',(0.,2.8));
#3863 = CARTESIAN_POINT('',(4.849742261193,2.8));
#3864 = CARTESIAN_POINT('',(2.424871130596,-1.4));
#3865 = CARTESIAN_POINT('',(6.858022075225E-16,-5.6));
#3866 = CARTESIAN_POINT('',(-2.424871130596,-1.4));
#3867 = CARTESIAN_POINT('',(-4.849742261193,2.8));
#3868 = CARTESIAN_POINT('',(0.,2.8));
#3869 = ( GEOMETRIC_REPRESENTATION_CONTEXT(2) 
PARAMETRIC_REPRESENTATION_CONTEXT() REPRESENTATION_CONTEXT('2D SPACE',''
  ) );
#3870 = PCURVE('',#3871,#3876);
#3871 = CYLINDRICAL_SURFACE('',#3872,2.8);
#3872 = AXIS2_PLACEMENT_3D('',#3873,#3874,#3875);
#3873 = CARTESIAN_POINT('',(-89.95,0.,96.59));
#3874 = DIRECTION('',(-0.,1.,-0.));
#3875 = DIRECTION('',(1.,-0.,-0.));
#3876 = DEFINITIONAL_REPRESENTATION('',(#3877),#3881);
#3877 = LINE('',#3878,#3879);
#3878 = CARTESIAN_POINT('',(-0.,-21.6));
#3879 = VECTOR('',#3880,1.);
#3880 = DIRECTION('',(-1.,0.));
#3881 = ( GEOMETRIC_REPRESENTATION_CONTEXT(2) 
PARAMETRIC_REPRESENTATION_CONTEXT() REPRESENTATION_CONTEXT('2D SPACE',''
  ) );
#3882 = ADVANCED_FACE('',(#3883,#3886),#3553,.F.);
#3883 = FACE_BOUND('',#3884,.T.);
#3884 = EDGE_LOOP('',(#3885));
#3885 = ORIENTED_EDGE('',*,*,#3538,.T.);
#3886 = FACE_BOUND('',#3887,.T.);
#3887 = EDGE_LOOP('',(#3888));
#3888 = ORIENTED_EDGE('',*,*,#3889,.F.);
#3889 = EDGE_CURVE('',#3890,#3890,#3892,.T.);
#3890 = VERTEX_POINT('',#3891);
#3891 = CARTESIAN_POINT('',(-87.15,-21.6,-103.41));
#3892 = SURFACE_CURVE('',#3893,(#3898,#3909),.PCURVE_S1.);
#3893 = CIRCLE('',#3894,2.8);
#3894 = AXIS2_PLACEMENT_3D('',#3895,#3896,#3897);
#3895 = CARTESIAN_POINT('',(-89.95,-21.6,-103.41));
#3896 = DIRECTION('',(-0.,-1.,-0.));
#3897 = DIRECTION('',(1.,-0.,-0.));
#3898 = PCURVE('',#3553,#3899);
#3899 = DEFINITIONAL_REPRESENTATION('',(#3900),#3908);
#3900 = ( BOUNDED_CURVE() B_SPLINE_CURVE(2,(#3901,#3902,#3903,#3904,
#3905,#3906,#3907),.UNSPECIFIED.,.T.,.F.) B_SPLINE_CURVE_WITH_KNOTS((1,2
    ,2,2,2,1),(-2.094395102393,0.,2.094395102393,4.188790204786,
6.28318530718,8.377580409573),.UNSPECIFIED.) CURVE() 
GEOMETRIC_REPRESENTATION_ITEM() RATIONAL_B_SPLINE_CURVE((1.,0.5,1.,0.5,
1.,0.5,1.)) REPRESENTATION_ITEM('') );
#3901 = CARTESIAN_POINT('',(0.,2.8));
#3902 = CARTESIAN_POINT('',(4.849742261193,2.8));
#3903 = CARTESIAN_POINT('',(2.424871130596,-1.4));
#3904 = CARTESIAN_POINT('',(6.858022075225E-16,-5.6));
#3905 = CARTESIAN_POINT('',(-2.424871130596,-1.4));
#3906 = CARTESIAN_POINT('',(-4.849742261193,2.8));
#3907 = CARTESIAN_POINT('',(0.,2.8));
#3908 = ( GEOMETRIC_REPRESENTATION_CONTEXT(2) 
PARAMETRIC_REPRESENTATION_CONTEXT() REPRESENTATION_CONTEXT('2D SPACE',''
  ) );
#3909 = PCURVE('',#3910,#3915);
#3910 = CYLINDRICAL_SURFACE('',#3911,2.8);
#3911 = AXIS2_PLACEMENT_3D('',#3912,#3913,#3914);
#3912 = CARTESIAN_POINT('',(-89.95,0.,-103.41));
#3913 = DIRECTION('',(-0.,1.,-0.));
#3914 = DIRECTION('',(1.,-0.,-0.));
#3915 = DEFINITIONAL_REPRESENTATION('',(#3916),#3920);
#3916 = LINE('',#3917,#3918);
#3917 = CARTESIAN_POINT('',(-0.,-21.6));
#3918 = VECTOR('',#3919,1.);
#3919 = DIRECTION('',(-1.,0.));
#3920 = ( GEOMETRIC_REPRESENTATION_CONTEXT(2) 
PARAMETRIC_REPRESENTATION_CONTEXT() REPRESENTATION_CONTEXT('2D SPACE',''
  ) );
#3921 = ADVANCED_FACE('',(#3922,#3925),#3612,.F.);
#3922 = FACE_BOUND('',#3923,.T.);
#3923 = EDGE_LOOP('',(#3924));
#3924 = ORIENTED_EDGE('',*,*,#3597,.T.);
#3925 = FACE_BOUND('',#3926,.T.);
#3926 = EDGE_LOOP('',(#3927));
#3927 = ORIENTED_EDGE('',*,*,#3928,.F.);
#3928 = EDGE_CURVE('',#3929,#3929,#3931,.T.);
#3929 = VERTEX_POINT('',#3930);
#3930 = CARTESIAN_POINT('',(18.85,-25.5,96.59));
#3931 = SURFACE_CURVE('',#3932,(#3937,#3948),.PCURVE_S1.);
#3932 = CIRCLE('',#3933,2.8);
#3933 = AXIS2_PLACEMENT_3D('',#3934,#3935,#3936);
#3934 = CARTESIAN_POINT('',(16.05,-25.5,96.59));
#3935 = DIRECTION('',(-0.,-1.,-0.));
#3936 = DIRECTION('',(1.,-0.,-0.));
#3937 = PCURVE('',#3612,#3938);
#3938 = DEFINITIONAL_REPRESENTATION('',(#3939),#3947);
#3939 = ( BOUNDED_CURVE() B_SPLINE_CURVE(2,(#3940,#3941,#3942,#3943,
#3944,#3945,#3946),.UNSPECIFIED.,.T.,.F.) B_SPLINE_CURVE_WITH_KNOTS((1,2
    ,2,2,2,1),(-2.094395102393,0.,2.094395102393,4.188790204786,
6.28318530718,8.377580409573),.UNSPECIFIED.) CURVE() 
GEOMETRIC_REPRESENTATION_ITEM() RATIONAL_B_SPLINE_CURVE((1.,0.5,1.,0.5,
1.,0.5,1.)) REPRESENTATION_ITEM('') );
#3940 = CARTESIAN_POINT('',(0.,2.8));
#3941 = CARTESIAN_POINT('',(4.849742261193,2.8));
#3942 = CARTESIAN_POINT('',(2.424871130596,-1.4));
#3943 = CARTESIAN_POINT('',(6.858022075225E-16,-5.6));
#3944 = CARTESIAN_POINT('',(-2.424871130596,-1.4));
#3945 = CARTESIAN_POINT('',(-4.849742261193,2.8));
#3946 = CARTESIAN_POINT('',(0.,2.8));
#3947 = ( GEOMETRIC_REPRESENTATION_CONTEXT(2) 
PARAMETRIC_REPRESENTATION_CONTEXT() REPRESENTATION_CONTEXT('2D SPACE',''
  ) );
#3948 = PCURVE('',#3949,#3954);
#3949 = CYLINDRICAL_SURFACE('',#3950,2.8);
#3950 = AXIS2_PLACEMENT_3D('',#3951,#3952,#3953);
#3951 = CARTESIAN_POINT('',(16.05,0.,96.59));
#3952 = DIRECTION('',(-0.,1.,-0.));
#3953 = DIRECTION('',(1.,-0.,-0.));
#3954 = DEFINITIONAL_REPRESENTATION('',(#3955),#3959);
#3955 = LINE('',#3956,#3957);
#3956 = CARTESIAN_POINT('',(-0.,-25.5));
#3957 = VECTOR('',#3958,1.);
#3958 = DIRECTION('',(-1.,0.));
#3959 = ( GEOMETRIC_REPRESENTATION_CONTEXT(2) 
PARAMETRIC_REPRESENTATION_CONTEXT() REPRESENTATION_CONTEXT('2D SPACE',''
  ) );
#3960 = ADVANCED_FACE('',(#3961,#3964),#3671,.F.);
#3961 = FACE_BOUND('',#3962,.T.);
#3962 = EDGE_LOOP('',(#3963));
#3963 = ORIENTED_EDGE('',*,*,#3656,.T.);
#3964 = FACE_BOUND('',#3965,.T.);
#3965 = EDGE_LOOP('',(#3966));
#3966 = ORIENTED_EDGE('',*,*,#3967,.F.);
#3967 = EDGE_CURVE('',#3968,#3968,#3970,.T.);
#3968 = VERTEX_POINT('',#3969);
#3969 = CARTESIAN_POINT('',(18.85,-21.6,-103.41));
#3970 = SURFACE_CURVE('',#3971,(#3976,#3987),.PCURVE_S1.);
#3971 = CIRCLE('',#3972,2.8);
#3972 = AXIS2_PLACEMENT_3D('',#3973,#3974,#3975);
#3973 = CARTESIAN_POINT('',(16.05,-21.6,-103.41));
#3974 = DIRECTION('',(-0.,-1.,-0.));
#3975 = DIRECTION('',(1.,-0.,-0.));
#3976 = PCURVE('',#3671,#3977);
#3977 = DEFINITIONAL_REPRESENTATION('',(#3978),#3986);
#3978 = ( BOUNDED_CURVE() B_SPLINE_CURVE(2,(#3979,#3980,#3981,#3982,
#3983,#3984,#3985),.UNSPECIFIED.,.T.,.F.) B_SPLINE_CURVE_WITH_KNOTS((1,2
    ,2,2,2,1),(-2.094395102393,0.,2.094395102393,4.188790204786,
6.28318530718,8.377580409573),.UNSPECIFIED.) CURVE() 
GEOMETRIC_REPRESENTATION_ITEM() RATIONAL_B_SPLINE_CURVE((1.,0.5,1.,0.5,
1.,0.5,1.)) REPRESENTATION_ITEM('') );
#3979 = CARTESIAN_POINT('',(0.,2.8));
#3980 = CARTESIAN_POINT('',(4.849742261193,2.8));
#3981 = CARTESIAN_POINT('',(2.424871130596,-1.4));
#3982 = CARTESIAN_POINT('',(6.858022075225E-16,-5.6));
#3983 = CARTESIAN_POINT('',(-2.424871130596,-1.4));
#3984 = CARTESIAN_POINT('',(-4.849742261193,2.8));
#3985 = CARTESIAN_POINT('',(0.,2.8));
#3986 = ( GEOMETRIC_REPRESENTATION_CONTEXT(2) 
PARAMETRIC_REPRESENTATION_CONTEXT() REPRESENTATION_CONTEXT('2D SPACE',''
  ) );
#3987 = PCURVE('',#3988,#3993);
#3988 = CYLINDRICAL_SURFACE('',#3989,2.8);
#3989 = AXIS2_PLACEMENT_3D('',#3990,#3991,#3992);
#3990 = CARTESIAN_POINT('',(16.05,0.,-103.41));
#3991 = DIRECTION('',(-0.,1.,-0.));
#3992 = DIRECTION('',(1.,-0.,-0.));
#3993 = DEFINITIONAL_REPRESENTATION('',(#3994),#3998);
#3994 = LINE('',#3995,#3996);
#3995 = CARTESIAN_POINT('',(-0.,-21.6));
#3996 = VECTOR('',#3997,1.);
#3997 = DIRECTION('',(-1.,0.));
#3998 = ( GEOMETRIC_REPRESENTATION_CONTEXT(2) 
PARAMETRIC_REPRESENTATION_CONTEXT() REPRESENTATION_CONTEXT('2D SPACE',''
  ) );
#3999 = ADVANCED_FACE('',(#4000),#3715,.T.);
#4000 = FACE_BOUND('',#4001,.F.);
#4001 = EDGE_LOOP('',(#4002,#4025,#4026,#4027));
#4002 = ORIENTED_EDGE('',*,*,#4003,.T.);
#4003 = EDGE_CURVE('',#4004,#3695,#4006,.T.);
#4004 = VERTEX_POINT('',#4005);
#4005 = CARTESIAN_POINT('',(-83.95,0.,-103.41));
#4006 = SEAM_CURVE('',#4007,(#4011,#4018),.PCURVE_S1.);
#4007 = LINE('',#4008,#4009);
#4008 = CARTESIAN_POINT('',(-83.95,0.,-103.41));
#4009 = VECTOR('',#4010,1.);
#4010 = DIRECTION('',(-0.,-1.,-0.));
#4011 = PCURVE('',#3715,#4012);
#4012 = DEFINITIONAL_REPRESENTATION('',(#4013),#4017);
#4013 = LINE('',#4014,#4015);
#4014 = CARTESIAN_POINT('',(-4.138911435803E-13,0.));
#4015 = VECTOR('',#4016,1.);
#4016 = DIRECTION('',(-0.,-1.));
#4017 = ( GEOMETRIC_REPRESENTATION_CONTEXT(2) 
PARAMETRIC_REPRESENTATION_CONTEXT() REPRESENTATION_CONTEXT('2D SPACE',''
  ) );
#4018 = PCURVE('',#3715,#4019);
#4019 = DEFINITIONAL_REPRESENTATION('',(#4020),#4024);
#4020 = LINE('',#4021,#4022);
#4021 = CARTESIAN_POINT('',(-6.28318530718,0.));
#4022 = VECTOR('',#4023,1.);
#4023 = DIRECTION('',(-0.,-1.));
#4024 = ( GEOMETRIC_REPRESENTATION_CONTEXT(2) 
PARAMETRIC_REPRESENTATION_CONTEXT() REPRESENTATION_CONTEXT('2D SPACE',''
  ) );
#4025 = ORIENTED_EDGE('',*,*,#3694,.T.);
#4026 = ORIENTED_EDGE('',*,*,#4003,.F.);
#4027 = ORIENTED_EDGE('',*,*,#4028,.F.);
#4028 = EDGE_CURVE('',#4004,#4004,#4029,.T.);
#4029 = SURFACE_CURVE('',#4030,(#4035,#4042),.PCURVE_S1.);
#4030 = CIRCLE('',#4031,6.);
#4031 = AXIS2_PLACEMENT_3D('',#4032,#4033,#4034);
#4032 = CARTESIAN_POINT('',(-89.95,0.,-103.41));
#4033 = DIRECTION('',(-0.,-1.,-0.));
#4034 = DIRECTION('',(1.,-0.,-0.));
#4035 = PCURVE('',#3715,#4036);
#4036 = DEFINITIONAL_REPRESENTATION('',(#4037),#4041);
#4037 = LINE('',#4038,#4039);
#4038 = CARTESIAN_POINT('',(-0.,0.));
#4039 = VECTOR('',#4040,1.);
#4040 = DIRECTION('',(-1.,0.));
#4041 = ( GEOMETRIC_REPRESENTATION_CONTEXT(2) 
PARAMETRIC_REPRESENTATION_CONTEXT() REPRESENTATION_CONTEXT('2D SPACE',''
  ) );
#4042 = PCURVE('',#4043,#4048);
#4043 = PLANE('',#4044);
#4044 = AXIS2_PLACEMENT_3D('',#4045,#4046,#4047);
#4045 = CARTESIAN_POINT('',(-89.95,0.,-103.41));
#4046 = DIRECTION('',(-0.,1.,-0.));
#4047 = DIRECTION('',(0.,0.,1.));
#4048 = DEFINITIONAL_REPRESENTATION('',(#4049),#4057);
#4049 = ( BOUNDED_CURVE() B_SPLINE_CURVE(2,(#4050,#4051,#4052,#4053,
#4054,#4055,#4056),.UNSPECIFIED.,.T.,.F.) B_SPLINE_CURVE_WITH_KNOTS((1,2
    ,2,2,2,1),(-2.094395102393,0.,2.094395102393,4.188790204786,
6.28318530718,8.377580409573),.UNSPECIFIED.) CURVE() 
GEOMETRIC_REPRESENTATION_ITEM() RATIONAL_B_SPLINE_CURVE((1.,0.5,1.,0.5,
1.,0.5,1.)) REPRESENTATION_ITEM('') );
#4050 = CARTESIAN_POINT('',(0.,6.));
#4051 = CARTESIAN_POINT('',(10.392304845413,6.));
#4052 = CARTESIAN_POINT('',(5.196152422707,-3.));
#4053 = CARTESIAN_POINT('',(1.469576158977E-15,-12.));
#4054 = CARTESIAN_POINT('',(-5.196152422707,-3.));
#4055 = CARTESIAN_POINT('',(-10.39230484541,6.));
#4056 = CARTESIAN_POINT('',(0.,6.));
#4057 = ( GEOMETRIC_REPRESENTATION_CONTEXT(2) 
PARAMETRIC_REPRESENTATION_CONTEXT() REPRESENTATION_CONTEXT('2D SPACE',''
  ) );
#4058 = ADVANCED_FACE('',(#4059),#3754,.T.);
#4059 = FACE_BOUND('',#4060,.F.);
#4060 = EDGE_LOOP('',(#4061,#4084,#4085,#4086));
#4061 = ORIENTED_EDGE('',*,*,#4062,.T.);
#4062 = EDGE_CURVE('',#4063,#3734,#4065,.T.);
#4063 = VERTEX_POINT('',#4064);
#4064 = CARTESIAN_POINT('',(22.05,0.,-103.41));
#4065 = SEAM_CURVE('',#4066,(#4070,#4077),.PCURVE_S1.);
#4066 = LINE('',#4067,#4068);
#4067 = CARTESIAN_POINT('',(22.05,0.,-103.41));
#4068 = VECTOR('',#4069,1.);
#4069 = DIRECTION('',(-0.,-1.,-0.));
#4070 = PCURVE('',#3754,#4071);
#4071 = DEFINITIONAL_REPRESENTATION('',(#4072),#4076);
#4072 = LINE('',#4073,#4074);
#4073 = CARTESIAN_POINT('',(-4.138911435803E-13,0.));
#4074 = VECTOR('',#4075,1.);
#4075 = DIRECTION('',(-0.,-1.));
#4076 = ( GEOMETRIC_REPRESENTATION_CONTEXT(2) 
PARAMETRIC_REPRESENTATION_CONTEXT() REPRESENTATION_CONTEXT('2D SPACE',''
  ) );
#4077 = PCURVE('',#3754,#4078);
#4078 = DEFINITIONAL_REPRESENTATION('',(#4079),#4083);
#4079 = LINE('',#4080,#4081);
#4080 = CARTESIAN_POINT('',(-6.28318530718,0.));
#4081 = VECTOR('',#4082,1.);
#4082 = DIRECTION('',(-0.,-1.));
#4083 = ( GEOMETRIC_REPRESENTATION_CONTEXT(2) 
PARAMETRIC_REPRESENTATION_CONTEXT() REPRESENTATION_CONTEXT('2D SPACE',''
  ) );
#4084 = ORIENTED_EDGE('',*,*,#3733,.T.);
#4085 = ORIENTED_EDGE('',*,*,#4062,.F.);
#4086 = ORIENTED_EDGE('',*,*,#4087,.F.);
#4087 = EDGE_CURVE('',#4063,#4063,#4088,.T.);
#4088 = SURFACE_CURVE('',#4089,(#4094,#4101),.PCURVE_S1.);
#4089 = CIRCLE('',#4090,6.);
#4090 = AXIS2_PLACEMENT_3D('',#4091,#4092,#4093);
#4091 = CARTESIAN_POINT('',(16.05,0.,-103.41));
#4092 = DIRECTION('',(-0.,-1.,-0.));
#4093 = DIRECTION('',(1.,-0.,-0.));
#4094 = PCURVE('',#3754,#4095);
#4095 = DEFINITIONAL_REPRESENTATION('',(#4096),#4100);
#4096 = LINE('',#4097,#4098);
#4097 = CARTESIAN_POINT('',(-0.,0.));
#4098 = VECTOR('',#4099,1.);
#4099 = DIRECTION('',(-1.,0.));
#4100 = ( GEOMETRIC_REPRESENTATION_CONTEXT(2) 
PARAMETRIC_REPRESENTATION_CONTEXT() REPRESENTATION_CONTEXT('2D SPACE',''
  ) );
#4101 = PCURVE('',#4102,#4107);
#4102 = PLANE('',#4103);
#4103 = AXIS2_PLACEMENT_3D('',#4104,#4105,#4106);
#4104 = CARTESIAN_POINT('',(16.05,0.,-103.41));
#4105 = DIRECTION('',(-0.,1.,-0.));
#4106 = DIRECTION('',(0.,0.,1.));
#4107 = DEFINITIONAL_REPRESENTATION('',(#4108),#4116);
#4108 = ( BOUNDED_CURVE() B_SPLINE_CURVE(2,(#4109,#4110,#4111,#4112,
#4113,#4114,#4115),.UNSPECIFIED.,.T.,.F.) B_SPLINE_CURVE_WITH_KNOTS((1,2
    ,2,2,2,1),(-2.094395102393,0.,2.094395102393,4.188790204786,
6.28318530718,8.377580409573),.UNSPECIFIED.) CURVE() 
GEOMETRIC_REPRESENTATION_ITEM() RATIONAL_B_SPLINE_CURVE((1.,0.5,1.,0.5,
1.,0.5,1.)) REPRESENTATION_ITEM('') );
#4109 = CARTESIAN_POINT('',(0.,6.));
#4110 = CARTESIAN_POINT('',(10.392304845413,6.));
#4111 = CARTESIAN_POINT('',(5.196152422707,-3.));
#4112 = CARTESIAN_POINT('',(1.469576158977E-15,-12.));
#4113 = CARTESIAN_POINT('',(-5.196152422707,-3.));
#4114 = CARTESIAN_POINT('',(-10.39230484541,6.));
#4115 = CARTESIAN_POINT('',(0.,6.));
#4116 = ( GEOMETRIC_REPRESENTATION_CONTEXT(2) 
PARAMETRIC_REPRESENTATION_CONTEXT() REPRESENTATION_CONTEXT('2D SPACE',''
  ) );
#4117 = ADVANCED_FACE('',(#4118),#3793,.T.);
#4118 = FACE_BOUND('',#4119,.F.);
#4119 = EDGE_LOOP('',(#4120,#4143,#4144,#4145));
#4120 = ORIENTED_EDGE('',*,*,#4121,.T.);
#4121 = EDGE_CURVE('',#4122,#3773,#4124,.T.);
#4122 = VERTEX_POINT('',#4123);
#4123 = CARTESIAN_POINT('',(-83.95,0.,96.59));
#4124 = SEAM_CURVE('',#4125,(#4129,#4136),.PCURVE_S1.);
#4125 = LINE('',#4126,#4127);
#4126 = CARTESIAN_POINT('',(-83.95,0.,96.59));
#4127 = VECTOR('',#4128,1.);
#4128 = DIRECTION('',(-0.,-1.,-0.));
#4129 = PCURVE('',#3793,#4130);
#4130 = DEFINITIONAL_REPRESENTATION('',(#4131),#4135);
#4131 = LINE('',#4132,#4133);
#4132 = CARTESIAN_POINT('',(-4.138911435803E-13,0.));
#4133 = VECTOR('',#4134,1.);
#4134 = DIRECTION('',(-0.,-1.));
#4135 = ( GEOMETRIC_REPRESENTATION_CONTEXT(2) 
PARAMETRIC_REPRESENTATION_CONTEXT() REPRESENTATION_CONTEXT('2D SPACE',''
  ) );
#4136 = PCURVE('',#3793,#4137);
#4137 = DEFINITIONAL_REPRESENTATION('',(#4138),#4142);
#4138 = LINE('',#4139,#4140);
#4139 = CARTESIAN_POINT('',(-6.28318530718,0.));
#4140 = VECTOR('',#4141,1.);
#4141 = DIRECTION('',(-0.,-1.));
#4142 = ( GEOMETRIC_REPRESENTATION_CONTEXT(2) 
PARAMETRIC_REPRESENTATION_CONTEXT() REPRESENTATION_CONTEXT('2D SPACE',''
  ) );
#4143 = ORIENTED_EDGE('',*,*,#3772,.T.);
#4144 = ORIENTED_EDGE('',*,*,#4121,.F.);
#4145 = ORIENTED_EDGE('',*,*,#4146,.F.);
#4146 = EDGE_CURVE('',#4122,#4122,#4147,.T.);
#4147 = SURFACE_CURVE('',#4148,(#4153,#4160),.PCURVE_S1.);
#4148 = CIRCLE('',#4149,6.);
#4149 = AXIS2_PLACEMENT_3D('',#4150,#4151,#4152);
#4150 = CARTESIAN_POINT('',(-89.95,0.,96.59));
#4151 = DIRECTION('',(-0.,-1.,-0.));
#4152 = DIRECTION('',(1.,-0.,-0.));
#4153 = PCURVE('',#3793,#4154);
#4154 = DEFINITIONAL_REPRESENTATION('',(#4155),#4159);
#4155 = LINE('',#4156,#4157);
#4156 = CARTESIAN_POINT('',(-0.,0.));
#4157 = VECTOR('',#4158,1.);
#4158 = DIRECTION('',(-1.,0.));
#4159 = ( GEOMETRIC_REPRESENTATION_CONTEXT(2) 
PARAMETRIC_REPRESENTATION_CONTEXT() REPRESENTATION_CONTEXT('2D SPACE',''
  ) );
#4160 = PCURVE('',#4161,#4166);
#4161 = PLANE('',#4162);
#4162 = AXIS2_PLACEMENT_3D('',#4163,#4164,#4165);
#4163 = CARTESIAN_POINT('',(-89.95,0.,96.59));
#4164 = DIRECTION('',(-0.,1.,-0.));
#4165 = DIRECTION('',(0.,0.,1.));
#4166 = DEFINITIONAL_REPRESENTATION('',(#4167),#4175);
#4167 = ( BOUNDED_CURVE() B_SPLINE_CURVE(2,(#4168,#4169,#4170,#4171,
#4172,#4173,#4174),.UNSPECIFIED.,.T.,.F.) B_SPLINE_CURVE_WITH_KNOTS((1,2
    ,2,2,2,1),(-2.094395102393,0.,2.094395102393,4.188790204786,
6.28318530718,8.377580409573),.UNSPECIFIED.) CURVE() 
GEOMETRIC_REPRESENTATION_ITEM() RATIONAL_B_SPLINE_CURVE((1.,0.5,1.,0.5,
1.,0.5,1.)) REPRESENTATION_ITEM('') );
#4168 = CARTESIAN_POINT('',(0.,6.));
#4169 = CARTESIAN_POINT('',(10.392304845413,6.));
#4170 = CARTESIAN_POINT('',(5.196152422707,-3.));
#4171 = CARTESIAN_POINT('',(1.469576158977E-15,-12.));
#4172 = CARTESIAN_POINT('',(-5.196152422707,-3.));
#4173 = CARTESIAN_POINT('',(-10.39230484541,6.));
#4174 = CARTESIAN_POINT('',(0.,6.));
#4175 = ( GEOMETRIC_REPRESENTATION_CONTEXT(2) 
PARAMETRIC_REPRESENTATION_CONTEXT() REPRESENTATION_CONTEXT('2D SPACE',''
  ) );
#4176 = ADVANCED_FACE('',(#4177),#3832,.T.);
#4177 = FACE_BOUND('',#4178,.F.);
#4178 = EDGE_LOOP('',(#4179,#4202,#4203,#4204));
#4179 = ORIENTED_EDGE('',*,*,#4180,.T.);
#4180 = EDGE_CURVE('',#4181,#3812,#4183,.T.);
#4181 = VERTEX_POINT('',#4182);
#4182 = CARTESIAN_POINT('',(22.05,0.,96.59));
#4183 = SEAM_CURVE('',#4184,(#4188,#4195),.PCURVE_S1.);
#4184 = LINE('',#4185,#4186);
#4185 = CARTESIAN_POINT('',(22.05,0.,96.59));
#4186 = VECTOR('',#4187,1.);
#4187 = DIRECTION('',(-0.,-1.,-0.));
#4188 = PCURVE('',#3832,#4189);
#4189 = DEFINITIONAL_REPRESENTATION('',(#4190),#4194);
#4190 = LINE('',#4191,#4192);
#4191 = CARTESIAN_POINT('',(-4.138911435803E-13,0.));
#4192 = VECTOR('',#4193,1.);
#4193 = DIRECTION('',(-0.,-1.));
#4194 = ( GEOMETRIC_REPRESENTATION_CONTEXT(2) 
PARAMETRIC_REPRESENTATION_CONTEXT() REPRESENTATION_CONTEXT('2D SPACE',''
  ) );
#4195 = PCURVE('',#3832,#4196);
#4196 = DEFINITIONAL_REPRESENTATION('',(#4197),#4201);
#4197 = LINE('',#4198,#4199);
#4198 = CARTESIAN_POINT('',(-6.28318530718,0.));
#4199 = VECTOR('',#4200,1.);
#4200 = DIRECTION('',(-0.,-1.));
#4201 = ( GEOMETRIC_REPRESENTATION_CONTEXT(2) 
PARAMETRIC_REPRESENTATION_CONTEXT() REPRESENTATION_CONTEXT('2D SPACE',''
  ) );
#4202 = ORIENTED_EDGE('',*,*,#3811,.T.);
#4203 = ORIENTED_EDGE('',*,*,#4180,.F.);
#4204 = ORIENTED_EDGE('',*,*,#4205,.F.);
#4205 = EDGE_CURVE('',#4181,#4181,#4206,.T.);
#4206 = SURFACE_CURVE('',#4207,(#4212,#4219),.PCURVE_S1.);
#4207 = CIRCLE('',#4208,6.);
#4208 = AXIS2_PLACEMENT_3D('',#4209,#4210,#4211);
#4209 = CARTESIAN_POINT('',(16.05,0.,96.59));
#4210 = DIRECTION('',(-0.,-1.,-0.));
#4211 = DIRECTION('',(1.,-0.,-0.));
#4212 = PCURVE('',#3832,#4213);
#4213 = DEFINITIONAL_REPRESENTATION('',(#4214),#4218);
#4214 = LINE('',#4215,#4216);
#4215 = CARTESIAN_POINT('',(-0.,0.));
#4216 = VECTOR('',#4217,1.);
#4217 = DIRECTION('',(-1.,0.));
#4218 = ( GEOMETRIC_REPRESENTATION_CONTEXT(2) 
PARAMETRIC_REPRESENTATION_CONTEXT() REPRESENTATION_CONTEXT('2D SPACE',''
  ) );
#4219 = PCURVE('',#4220,#4225);
#4220 = PLANE('',#4221);
#4221 = AXIS2_PLACEMENT_3D('',#4222,#4223,#4224);
#4222 = CARTESIAN_POINT('',(16.05,0.,96.59));
#4223 = DIRECTION('',(-0.,1.,-0.));
#4224 = DIRECTION('',(0.,0.,1.));
#4225 = DEFINITIONAL_REPRESENTATION('',(#4226),#4234);
#4226 = ( BOUNDED_CURVE() B_SPLINE_CURVE(2,(#4227,#4228,#4229,#4230,
#4231,#4232,#4233),.UNSPECIFIED.,.T.,.F.) B_SPLINE_CURVE_WITH_KNOTS((1,2
    ,2,2,2,1),(-2.094395102393,0.,2.094395102393,4.188790204786,
6.28318530718,8.377580409573),.UNSPECIFIED.) CURVE() 
GEOMETRIC_REPRESENTATION_ITEM() RATIONAL_B_SPLINE_CURVE((1.,0.5,1.,0.5,
1.,0.5,1.)) REPRESENTATION_ITEM('') );
#4227 = CARTESIAN_POINT('',(0.,6.));
#4228 = CARTESIAN_POINT('',(10.392304845413,6.));
#4229 = CARTESIAN_POINT('',(5.196152422707,-3.));
#4230 = CARTESIAN_POINT('',(1.469576158977E-15,-12.));
#4231 = CARTESIAN_POINT('',(-5.196152422707,-3.));
#4232 = CARTESIAN_POINT('',(-10.39230484541,6.));
#4233 = CARTESIAN_POINT('',(0.,6.));
#4234 = ( GEOMETRIC_REPRESENTATION_CONTEXT(2) 
PARAMETRIC_REPRESENTATION_CONTEXT() REPRESENTATION_CONTEXT('2D SPACE',''
  ) );
#4235 = ADVANCED_FACE('',(#4236),#3871,.F.);
#4236 = FACE_BOUND('',#4237,.T.);
#4237 = EDGE_LOOP('',(#4238,#4261,#4287,#4288));
#4238 = ORIENTED_EDGE('',*,*,#4239,.F.);
#4239 = EDGE_CURVE('',#4240,#3851,#4242,.T.);
#4240 = VERTEX_POINT('',#4241);
#4241 = CARTESIAN_POINT('',(-87.15,0.,96.59));
#4242 = SEAM_CURVE('',#4243,(#4247,#4254),.PCURVE_S1.);
#4243 = LINE('',#4244,#4245);
#4244 = CARTESIAN_POINT('',(-87.15,0.,96.59));
#4245 = VECTOR('',#4246,1.);
#4246 = DIRECTION('',(-0.,-1.,-0.));
#4247 = PCURVE('',#3871,#4248);
#4248 = DEFINITIONAL_REPRESENTATION('',(#4249),#4253);
#4249 = LINE('',#4250,#4251);
#4250 = CARTESIAN_POINT('',(-6.28318530718,0.));
#4251 = VECTOR('',#4252,1.);
#4252 = DIRECTION('',(-0.,-1.));
#4253 = ( GEOMETRIC_REPRESENTATION_CONTEXT(2) 
PARAMETRIC_REPRESENTATION_CONTEXT() REPRESENTATION_CONTEXT('2D SPACE',''
  ) );
#4254 = PCURVE('',#3871,#4255);
#4255 = DEFINITIONAL_REPRESENTATION('',(#4256),#4260);
#4256 = LINE('',#4257,#4258);
#4257 = CARTESIAN_POINT('',(-0.,0.));
#4258 = VECTOR('',#4259,1.);
#4259 = DIRECTION('',(-0.,-1.));
#4260 = ( GEOMETRIC_REPRESENTATION_CONTEXT(2) 
PARAMETRIC_REPRESENTATION_CONTEXT() REPRESENTATION_CONTEXT('2D SPACE',''
  ) );
#4261 = ORIENTED_EDGE('',*,*,#4262,.F.);
#4262 = EDGE_CURVE('',#4240,#4240,#4263,.T.);
#4263 = SURFACE_CURVE('',#4264,(#4269,#4276),.PCURVE_S1.);
#4264 = CIRCLE('',#4265,2.8);
#4265 = AXIS2_PLACEMENT_3D('',#4266,#4267,#4268);
#4266 = CARTESIAN_POINT('',(-89.95,0.,96.59));
#4267 = DIRECTION('',(-0.,-1.,-0.));
#4268 = DIRECTION('',(1.,-0.,-0.));
#4269 = PCURVE('',#3871,#4270);
#4270 = DEFINITIONAL_REPRESENTATION('',(#4271),#4275);
#4271 = LINE('',#4272,#4273);
#4272 = CARTESIAN_POINT('',(-0.,0.));
#4273 = VECTOR('',#4274,1.);
#4274 = DIRECTION('',(-1.,0.));
#4275 = ( GEOMETRIC_REPRESENTATION_CONTEXT(2) 
PARAMETRIC_REPRESENTATION_CONTEXT() REPRESENTATION_CONTEXT('2D SPACE',''
  ) );
#4276 = PCURVE('',#4161,#4277);
#4277 = DEFINITIONAL_REPRESENTATION('',(#4278),#4286);
#4278 = ( BOUNDED_CURVE() B_SPLINE_CURVE(2,(#4279,#4280,#4281,#4282,
#4283,#4284,#4285),.UNSPECIFIED.,.T.,.F.) B_SPLINE_CURVE_WITH_KNOTS((1,2
    ,2,2,2,1),(-2.094395102393,0.,2.094395102393,4.188790204786,
6.28318530718,8.377580409573),.UNSPECIFIED.) CURVE() 
GEOMETRIC_REPRESENTATION_ITEM() RATIONAL_B_SPLINE_CURVE((1.,0.5,1.,0.5,
1.,0.5,1.)) REPRESENTATION_ITEM('') );
#4279 = CARTESIAN_POINT('',(0.,2.8));
#4280 = CARTESIAN_POINT('',(4.849742261193,2.8));
#4281 = CARTESIAN_POINT('',(2.424871130596,-1.4));
#4282 = CARTESIAN_POINT('',(6.858022075225E-16,-5.6));
#4283 = CARTESIAN_POINT('',(-2.424871130596,-1.4));
#4284 = CARTESIAN_POINT('',(-4.849742261193,2.8));
#4285 = CARTESIAN_POINT('',(0.,2.8));
#4286 = ( GEOMETRIC_REPRESENTATION_CONTEXT(2) 
PARAMETRIC_REPRESENTATION_CONTEXT() REPRESENTATION_CONTEXT('2D SPACE',''
  ) );
#4287 = ORIENTED_EDGE('',*,*,#4239,.T.);
#4288 = ORIENTED_EDGE('',*,*,#3850,.T.);
#4289 = ADVANCED_FACE('',(#4290),#3910,.F.);
#4290 = FACE_BOUND('',#4291,.T.);
#4291 = EDGE_LOOP('',(#4292,#4315,#4341,#4342));
#4292 = ORIENTED_EDGE('',*,*,#4293,.F.);
#4293 = EDGE_CURVE('',#4294,#3890,#4296,.T.);
#4294 = VERTEX_POINT('',#4295);
#4295 = CARTESIAN_POINT('',(-87.15,0.,-103.41));
#4296 = SEAM_CURVE('',#4297,(#4301,#4308),.PCURVE_S1.);
#4297 = LINE('',#4298,#4299);
#4298 = CARTESIAN_POINT('',(-87.15,0.,-103.41));
#4299 = VECTOR('',#4300,1.);
#4300 = DIRECTION('',(-0.,-1.,-0.));
#4301 = PCURVE('',#3910,#4302);
#4302 = DEFINITIONAL_REPRESENTATION('',(#4303),#4307);
#4303 = LINE('',#4304,#4305);
#4304 = CARTESIAN_POINT('',(-6.28318530718,0.));
#4305 = VECTOR('',#4306,1.);
#4306 = DIRECTION('',(-0.,-1.));
#4307 = ( GEOMETRIC_REPRESENTATION_CONTEXT(2) 
PARAMETRIC_REPRESENTATION_CONTEXT() REPRESENTATION_CONTEXT('2D SPACE',''
  ) );
#4308 = PCURVE('',#3910,#4309);
#4309 = DEFINITIONAL_REPRESENTATION('',(#4310),#4314);
#4310 = LINE('',#4311,#4312);
#4311 = CARTESIAN_POINT('',(-0.,0.));
#4312 = VECTOR('',#4313,1.);
#4313 = DIRECTION('',(-0.,-1.));
#4314 = ( GEOMETRIC_REPRESENTATION_CONTEXT(2) 
PARAMETRIC_REPRESENTATION_CONTEXT() REPRESENTATION_CONTEXT('2D SPACE',''
  ) );
#4315 = ORIENTED_EDGE('',*,*,#4316,.F.);
#4316 = EDGE_CURVE('',#4294,#4294,#4317,.T.);
#4317 = SURFACE_CURVE('',#4318,(#4323,#4330),.PCURVE_S1.);
#4318 = CIRCLE('',#4319,2.8);
#4319 = AXIS2_PLACEMENT_3D('',#4320,#4321,#4322);
#4320 = CARTESIAN_POINT('',(-89.95,0.,-103.41));
#4321 = DIRECTION('',(-0.,-1.,-0.));
#4322 = DIRECTION('',(1.,-0.,-0.));
#4323 = PCURVE('',#3910,#4324);
#4324 = DEFINITIONAL_REPRESENTATION('',(#4325),#4329);
#4325 = LINE('',#4326,#4327);
#4326 = CARTESIAN_POINT('',(-0.,0.));
#4327 = VECTOR('',#4328,1.);
#4328 = DIRECTION('',(-1.,0.));
#4329 = ( GEOMETRIC_REPRESENTATION_CONTEXT(2) 
PARAMETRIC_REPRESENTATION_CONTEXT() REPRESENTATION_CONTEXT('2D SPACE',''
  ) );
#4330 = PCURVE('',#4043,#4331);
#4331 = DEFINITIONAL_REPRESENTATION('',(#4332),#4340);
#4332 = ( BOUNDED_CURVE() B_SPLINE_CURVE(2,(#4333,#4334,#4335,#4336,
#4337,#4338,#4339),.UNSPECIFIED.,.T.,.F.) B_SPLINE_CURVE_WITH_KNOTS((1,2
    ,2,2,2,1),(-2.094395102393,0.,2.094395102393,4.188790204786,
6.28318530718,8.377580409573),.UNSPECIFIED.) CURVE() 
GEOMETRIC_REPRESENTATION_ITEM() RATIONAL_B_SPLINE_CURVE((1.,0.5,1.,0.5,
1.,0.5,1.)) REPRESENTATION_ITEM('') );
#4333 = CARTESIAN_POINT('',(0.,2.8));
#4334 = CARTESIAN_POINT('',(4.849742261193,2.8));
#4335 = CARTESIAN_POINT('',(2.424871130596,-1.4));
#4336 = CARTESIAN_POINT('',(6.858022075225E-16,-5.6));
#4337 = CARTESIAN_POINT('',(-2.424871130596,-1.4));
#4338 = CARTESIAN_POINT('',(-4.849742261193,2.8));
#4339 = CARTESIAN_POINT('',(0.,2.8));
#4340 = ( GEOMETRIC_REPRESENTATION_CONTEXT(2) 
PARAMETRIC_REPRESENTATION_CONTEXT() REPRESENTATION_CONTEXT('2D SPACE',''
  ) );
#4341 = ORIENTED_EDGE('',*,*,#4293,.T.);
#4342 = ORIENTED_EDGE('',*,*,#3889,.T.);
#4343 = ADVANCED_FACE('',(#4344),#3949,.F.);
#4344 = FACE_BOUND('',#4345,.T.);
#4345 = EDGE_LOOP('',(#4346,#4369,#4395,#4396));
#4346 = ORIENTED_EDGE('',*,*,#4347,.F.);
#4347 = EDGE_CURVE('',#4348,#3929,#4350,.T.);
#4348 = VERTEX_POINT('',#4349);
#4349 = CARTESIAN_POINT('',(18.85,0.,96.59));
#4350 = SEAM_CURVE('',#4351,(#4355,#4362),.PCURVE_S1.);
#4351 = LINE('',#4352,#4353);
#4352 = CARTESIAN_POINT('',(18.85,0.,96.59));
#4353 = VECTOR('',#4354,1.);
#4354 = DIRECTION('',(-0.,-1.,-0.));
#4355 = PCURVE('',#3949,#4356);
#4356 = DEFINITIONAL_REPRESENTATION('',(#4357),#4361);
#4357 = LINE('',#4358,#4359);
#4358 = CARTESIAN_POINT('',(-6.28318530718,0.));
#4359 = VECTOR('',#4360,1.);
#4360 = DIRECTION('',(-0.,-1.));
#4361 = ( GEOMETRIC_REPRESENTATION_CONTEXT(2) 
PARAMETRIC_REPRESENTATION_CONTEXT() REPRESENTATION_CONTEXT('2D SPACE',''
  ) );
#4362 = PCURVE('',#3949,#4363);
#4363 = DEFINITIONAL_REPRESENTATION('',(#4364),#4368);
#4364 = LINE('',#4365,#4366);
#4365 = CARTESIAN_POINT('',(-0.,0.));
#4366 = VECTOR('',#4367,1.);
#4367 = DIRECTION('',(-0.,-1.));
#4368 = ( GEOMETRIC_REPRESENTATION_CONTEXT(2) 
PARAMETRIC_REPRESENTATION_CONTEXT() REPRESENTATION_CONTEXT('2D SPACE',''
  ) );
#4369 = ORIENTED_EDGE('',*,*,#4370,.F.);
#4370 = EDGE_CURVE('',#4348,#4348,#4371,.T.);
#4371 = SURFACE_CURVE('',#4372,(#4377,#4384),.PCURVE_S1.);
#4372 = CIRCLE('',#4373,2.8);
#4373 = AXIS2_PLACEMENT_3D('',#4374,#4375,#4376);
#4374 = CARTESIAN_POINT('',(16.05,0.,96.59));
#4375 = DIRECTION('',(-0.,-1.,-0.));
#4376 = DIRECTION('',(1.,-0.,-0.));
#4377 = PCURVE('',#3949,#4378);
#4378 = DEFINITIONAL_REPRESENTATION('',(#4379),#4383);
#4379 = LINE('',#4380,#4381);
#4380 = CARTESIAN_POINT('',(-0.,0.));
#4381 = VECTOR('',#4382,1.);
#4382 = DIRECTION('',(-1.,0.));
#4383 = ( GEOMETRIC_REPRESENTATION_CONTEXT(2) 
PARAMETRIC_REPRESENTATION_CONTEXT() REPRESENTATION_CONTEXT('2D SPACE',''
  ) );
#4384 = PCURVE('',#4220,#4385);
#4385 = DEFINITIONAL_REPRESENTATION('',(#4386),#4394);
#4386 = ( BOUNDED_CURVE() B_SPLINE_CURVE(2,(#4387,#4388,#4389,#4390,
#4391,#4392,#4393),.UNSPECIFIED.,.T.,.F.) B_SPLINE_CURVE_WITH_KNOTS((1,2
    ,2,2,2,1),(-2.094395102393,0.,2.094395102393,4.188790204786,
6.28318530718,8.377580409573),.UNSPECIFIED.) CURVE() 
GEOMETRIC_REPRESENTATION_ITEM() RATIONAL_B_SPLINE_CURVE((1.,0.5,1.,0.5,
1.,0.5,1.)) REPRESENTATION_ITEM('') );
#4387 = CARTESIAN_POINT('',(0.,2.8));
#4388 = CARTESIAN_POINT('',(4.849742261193,2.8));
#4389 = CARTESIAN_POINT('',(2.424871130596,-1.4));
#4390 = CARTESIAN_POINT('',(6.858022075225E-16,-5.6));
#4391 = CARTESIAN_POINT('',(-2.424871130596,-1.4));
#4392 = CARTESIAN_POINT('',(-4.849742261193,2.8));
#4393 = CARTESIAN_POINT('',(0.,2.8));
#4394 = ( GEOMETRIC_REPRESENTATION_CONTEXT(2) 
PARAMETRIC_REPRESENTATION_CONTEXT() REPRESENTATION_CONTEXT('2D SPACE',''
  ) );
#4395 = ORIENTED_EDGE('',*,*,#4347,.T.);
#4396 = ORIENTED_EDGE('',*,*,#3928,.T.);
#4397 = ADVANCED_FACE('',(#4398),#3988,.F.);
#4398 = FACE_BOUND('',#4399,.T.);
#4399 = EDGE_LOOP('',(#4400,#4423,#4449,#4450));
#4400 = ORIENTED_EDGE('',*,*,#4401,.F.);
#4401 = EDGE_CURVE('',#4402,#3968,#4404,.T.);
#4402 = VERTEX_POINT('',#4403);
#4403 = CARTESIAN_POINT('',(18.85,0.,-103.41));
#4404 = SEAM_CURVE('',#4405,(#4409,#4416),.PCURVE_S1.);
#4405 = LINE('',#4406,#4407);
#4406 = CARTESIAN_POINT('',(18.85,0.,-103.41));
#4407 = VECTOR('',#4408,1.);
#4408 = DIRECTION('',(-0.,-1.,-0.));
#4409 = PCURVE('',#3988,#4410);
#4410 = DEFINITIONAL_REPRESENTATION('',(#4411),#4415);
#4411 = LINE('',#4412,#4413);
#4412 = CARTESIAN_POINT('',(-6.28318530718,0.));
#4413 = VECTOR('',#4414,1.);
#4414 = DIRECTION('',(-0.,-1.));
#4415 = ( GEOMETRIC_REPRESENTATION_CONTEXT(2) 
PARAMETRIC_REPRESENTATION_CONTEXT() REPRESENTATION_CONTEXT('2D SPACE',''
  ) );
#4416 = PCURVE('',#3988,#4417);
#4417 = DEFINITIONAL_REPRESENTATION('',(#4418),#4422);
#4418 = LINE('',#4419,#4420);
#4419 = CARTESIAN_POINT('',(-0.,0.));
#4420 = VECTOR('',#4421,1.);
#4421 = DIRECTION('',(-0.,-1.));
#4422 = ( GEOMETRIC_REPRESENTATION_CONTEXT(2) 
PARAMETRIC_REPRESENTATION_CONTEXT() REPRESENTATION_CONTEXT('2D SPACE',''
  ) );
#4423 = ORIENTED_EDGE('',*,*,#4424,.F.);
#4424 = EDGE_CURVE('',#4402,#4402,#4425,.T.);
#4425 = SURFACE_CURVE('',#4426,(#4431,#4438),.PCURVE_S1.);
#4426 = CIRCLE('',#4427,2.8);
#4427 = AXIS2_PLACEMENT_3D('',#4428,#4429,#4430);
#4428 = CARTESIAN_POINT('',(16.05,0.,-103.41));
#4429 = DIRECTION('',(-0.,-1.,-0.));
#4430 = DIRECTION('',(1.,-0.,-0.));
#4431 = PCURVE('',#3988,#4432);
#4432 = DEFINITIONAL_REPRESENTATION('',(#4433),#4437);
#4433 = LINE('',#4434,#4435);
#4434 = CARTESIAN_POINT('',(-0.,0.));
#4435 = VECTOR('',#4436,1.);
#4436 = DIRECTION('',(-1.,0.));
#4437 = ( GEOMETRIC_REPRESENTATION_CONTEXT(2) 
PARAMETRIC_REPRESENTATION_CONTEXT() REPRESENTATION_CONTEXT('2D SPACE',''
  ) );
#4438 = PCURVE('',#4102,#4439);
#4439 = DEFINITIONAL_REPRESENTATION('',(#4440),#4448);
#4440 = ( BOUNDED_CURVE() B_SPLINE_CURVE(2,(#4441,#4442,#4443,#4444,
#4445,#4446,#4447),.UNSPECIFIED.,.T.,.F.) B_SPLINE_CURVE_WITH_KNOTS((1,2
    ,2,2,2,1),(-2.094395102393,0.,2.094395102393,4.188790204786,
6.28318530718,8.377580409573),.UNSPECIFIED.) CURVE() 
GEOMETRIC_REPRESENTATION_ITEM() RATIONAL_B_SPLINE_CURVE((1.,0.5,1.,0.5,
1.,0.5,1.)) REPRESENTATION_ITEM('') );
#4441 = CARTESIAN_POINT('',(0.,2.8));
#4442 = CARTESIAN_POINT('',(4.849742261193,2.8));
#4443 = CARTESIAN_POINT('',(2.424871130596,-1.4));
#4444 = CARTESIAN_POINT('',(6.858022075225E-16,-5.6));
#4445 = CARTESIAN_POINT('',(-2.424871130596,-1.4));
#4446 = CARTESIAN_POINT('',(-4.849742261193,2.8));
#4447 = CARTESIAN_POINT('',(0.,2.8));
#4448 = ( GEOMETRIC_REPRESENTATION_CONTEXT(2) 
PARAMETRIC_REPRESENTATION_CONTEXT() REPRESENTATION_CONTEXT('2D SPACE',''
  ) );
#4449 = ORIENTED_EDGE('',*,*,#4401,.T.);
#4450 = ORIENTED_EDGE('',*,*,#3967,.T.);
#4451 = ADVANCED_FACE('',(#4452,#4455),#4043,.T.);
#4452 = FACE_BOUND('',#4453,.F.);
#4453 = EDGE_LOOP('',(#4454));
#4454 = ORIENTED_EDGE('',*,*,#4028,.T.);
#4455 = FACE_BOUND('',#4456,.F.);
#4456 = EDGE_LOOP('',(#4457));
#4457 = ORIENTED_EDGE('',*,*,#4316,.F.);
#4458 = ADVANCED_FACE('',(#4459,#4462),#4102,.T.);
#4459 = FACE_BOUND('',#4460,.F.);
#4460 = EDGE_LOOP('',(#4461));
#4461 = ORIENTED_EDGE('',*,*,#4087,.T.);
#4462 = FACE_BOUND('',#4463,.F.);
#4463 = EDGE_LOOP('',(#4464));
#4464 = ORIENTED_EDGE('',*,*,#4424,.F.);
#4465 = ADVANCED_FACE('',(#4466,#4469),#4161,.T.);
#4466 = FACE_BOUND('',#4467,.F.);
#4467 = EDGE_LOOP('',(#4468));
#4468 = ORIENTED_EDGE('',*,*,#4146,.T.);
#4469 = FACE_BOUND('',#4470,.F.);
#4470 = EDGE_LOOP('',(#4471));
#4471 = ORIENTED_EDGE('',*,*,#4262,.F.);
#4472 = ADVANCED_FACE('',(#4473,#4476),#4220,.T.);
#4473 = FACE_BOUND('',#4474,.F.);
#4474 = EDGE_LOOP('',(#4475));
#4475 = ORIENTED_EDGE('',*,*,#4205,.T.);
#4476 = FACE_BOUND('',#4477,.F.);
#4477 = EDGE_LOOP('',(#4478));
#4478 = ORIENTED_EDGE('',*,*,#4370,.F.);
#4479 = ( GEOMETRIC_REPRESENTATION_CONTEXT(3) 
GLOBAL_UNCERTAINTY_ASSIGNED_CONTEXT((#4483)) 
GLOBAL_UNIT_ASSIGNED_CONTEXT((#4480,#4481,#4482)) REPRESENTATION_CONTEXT
('Context #1','3D Context with UNIT and UNCERTAINTY') );
#4480 = ( LENGTH_UNIT() NAMED_UNIT(*) SI_UNIT(.MILLI.,.METRE.) );
#4481 = ( NAMED_UNIT(*) PLANE_ANGLE_UNIT() SI_UNIT($,.RADIAN.) );
#4482 = ( NAMED_UNIT(*) SI_UNIT($,.STERADIAN.) SOLID_ANGLE_UNIT() );
#4483 = UNCERTAINTY_MEASURE_WITH_UNIT(LENGTH_MEASURE(1.E-07),#4480,
  'distance_accuracy_value','confusion accuracy');
#4484 = PRODUCT_RELATED_PRODUCT_CATEGORY('part',$,(#7));
ENDSEC;
END-ISO-10303-21;
