ISO-10303-21;
HEADER;
FILE_DESCRIPTION(('Open CASCADE Model'),'2;1');
FILE_NAME('Open CASCADE Shape Model','2026-09-08T08:41:46',('Author'),(
    'Open CASCADE'),'Open CASCADE STEP processor 7.9','Open CASCADE 7.9'
  ,'Unknown');
FILE_SCHEMA(('AUTOMOTIVE_DESIGN { 1 0 10303 214 1 1 1 1 }'));
ENDSEC;
DATA;
#1 = APPLICATION_PROTOCOL_DEFINITION('international standard',
  'automotive_design',2000,#2);
#2 = APPLICATION_CONTEXT(
  'core data for automotive mechanical design processes');
#3 = SHAPE_DEFINITION_REPRESENTATION(#4,#10);
#4 = PRODUCT_DEFINITION_SHAPE('','',#5);
#5 = PRODUCT_DEFINITION('design','',#6,#9);
#6 = PRODUCT_DEFINITION_FORMATION('','',#7);
#7 = PRODUCT('Open CASCADE STEP translator 7.9 1',
  'Open CASCADE STEP translator 7.9 1','',(#8));
#8 = PRODUCT_CONTEXT('',#2,'mechanical');
#9 = PRODUCT_DEFINITION_CONTEXT('part definition',#2,'design');
#10 = ADVANCED_BREP_SHAPE_REPRESENTATION('',(#11,#15),#5407);
#11 = AXIS2_PLACEMENT_3D('',#12,#13,#14);
#12 = CARTESIAN_POINT('',(0.,0.,0.));
#13 = DIRECTION('',(0.,0.,1.));
#14 = DIRECTION('',(1.,0.,-0.));
#15 = MANIFOLD_SOLID_BREP('',#16);
#16 = CLOSED_SHELL('',(#17,#193,#269,#753,#918,#1126,#1291,#1728,#1755,
    #1784,#1811,#2035,#2148,#2211,#2241,#2293,#2340,#2373,#2608,#2634,
    #2661,#2732,#2739,#2794,#2849,#2903,#2957,#3011,#3061,#3115,#3170,
    #3225,#3338,#3449,#3475,#3523,#3570,#3610,#3912,#3938,#3945,#4219,
    #4255,#4433,#4514,#4550,#4572,#4599,#4605,#4660,#4695,#4730,#4765,
    #4800,#4827,#4833,#4889,#4944,#4999,#5034,#5084,#5139,#5189,#5244,
    #5279,#5286,#5293,#5343,#5350,#5380));
#17 = ADVANCED_FACE('',(#18),#32,.T.);
#18 = FACE_BOUND('',#19,.T.);
#19 = EDGE_LOOP('',(#20,#55,#83,#111,#139,#167));
#20 = ORIENTED_EDGE('',*,*,#21,.T.);
#21 = EDGE_CURVE('',#22,#24,#26,.T.);
#22 = VERTEX_POINT('',#23);
#23 = CARTESIAN_POINT('',(-125.7,-8.,-111.41));
#24 = VERTEX_POINT('',#25);
#25 = CARTESIAN_POINT('',(-125.7,-8.,104.59));
#26 = SURFACE_CURVE('',#27,(#31,#43),.PCURVE_S1.);
#27 = LINE('',#28,#29);
#28 = CARTESIAN_POINT('',(-125.7,-8.,-111.41));
#29 = VECTOR('',#30,1.);
#30 = DIRECTION('',(0.,0.,1.));
#31 = PCURVE('',#32,#37);
#32 = PLANE('',#33);
#33 = AXIS2_PLACEMENT_3D('',#34,#35,#36);
#34 = CARTESIAN_POINT('',(-125.7,-8.,-111.41));
#35 = DIRECTION('',(-1.,0.,0.));
#36 = DIRECTION('',(0.,1.,0.));
#37 = DEFINITIONAL_REPRESENTATION('',(#38),#42);
#38 = LINE('',#39,#40);
#39 = CARTESIAN_POINT('',(0.,0.));
#40 = VECTOR('',#41,1.);
#41 = DIRECTION('',(0.,-1.));
#42 = ( GEOMETRIC_REPRESENTATION_CONTEXT(2) 
PARAMETRIC_REPRESENTATION_CONTEXT() REPRESENTATION_CONTEXT('2D SPACE',''
  ) );
#43 = PCURVE('',#44,#49);
#44 = PLANE('',#45);
#45 = AXIS2_PLACEMENT_3D('',#46,#47,#48);
#46 = CARTESIAN_POINT('',(-104.5,-8.,-111.41));
#47 = DIRECTION('',(-1.675808339057E-16,-1.,0.));
#48 = DIRECTION('',(-1.,1.675808339057E-16,0.));
#49 = DEFINITIONAL_REPRESENTATION('',(#50),#54);
#50 = LINE('',#51,#52);
#51 = CARTESIAN_POINT('',(21.2,0.));
#52 = VECTOR('',#53,1.);
#53 = DIRECTION('',(0.,-1.));
#54 = ( GEOMETRIC_REPRESENTATION_CONTEXT(2) 
PARAMETRIC_REPRESENTATION_CONTEXT() REPRESENTATION_CONTEXT('2D SPACE',''
  ) );
#55 = ORIENTED_EDGE('',*,*,#56,.T.);
#56 = EDGE_CURVE('',#24,#57,#59,.T.);
#57 = VERTEX_POINT('',#58);
#58 = CARTESIAN_POINT('',(-125.7,53.,104.59));
#59 = SURFACE_CURVE('',#60,(#64,#71),.PCURVE_S1.);
#60 = LINE('',#61,#62);
#61 = CARTESIAN_POINT('',(-125.7,-8.,104.59));
#62 = VECTOR('',#63,1.);
#63 = DIRECTION('',(0.,1.,0.));
#64 = PCURVE('',#32,#65);
#65 = DEFINITIONAL_REPRESENTATION('',(#66),#70);
#66 = LINE('',#67,#68);
#67 = CARTESIAN_POINT('',(0.,-216.));
#68 = VECTOR('',#69,1.);
#69 = DIRECTION('',(1.,0.));
#70 = ( GEOMETRIC_REPRESENTATION_CONTEXT(2) 
PARAMETRIC_REPRESENTATION_CONTEXT() REPRESENTATION_CONTEXT('2D SPACE',''
  ) );
#71 = PCURVE('',#72,#77);
#72 = PLANE('',#73);
#73 = AXIS2_PLACEMENT_3D('',#74,#75,#76);
#74 = CARTESIAN_POINT('',(-52.59499888877,32.463421364877,104.59));
#75 = DIRECTION('',(-0.,-0.,-1.));
#76 = DIRECTION('',(-1.,0.,0.));
#77 = DEFINITIONAL_REPRESENTATION('',(#78),#82);
#78 = LINE('',#79,#80);
#79 = CARTESIAN_POINT('',(73.105001111224,-40.46342136487));
#80 = VECTOR('',#81,1.);
#81 = DIRECTION('',(0.,1.));
#82 = ( GEOMETRIC_REPRESENTATION_CONTEXT(2) 
PARAMETRIC_REPRESENTATION_CONTEXT() REPRESENTATION_CONTEXT('2D SPACE',''
  ) );
#83 = ORIENTED_EDGE('',*,*,#84,.T.);
#84 = EDGE_CURVE('',#57,#85,#87,.T.);
#85 = VERTEX_POINT('',#86);
#86 = CARTESIAN_POINT('',(-125.7,49.,73.2));
#87 = SURFACE_CURVE('',#88,(#92,#99),.PCURVE_S1.);
#88 = LINE('',#89,#90);
#89 = CARTESIAN_POINT('',(-125.7,53.,104.59));
#90 = VECTOR('',#91,1.);
#91 = DIRECTION('',(0.,-0.126406941083,-0.991978470152));
#92 = PCURVE('',#32,#93);
#93 = DEFINITIONAL_REPRESENTATION('',(#94),#98);
#94 = LINE('',#95,#96);
#95 = CARTESIAN_POINT('',(61.,-216.));
#96 = VECTOR('',#97,1.);
#97 = DIRECTION('',(-0.126406941083,0.991978470152));
#98 = ( GEOMETRIC_REPRESENTATION_CONTEXT(2) 
PARAMETRIC_REPRESENTATION_CONTEXT() REPRESENTATION_CONTEXT('2D SPACE',''
  ) );
#99 = PCURVE('',#100,#105);
#100 = PLANE('',#101);
#101 = AXIS2_PLACEMENT_3D('',#102,#103,#104);
#102 = CARTESIAN_POINT('',(-125.7,53.,104.59));
#103 = DIRECTION('',(0.,0.991978470152,-0.126406941083));
#104 = DIRECTION('',(0.,-0.126406941083,-0.991978470152));
#105 = DEFINITIONAL_REPRESENTATION('',(#106),#110);
#106 = LINE('',#107,#108);
#107 = CARTESIAN_POINT('',(0.,0.));
#108 = VECTOR('',#109,1.);
#109 = DIRECTION('',(1.,0.));
#110 = ( GEOMETRIC_REPRESENTATION_CONTEXT(2) 
PARAMETRIC_REPRESENTATION_CONTEXT() REPRESENTATION_CONTEXT('2D SPACE',''
  ) );
#111 = ORIENTED_EDGE('',*,*,#112,.F.);
#112 = EDGE_CURVE('',#113,#85,#115,.T.);
#113 = VERTEX_POINT('',#114);
#114 = CARTESIAN_POINT('',(-125.7,49.,-79.9));
#115 = SURFACE_CURVE('',#116,(#120,#127),.PCURVE_S1.);
#116 = LINE('',#117,#118);
#117 = CARTESIAN_POINT('',(-125.7,49.,-111.41));
#118 = VECTOR('',#119,1.);
#119 = DIRECTION('',(0.,0.,1.));
#120 = PCURVE('',#32,#121);
#121 = DEFINITIONAL_REPRESENTATION('',(#122),#126);
#122 = LINE('',#123,#124);
#123 = CARTESIAN_POINT('',(57.,0.));
#124 = VECTOR('',#125,1.);
#125 = DIRECTION('',(0.,-1.));
#126 = ( GEOMETRIC_REPRESENTATION_CONTEXT(2) 
PARAMETRIC_REPRESENTATION_CONTEXT() REPRESENTATION_CONTEXT('2D SPACE',''
  ) );
#127 = PCURVE('',#128,#133);
#128 = PLANE('',#129);
#129 = AXIS2_PLACEMENT_3D('',#130,#131,#132);
#130 = CARTESIAN_POINT('',(-125.7,49.,-111.41));
#131 = DIRECTION('',(0.,1.,0.));
#132 = DIRECTION('',(1.,0.,0.));
#133 = DEFINITIONAL_REPRESENTATION('',(#134),#138);
#134 = LINE('',#135,#136);
#135 = CARTESIAN_POINT('',(0.,0.));
#136 = VECTOR('',#137,1.);
#137 = DIRECTION('',(0.,-1.));
#138 = ( GEOMETRIC_REPRESENTATION_CONTEXT(2) 
PARAMETRIC_REPRESENTATION_CONTEXT() REPRESENTATION_CONTEXT('2D SPACE',''
  ) );
#139 = ORIENTED_EDGE('',*,*,#140,.F.);
#140 = EDGE_CURVE('',#141,#113,#143,.T.);
#141 = VERTEX_POINT('',#142);
#142 = CARTESIAN_POINT('',(-125.7,53.,-111.41));
#143 = SURFACE_CURVE('',#144,(#148,#155),.PCURVE_S1.);
#144 = LINE('',#145,#146);
#145 = CARTESIAN_POINT('',(-125.7,53.,-111.41));
#146 = VECTOR('',#147,1.);
#147 = DIRECTION('',(0.,-0.12593319258,0.99203872455));
#148 = PCURVE('',#32,#149);
#149 = DEFINITIONAL_REPRESENTATION('',(#150),#154);
#150 = LINE('',#151,#152);
#151 = CARTESIAN_POINT('',(61.,0.));
#152 = VECTOR('',#153,1.);
#153 = DIRECTION('',(-0.12593319258,-0.99203872455));
#154 = ( GEOMETRIC_REPRESENTATION_CONTEXT(2) 
PARAMETRIC_REPRESENTATION_CONTEXT() REPRESENTATION_CONTEXT('2D SPACE',''
  ) );
#155 = PCURVE('',#156,#161);
#156 = PLANE('',#157);
#157 = AXIS2_PLACEMENT_3D('',#158,#159,#160);
#158 = CARTESIAN_POINT('',(-125.7,53.,-111.41));
#159 = DIRECTION('',(0.,-0.99203872455,-0.12593319258));
#160 = DIRECTION('',(0.,-0.12593319258,0.99203872455));
#161 = DEFINITIONAL_REPRESENTATION('',(#162),#166);
#162 = LINE('',#163,#164);
#163 = CARTESIAN_POINT('',(0.,0.));
#164 = VECTOR('',#165,1.);
#165 = DIRECTION('',(1.,0.));
#166 = ( GEOMETRIC_REPRESENTATION_CONTEXT(2) 
PARAMETRIC_REPRESENTATION_CONTEXT() REPRESENTATION_CONTEXT('2D SPACE',''
  ) );
#167 = ORIENTED_EDGE('',*,*,#168,.T.);
#168 = EDGE_CURVE('',#141,#22,#169,.T.);
#169 = SURFACE_CURVE('',#170,(#174,#181),.PCURVE_S1.);
#170 = LINE('',#171,#172);
#171 = CARTESIAN_POINT('',(-125.7,53.,-111.41));
#172 = VECTOR('',#173,1.);
#173 = DIRECTION('',(0.,-1.,0.));
#174 = PCURVE('',#32,#175);
#175 = DEFINITIONAL_REPRESENTATION('',(#176),#180);
#176 = LINE('',#177,#178);
#177 = CARTESIAN_POINT('',(61.,0.));
#178 = VECTOR('',#179,1.);
#179 = DIRECTION('',(-1.,0.));
#180 = ( GEOMETRIC_REPRESENTATION_CONTEXT(2) 
PARAMETRIC_REPRESENTATION_CONTEXT() REPRESENTATION_CONTEXT('2D SPACE',''
  ) );
#181 = PCURVE('',#182,#187);
#182 = PLANE('',#183);
#183 = AXIS2_PLACEMENT_3D('',#184,#185,#186);
#184 = CARTESIAN_POINT('',(-52.59499888877,32.463421364877,-111.41));
#185 = DIRECTION('',(-0.,-0.,-1.));
#186 = DIRECTION('',(-1.,0.,0.));
#187 = DEFINITIONAL_REPRESENTATION('',(#188),#192);
#188 = LINE('',#189,#190);
#189 = CARTESIAN_POINT('',(73.105001111224,20.536578635123));
#190 = VECTOR('',#191,1.);
#191 = DIRECTION('',(0.,-1.));
#192 = ( GEOMETRIC_REPRESENTATION_CONTEXT(2) 
PARAMETRIC_REPRESENTATION_CONTEXT() REPRESENTATION_CONTEXT('2D SPACE',''
  ) );
#193 = ADVANCED_FACE('',(#194),#44,.T.);
#194 = FACE_BOUND('',#195,.T.);
#195 = EDGE_LOOP('',(#196,#226,#247,#248));
#196 = ORIENTED_EDGE('',*,*,#197,.T.);
#197 = EDGE_CURVE('',#198,#200,#202,.T.);
#198 = VERTEX_POINT('',#199);
#199 = CARTESIAN_POINT('',(-104.5,-8.,-111.41));
#200 = VERTEX_POINT('',#201);
#201 = CARTESIAN_POINT('',(-104.5,-8.,104.59));
#202 = SURFACE_CURVE('',#203,(#207,#214),.PCURVE_S1.);
#203 = LINE('',#204,#205);
#204 = CARTESIAN_POINT('',(-104.5,-8.,-111.41));
#205 = VECTOR('',#206,1.);
#206 = DIRECTION('',(0.,0.,1.));
#207 = PCURVE('',#44,#208);
#208 = DEFINITIONAL_REPRESENTATION('',(#209),#213);
#209 = LINE('',#210,#211);
#210 = CARTESIAN_POINT('',(0.,0.));
#211 = VECTOR('',#212,1.);
#212 = DIRECTION('',(0.,-1.));
#213 = ( GEOMETRIC_REPRESENTATION_CONTEXT(2) 
PARAMETRIC_REPRESENTATION_CONTEXT() REPRESENTATION_CONTEXT('2D SPACE',''
  ) );
#214 = PCURVE('',#215,#220);
#215 = CYLINDRICAL_SURFACE('',#216,18.);
#216 = AXIS2_PLACEMENT_3D('',#217,#218,#219);
#217 = CARTESIAN_POINT('',(-104.5,10.,-111.41));
#218 = DIRECTION('',(-0.,-0.,-1.));
#219 = DIRECTION('',(-1.,1.973729821556E-16,0.));
#220 = DEFINITIONAL_REPRESENTATION('',(#221),#225);
#221 = LINE('',#222,#223);
#222 = CARTESIAN_POINT('',(-1.570796326795,0.));
#223 = VECTOR('',#224,1.);
#224 = DIRECTION('',(-0.,-1.));
#225 = ( GEOMETRIC_REPRESENTATION_CONTEXT(2) 
PARAMETRIC_REPRESENTATION_CONTEXT() REPRESENTATION_CONTEXT('2D SPACE',''
  ) );
#226 = ORIENTED_EDGE('',*,*,#227,.T.);
#227 = EDGE_CURVE('',#200,#24,#228,.T.);
#228 = SURFACE_CURVE('',#229,(#233,#240),.PCURVE_S1.);
#229 = LINE('',#230,#231);
#230 = CARTESIAN_POINT('',(-104.5,-8.,104.59));
#231 = VECTOR('',#232,1.);
#232 = DIRECTION('',(-1.,1.675808339057E-16,0.));
#233 = PCURVE('',#44,#234);
#234 = DEFINITIONAL_REPRESENTATION('',(#235),#239);
#235 = LINE('',#236,#237);
#236 = CARTESIAN_POINT('',(0.,-216.));
#237 = VECTOR('',#238,1.);
#238 = DIRECTION('',(1.,0.));
#239 = ( GEOMETRIC_REPRESENTATION_CONTEXT(2) 
PARAMETRIC_REPRESENTATION_CONTEXT() REPRESENTATION_CONTEXT('2D SPACE',''
  ) );
#240 = PCURVE('',#72,#241);
#241 = DEFINITIONAL_REPRESENTATION('',(#242),#246);
#242 = LINE('',#243,#244);
#243 = CARTESIAN_POINT('',(51.905001111224,-40.46342136487));
#244 = VECTOR('',#245,1.);
#245 = DIRECTION('',(1.,1.675808339057E-16));
#246 = ( GEOMETRIC_REPRESENTATION_CONTEXT(2) 
PARAMETRIC_REPRESENTATION_CONTEXT() REPRESENTATION_CONTEXT('2D SPACE',''
  ) );
#247 = ORIENTED_EDGE('',*,*,#21,.F.);
#248 = ORIENTED_EDGE('',*,*,#249,.F.);
#249 = EDGE_CURVE('',#198,#22,#250,.T.);
#250 = SURFACE_CURVE('',#251,(#255,#262),.PCURVE_S1.);
#251 = LINE('',#252,#253);
#252 = CARTESIAN_POINT('',(-104.5,-8.,-111.41));
#253 = VECTOR('',#254,1.);
#254 = DIRECTION('',(-1.,1.675808339057E-16,0.));
#255 = PCURVE('',#44,#256);
#256 = DEFINITIONAL_REPRESENTATION('',(#257),#261);
#257 = LINE('',#258,#259);
#258 = CARTESIAN_POINT('',(0.,0.));
#259 = VECTOR('',#260,1.);
#260 = DIRECTION('',(1.,0.));
#261 = ( GEOMETRIC_REPRESENTATION_CONTEXT(2) 
PARAMETRIC_REPRESENTATION_CONTEXT() REPRESENTATION_CONTEXT('2D SPACE',''
  ) );
#262 = PCURVE('',#182,#263);
#263 = DEFINITIONAL_REPRESENTATION('',(#264),#268);
#264 = LINE('',#265,#266);
#265 = CARTESIAN_POINT('',(51.905001111224,-40.46342136487));
#266 = VECTOR('',#267,1.);
#267 = DIRECTION('',(1.,1.675808339057E-16));
#268 = ( GEOMETRIC_REPRESENTATION_CONTEXT(2) 
PARAMETRIC_REPRESENTATION_CONTEXT() REPRESENTATION_CONTEXT('2D SPACE',''
  ) );
#269 = ADVANCED_FACE('',(#270),#72,.F.);
#270 = FACE_BOUND('',#271,.F.);
#271 = EDGE_LOOP('',(#272,#300,#301,#302,#325,#353,#381,#409,#442,#475,
    #503,#531,#559,#587,#615,#638,#666,#694,#727));
#272 = ORIENTED_EDGE('',*,*,#273,.T.);
#273 = EDGE_CURVE('',#274,#200,#276,.T.);
#274 = VERTEX_POINT('',#275);
#275 = CARTESIAN_POINT('',(-122.5,10.,104.59));
#276 = SURFACE_CURVE('',#277,(#282,#293),.PCURVE_S1.);
#277 = CIRCLE('',#278,18.);
#278 = AXIS2_PLACEMENT_3D('',#279,#280,#281);
#279 = CARTESIAN_POINT('',(-104.5,10.,104.59));
#280 = DIRECTION('',(0.,0.,1.));
#281 = DIRECTION('',(-1.,1.973729821556E-16,0.));
#282 = PCURVE('',#72,#283);
#283 = DEFINITIONAL_REPRESENTATION('',(#284),#292);
#284 = ( BOUNDED_CURVE() B_SPLINE_CURVE(2,(#285,#286,#287,#288,#289,#290
,#291),.UNSPECIFIED.,.T.,.F.) B_SPLINE_CURVE_WITH_KNOTS((1,2,2,2,2,1),(
    -2.094395102393,0.,2.094395102393,4.188790204786,6.28318530718,
8.377580409573),.UNSPECIFIED.) CURVE() GEOMETRIC_REPRESENTATION_ITEM() 
RATIONAL_B_SPLINE_CURVE((1.,0.5,1.,0.5,1.,0.5,1.)) REPRESENTATION_ITEM(
  '') );
#285 = CARTESIAN_POINT('',(69.905001111224,-22.46342136487));
#286 = CARTESIAN_POINT('',(69.905001111224,-53.64033590111));
#287 = CARTESIAN_POINT('',(42.905001111224,-38.05187863299));
#288 = CARTESIAN_POINT('',(15.905001111224,-22.46342136487));
#289 = CARTESIAN_POINT('',(42.905001111224,-6.874964096757));
#290 = CARTESIAN_POINT('',(69.905001111224,8.713493171363));
#291 = CARTESIAN_POINT('',(69.905001111224,-22.46342136487));
#292 = ( GEOMETRIC_REPRESENTATION_CONTEXT(2) 
PARAMETRIC_REPRESENTATION_CONTEXT() REPRESENTATION_CONTEXT('2D SPACE',''
  ) );
#293 = PCURVE('',#215,#294);
#294 = DEFINITIONAL_REPRESENTATION('',(#295),#299);
#295 = LINE('',#296,#297);
#296 = CARTESIAN_POINT('',(-0.,-216.));
#297 = VECTOR('',#298,1.);
#298 = DIRECTION('',(-1.,0.));
#299 = ( GEOMETRIC_REPRESENTATION_CONTEXT(2) 
PARAMETRIC_REPRESENTATION_CONTEXT() REPRESENTATION_CONTEXT('2D SPACE',''
  ) );
#300 = ORIENTED_EDGE('',*,*,#227,.T.);
#301 = ORIENTED_EDGE('',*,*,#56,.T.);
#302 = ORIENTED_EDGE('',*,*,#303,.T.);
#303 = EDGE_CURVE('',#57,#304,#306,.T.);
#304 = VERTEX_POINT('',#305);
#305 = CARTESIAN_POINT('',(26.2,53.,104.59));
#306 = SURFACE_CURVE('',#307,(#311,#318),.PCURVE_S1.);
#307 = LINE('',#308,#309);
#308 = CARTESIAN_POINT('',(-125.7,53.,104.59));
#309 = VECTOR('',#310,1.);
#310 = DIRECTION('',(1.,0.,0.));
#311 = PCURVE('',#72,#312);
#312 = DEFINITIONAL_REPRESENTATION('',(#313),#317);
#313 = LINE('',#314,#315);
#314 = CARTESIAN_POINT('',(73.105001111224,20.536578635123));
#315 = VECTOR('',#316,1.);
#316 = DIRECTION('',(-1.,0.));
#317 = ( GEOMETRIC_REPRESENTATION_CONTEXT(2) 
PARAMETRIC_REPRESENTATION_CONTEXT() REPRESENTATION_CONTEXT('2D SPACE',''
  ) );
#318 = PCURVE('',#100,#319);
#319 = DEFINITIONAL_REPRESENTATION('',(#320),#324);
#320 = LINE('',#321,#322);
#321 = CARTESIAN_POINT('',(0.,0.));
#322 = VECTOR('',#323,1.);
#323 = DIRECTION('',(0.,-1.));
#324 = ( GEOMETRIC_REPRESENTATION_CONTEXT(2) 
PARAMETRIC_REPRESENTATION_CONTEXT() REPRESENTATION_CONTEXT('2D SPACE',''
  ) );
#325 = ORIENTED_EDGE('',*,*,#326,.F.);
#326 = EDGE_CURVE('',#327,#304,#329,.T.);
#327 = VERTEX_POINT('',#328);
#328 = CARTESIAN_POINT('',(26.2,-8.,104.59));
#329 = SURFACE_CURVE('',#330,(#334,#341),.PCURVE_S1.);
#330 = LINE('',#331,#332);
#331 = CARTESIAN_POINT('',(26.2,-8.,104.59));
#332 = VECTOR('',#333,1.);
#333 = DIRECTION('',(5.824120784919E-17,1.,0.));
#334 = PCURVE('',#72,#335);
#335 = DEFINITIONAL_REPRESENTATION('',(#336),#340);
#336 = LINE('',#337,#338);
#337 = CARTESIAN_POINT('',(-78.79499888877,-40.46342136487));
#338 = VECTOR('',#339,1.);
#339 = DIRECTION('',(-5.824120784919E-17,1.));
#340 = ( GEOMETRIC_REPRESENTATION_CONTEXT(2) 
PARAMETRIC_REPRESENTATION_CONTEXT() REPRESENTATION_CONTEXT('2D SPACE',''
  ) );
#341 = PCURVE('',#342,#347);
#342 = PLANE('',#343);
#343 = AXIS2_PLACEMENT_3D('',#344,#345,#346);
#344 = CARTESIAN_POINT('',(26.2,49.,-111.41));
#345 = DIRECTION('',(1.,0.,-0.));
#346 = DIRECTION('',(0.,-1.,0.));
#347 = DEFINITIONAL_REPRESENTATION('',(#348),#352);
#348 = LINE('',#349,#350);
#349 = CARTESIAN_POINT('',(57.,-216.));
#350 = VECTOR('',#351,1.);
#351 = DIRECTION('',(-1.,0.));
#352 = ( GEOMETRIC_REPRESENTATION_CONTEXT(2) 
PARAMETRIC_REPRESENTATION_CONTEXT() REPRESENTATION_CONTEXT('2D SPACE',''
  ) );
#353 = ORIENTED_EDGE('',*,*,#354,.T.);
#354 = EDGE_CURVE('',#327,#355,#357,.T.);
#355 = VERTEX_POINT('',#356);
#356 = CARTESIAN_POINT('',(23.,-8.,104.59));
#357 = SURFACE_CURVE('',#358,(#362,#369),.PCURVE_S1.);
#358 = LINE('',#359,#360);
#359 = CARTESIAN_POINT('',(26.2,-8.,104.59));
#360 = VECTOR('',#361,1.);
#361 = DIRECTION('',(-1.,0.,0.));
#362 = PCURVE('',#72,#363);
#363 = DEFINITIONAL_REPRESENTATION('',(#364),#368);
#364 = LINE('',#365,#366);
#365 = CARTESIAN_POINT('',(-78.79499888877,-40.46342136487));
#366 = VECTOR('',#367,1.);
#367 = DIRECTION('',(1.,0.));
#368 = ( GEOMETRIC_REPRESENTATION_CONTEXT(2) 
PARAMETRIC_REPRESENTATION_CONTEXT() REPRESENTATION_CONTEXT('2D SPACE',''
  ) );
#369 = PCURVE('',#370,#375);
#370 = PLANE('',#371);
#371 = AXIS2_PLACEMENT_3D('',#372,#373,#374);
#372 = CARTESIAN_POINT('',(26.2,-8.,-111.41));
#373 = DIRECTION('',(0.,-1.,0.));
#374 = DIRECTION('',(-1.,0.,0.));
#375 = DEFINITIONAL_REPRESENTATION('',(#376),#380);
#376 = LINE('',#377,#378);
#377 = CARTESIAN_POINT('',(0.,-216.));
#378 = VECTOR('',#379,1.);
#379 = DIRECTION('',(1.,0.));
#380 = ( GEOMETRIC_REPRESENTATION_CONTEXT(2) 
PARAMETRIC_REPRESENTATION_CONTEXT() REPRESENTATION_CONTEXT('2D SPACE',''
  ) );
#381 = ORIENTED_EDGE('',*,*,#382,.T.);
#382 = EDGE_CURVE('',#355,#383,#385,.T.);
#383 = VERTEX_POINT('',#384);
#384 = CARTESIAN_POINT('',(23.,37.,104.59));
#385 = SURFACE_CURVE('',#386,(#390,#397),.PCURVE_S1.);
#386 = LINE('',#387,#388);
#387 = CARTESIAN_POINT('',(23.,-8.,104.59));
#388 = VECTOR('',#389,1.);
#389 = DIRECTION('',(0.,1.,0.));
#390 = PCURVE('',#72,#391);
#391 = DEFINITIONAL_REPRESENTATION('',(#392),#396);
#392 = LINE('',#393,#394);
#393 = CARTESIAN_POINT('',(-75.59499888877,-40.46342136487));
#394 = VECTOR('',#395,1.);
#395 = DIRECTION('',(0.,1.));
#396 = ( GEOMETRIC_REPRESENTATION_CONTEXT(2) 
PARAMETRIC_REPRESENTATION_CONTEXT() REPRESENTATION_CONTEXT('2D SPACE',''
  ) );
#397 = PCURVE('',#398,#403);
#398 = PLANE('',#399);
#399 = AXIS2_PLACEMENT_3D('',#400,#401,#402);
#400 = CARTESIAN_POINT('',(23.,-8.,-111.41));
#401 = DIRECTION('',(-1.,0.,0.));
#402 = DIRECTION('',(0.,1.,0.));
#403 = DEFINITIONAL_REPRESENTATION('',(#404),#408);
#404 = LINE('',#405,#406);
#405 = CARTESIAN_POINT('',(0.,-216.));
#406 = VECTOR('',#407,1.);
#407 = DIRECTION('',(1.,0.));
#408 = ( GEOMETRIC_REPRESENTATION_CONTEXT(2) 
PARAMETRIC_REPRESENTATION_CONTEXT() REPRESENTATION_CONTEXT('2D SPACE',''
  ) );
#409 = ORIENTED_EDGE('',*,*,#410,.T.);
#410 = EDGE_CURVE('',#383,#411,#413,.T.);
#411 = VERTEX_POINT('',#412);
#412 = CARTESIAN_POINT('',(16.05,44.930794411659,104.59));
#413 = SURFACE_CURVE('',#414,(#419,#430),.PCURVE_S1.);
#414 = CIRCLE('',#415,8.);
#415 = AXIS2_PLACEMENT_3D('',#416,#417,#418);
#416 = CARTESIAN_POINT('',(15.,37.,104.59));
#417 = DIRECTION('',(0.,0.,1.));
#418 = DIRECTION('',(1.,0.,-0.));
#419 = PCURVE('',#72,#420);
#420 = DEFINITIONAL_REPRESENTATION('',(#421),#429);
#421 = ( BOUNDED_CURVE() B_SPLINE_CURVE(2,(#422,#423,#424,#425,#426,#427
,#428),.UNSPECIFIED.,.T.,.F.) B_SPLINE_CURVE_WITH_KNOTS((1,2,2,2,2,1),(
    -2.094395102393,0.,2.094395102393,4.188790204786,6.28318530718,
8.377580409573),.UNSPECIFIED.) CURVE() GEOMETRIC_REPRESENTATION_ITEM() 
RATIONAL_B_SPLINE_CURVE((1.,0.5,1.,0.5,1.,0.5,1.)) REPRESENTATION_ITEM(
  '') );
#422 = CARTESIAN_POINT('',(-75.59499888877,4.536578635123));
#423 = CARTESIAN_POINT('',(-75.59499888877,18.392985095674));
#424 = CARTESIAN_POINT('',(-63.59499888877,11.464781865398));
#425 = CARTESIAN_POINT('',(-51.59499888877,4.536578635123));
#426 = CARTESIAN_POINT('',(-63.59499888877,-2.391624595153));
#427 = CARTESIAN_POINT('',(-75.59499888877,-9.319827825428));
#428 = CARTESIAN_POINT('',(-75.59499888877,4.536578635123));
#429 = ( GEOMETRIC_REPRESENTATION_CONTEXT(2) 
PARAMETRIC_REPRESENTATION_CONTEXT() REPRESENTATION_CONTEXT('2D SPACE',''
  ) );
#430 = PCURVE('',#431,#436);
#431 = CYLINDRICAL_SURFACE('',#432,8.);
#432 = AXIS2_PLACEMENT_3D('',#433,#434,#435);
#433 = CARTESIAN_POINT('',(15.,37.,-111.41));
#434 = DIRECTION('',(-0.,-0.,-1.));
#435 = DIRECTION('',(1.,0.,-0.));
#436 = DEFINITIONAL_REPRESENTATION('',(#437),#441);
#437 = LINE('',#438,#439);
#438 = CARTESIAN_POINT('',(-0.,-216.));
#439 = VECTOR('',#440,1.);
#440 = DIRECTION('',(-1.,0.));
#441 = ( GEOMETRIC_REPRESENTATION_CONTEXT(2) 
PARAMETRIC_REPRESENTATION_CONTEXT() REPRESENTATION_CONTEXT('2D SPACE',''
  ) );
#442 = ORIENTED_EDGE('',*,*,#443,.T.);
#443 = EDGE_CURVE('',#411,#444,#446,.T.);
#444 = VERTEX_POINT('',#445);
#445 = CARTESIAN_POINT('',(15.,45.,104.59));
#446 = SURFACE_CURVE('',#447,(#452,#463),.PCURVE_S1.);
#447 = CIRCLE('',#448,8.);
#448 = AXIS2_PLACEMENT_3D('',#449,#450,#451);
#449 = CARTESIAN_POINT('',(15.,37.,104.59));
#450 = DIRECTION('',(0.,0.,1.));
#451 = DIRECTION('',(1.,0.,-0.));
#452 = PCURVE('',#72,#453);
#453 = DEFINITIONAL_REPRESENTATION('',(#454),#462);
#454 = ( BOUNDED_CURVE() B_SPLINE_CURVE(2,(#455,#456,#457,#458,#459,#460
,#461),.UNSPECIFIED.,.T.,.F.) B_SPLINE_CURVE_WITH_KNOTS((1,2,2,2,2,1),(
    -2.094395102393,0.,2.094395102393,4.188790204786,6.28318530718,
8.377580409573),.UNSPECIFIED.) CURVE() GEOMETRIC_REPRESENTATION_ITEM() 
RATIONAL_B_SPLINE_CURVE((1.,0.5,1.,0.5,1.,0.5,1.)) REPRESENTATION_ITEM(
  '') );
#455 = CARTESIAN_POINT('',(-75.59499888877,4.536578635123));
#456 = CARTESIAN_POINT('',(-75.59499888877,18.392985095674));
#457 = CARTESIAN_POINT('',(-63.59499888877,11.464781865398));
#458 = CARTESIAN_POINT('',(-51.59499888877,4.536578635123));
#459 = CARTESIAN_POINT('',(-63.59499888877,-2.391624595153));
#460 = CARTESIAN_POINT('',(-75.59499888877,-9.319827825428));
#461 = CARTESIAN_POINT('',(-75.59499888877,4.536578635123));
#462 = ( GEOMETRIC_REPRESENTATION_CONTEXT(2) 
PARAMETRIC_REPRESENTATION_CONTEXT() REPRESENTATION_CONTEXT('2D SPACE',''
  ) );
#463 = PCURVE('',#464,#469);
#464 = CYLINDRICAL_SURFACE('',#465,8.);
#465 = AXIS2_PLACEMENT_3D('',#466,#467,#468);
#466 = CARTESIAN_POINT('',(15.,37.,-111.41));
#467 = DIRECTION('',(-0.,-0.,-1.));
#468 = DIRECTION('',(1.,0.,-0.));
#469 = DEFINITIONAL_REPRESENTATION('',(#470),#474);
#470 = LINE('',#471,#472);
#471 = CARTESIAN_POINT('',(-0.,-216.));
#472 = VECTOR('',#473,1.);
#473 = DIRECTION('',(-1.,0.));
#474 = ( GEOMETRIC_REPRESENTATION_CONTEXT(2) 
PARAMETRIC_REPRESENTATION_CONTEXT() REPRESENTATION_CONTEXT('2D SPACE',''
  ) );
#475 = ORIENTED_EDGE('',*,*,#476,.T.);
#476 = EDGE_CURVE('',#444,#477,#479,.T.);
#477 = VERTEX_POINT('',#478);
#478 = CARTESIAN_POINT('',(16.05,45.,104.59));
#479 = SURFACE_CURVE('',#480,(#484,#491),.PCURVE_S1.);
#480 = LINE('',#481,#482);
#481 = CARTESIAN_POINT('',(-122.5,45.,104.59));
#482 = VECTOR('',#483,1.);
#483 = DIRECTION('',(1.,0.,0.));
#484 = PCURVE('',#72,#485);
#485 = DEFINITIONAL_REPRESENTATION('',(#486),#490);
#486 = LINE('',#487,#488);
#487 = CARTESIAN_POINT('',(69.905001111224,12.536578635123));
#488 = VECTOR('',#489,1.);
#489 = DIRECTION('',(-1.,0.));
#490 = ( GEOMETRIC_REPRESENTATION_CONTEXT(2) 
PARAMETRIC_REPRESENTATION_CONTEXT() REPRESENTATION_CONTEXT('2D SPACE',''
  ) );
#491 = PCURVE('',#492,#497);
#492 = PLANE('',#493);
#493 = AXIS2_PLACEMENT_3D('',#494,#495,#496);
#494 = CARTESIAN_POINT('',(-122.5,45.,73.2));
#495 = DIRECTION('',(0.,-1.,0.));
#496 = DIRECTION('',(0.,0.,1.));
#497 = DEFINITIONAL_REPRESENTATION('',(#498),#502);
#498 = LINE('',#499,#500);
#499 = CARTESIAN_POINT('',(31.39,0.));
#500 = VECTOR('',#501,1.);
#501 = DIRECTION('',(0.,-1.));
#502 = ( GEOMETRIC_REPRESENTATION_CONTEXT(2) 
PARAMETRIC_REPRESENTATION_CONTEXT() REPRESENTATION_CONTEXT('2D SPACE',''
  ) );
#503 = ORIENTED_EDGE('',*,*,#504,.T.);
#504 = EDGE_CURVE('',#477,#505,#507,.T.);
#505 = VERTEX_POINT('',#506);
#506 = CARTESIAN_POINT('',(23.02,45.,104.59));
#507 = SURFACE_CURVE('',#508,(#512,#519),.PCURVE_S1.);
#508 = LINE('',#509,#510);
#509 = CARTESIAN_POINT('',(-122.5,45.,104.59));
#510 = VECTOR('',#511,1.);
#511 = DIRECTION('',(1.,0.,0.));
#512 = PCURVE('',#72,#513);
#513 = DEFINITIONAL_REPRESENTATION('',(#514),#518);
#514 = LINE('',#515,#516);
#515 = CARTESIAN_POINT('',(69.905001111224,12.536578635123));
#516 = VECTOR('',#517,1.);
#517 = DIRECTION('',(-1.,0.));
#518 = ( GEOMETRIC_REPRESENTATION_CONTEXT(2) 
PARAMETRIC_REPRESENTATION_CONTEXT() REPRESENTATION_CONTEXT('2D SPACE',''
  ) );
#519 = PCURVE('',#520,#525);
#520 = PLANE('',#521);
#521 = AXIS2_PLACEMENT_3D('',#522,#523,#524);
#522 = CARTESIAN_POINT('',(-122.5,45.,73.2));
#523 = DIRECTION('',(0.,-1.,0.));
#524 = DIRECTION('',(0.,0.,1.));
#525 = DEFINITIONAL_REPRESENTATION('',(#526),#530);
#526 = LINE('',#527,#528);
#527 = CARTESIAN_POINT('',(31.39,0.));
#528 = VECTOR('',#529,1.);
#529 = DIRECTION('',(0.,-1.));
#530 = ( GEOMETRIC_REPRESENTATION_CONTEXT(2) 
PARAMETRIC_REPRESENTATION_CONTEXT() REPRESENTATION_CONTEXT('2D SPACE',''
  ) );
#531 = ORIENTED_EDGE('',*,*,#532,.T.);
#532 = EDGE_CURVE('',#505,#533,#535,.T.);
#533 = VERTEX_POINT('',#534);
#534 = CARTESIAN_POINT('',(23.02,49.,104.59));
#535 = SURFACE_CURVE('',#536,(#540,#547),.PCURVE_S1.);
#536 = LINE('',#537,#538);
#537 = CARTESIAN_POINT('',(23.02,45.,104.59));
#538 = VECTOR('',#539,1.);
#539 = DIRECTION('',(0.,1.,0.));
#540 = PCURVE('',#72,#541);
#541 = DEFINITIONAL_REPRESENTATION('',(#542),#546);
#542 = LINE('',#543,#544);
#543 = CARTESIAN_POINT('',(-75.61499888877,12.536578635123));
#544 = VECTOR('',#545,1.);
#545 = DIRECTION('',(0.,1.));
#546 = ( GEOMETRIC_REPRESENTATION_CONTEXT(2) 
PARAMETRIC_REPRESENTATION_CONTEXT() REPRESENTATION_CONTEXT('2D SPACE',''
  ) );
#547 = PCURVE('',#548,#553);
#548 = PLANE('',#549);
#549 = AXIS2_PLACEMENT_3D('',#550,#551,#552);
#550 = CARTESIAN_POINT('',(23.02,46.063457985605,89.831542014395));
#551 = DIRECTION('',(-1.,-0.,-0.));
#552 = DIRECTION('',(0.,0.,-1.));
#553 = DEFINITIONAL_REPRESENTATION('',(#554),#558);
#554 = LINE('',#555,#556);
#555 = CARTESIAN_POINT('',(-14.7584579856,1.063457985605));
#556 = VECTOR('',#557,1.);
#557 = DIRECTION('',(0.,-1.));
#558 = ( GEOMETRIC_REPRESENTATION_CONTEXT(2) 
PARAMETRIC_REPRESENTATION_CONTEXT() REPRESENTATION_CONTEXT('2D SPACE',''
  ) );
#559 = ORIENTED_EDGE('',*,*,#560,.F.);
#560 = EDGE_CURVE('',#561,#533,#563,.T.);
#561 = VERTEX_POINT('',#562);
#562 = CARTESIAN_POINT('',(16.05,49.,104.59));
#563 = SURFACE_CURVE('',#564,(#568,#575),.PCURVE_S1.);
#564 = LINE('',#565,#566);
#565 = CARTESIAN_POINT('',(-122.5,49.,104.59));
#566 = VECTOR('',#567,1.);
#567 = DIRECTION('',(1.,0.,0.));
#568 = PCURVE('',#72,#569);
#569 = DEFINITIONAL_REPRESENTATION('',(#570),#574);
#570 = LINE('',#571,#572);
#571 = CARTESIAN_POINT('',(69.905001111224,16.536578635123));
#572 = VECTOR('',#573,1.);
#573 = DIRECTION('',(-1.,0.));
#574 = ( GEOMETRIC_REPRESENTATION_CONTEXT(2) 
PARAMETRIC_REPRESENTATION_CONTEXT() REPRESENTATION_CONTEXT('2D SPACE',''
  ) );
#575 = PCURVE('',#576,#581);
#576 = PLANE('',#577);
#577 = AXIS2_PLACEMENT_3D('',#578,#579,#580);
#578 = CARTESIAN_POINT('',(-122.5,49.,104.59));
#579 = DIRECTION('',(0.,0.991978470152,-0.126406941083));
#580 = DIRECTION('',(0.,-0.126406941083,-0.991978470152));
#581 = DEFINITIONAL_REPRESENTATION('',(#582),#586);
#582 = LINE('',#583,#584);
#583 = CARTESIAN_POINT('',(0.,0.));
#584 = VECTOR('',#585,1.);
#585 = DIRECTION('',(0.,-1.));
#586 = ( GEOMETRIC_REPRESENTATION_CONTEXT(2) 
PARAMETRIC_REPRESENTATION_CONTEXT() REPRESENTATION_CONTEXT('2D SPACE',''
  ) );
#587 = ORIENTED_EDGE('',*,*,#588,.F.);
#588 = EDGE_CURVE('',#589,#561,#591,.T.);
#589 = VERTEX_POINT('',#590);
#590 = CARTESIAN_POINT('',(-89.95,49.,104.59));
#591 = SURFACE_CURVE('',#592,(#596,#603),.PCURVE_S1.);
#592 = LINE('',#593,#594);
#593 = CARTESIAN_POINT('',(-122.5,49.,104.59));
#594 = VECTOR('',#595,1.);
#595 = DIRECTION('',(1.,0.,0.));
#596 = PCURVE('',#72,#597);
#597 = DEFINITIONAL_REPRESENTATION('',(#598),#602);
#598 = LINE('',#599,#600);
#599 = CARTESIAN_POINT('',(69.905001111224,16.536578635123));
#600 = VECTOR('',#601,1.);
#601 = DIRECTION('',(-1.,0.));
#602 = ( GEOMETRIC_REPRESENTATION_CONTEXT(2) 
PARAMETRIC_REPRESENTATION_CONTEXT() REPRESENTATION_CONTEXT('2D SPACE',''
  ) );
#603 = PCURVE('',#604,#609);
#604 = PLANE('',#605);
#605 = AXIS2_PLACEMENT_3D('',#606,#607,#608);
#606 = CARTESIAN_POINT('',(-122.5,49.,104.59));
#607 = DIRECTION('',(0.,0.991978470152,-0.126406941083));
#608 = DIRECTION('',(0.,-0.126406941083,-0.991978470152));
#609 = DEFINITIONAL_REPRESENTATION('',(#610),#614);
#610 = LINE('',#611,#612);
#611 = CARTESIAN_POINT('',(0.,0.));
#612 = VECTOR('',#613,1.);
#613 = DIRECTION('',(0.,-1.));
#614 = ( GEOMETRIC_REPRESENTATION_CONTEXT(2) 
PARAMETRIC_REPRESENTATION_CONTEXT() REPRESENTATION_CONTEXT('2D SPACE',''
  ) );
#615 = ORIENTED_EDGE('',*,*,#616,.F.);
#616 = EDGE_CURVE('',#617,#589,#619,.T.);
#617 = VERTEX_POINT('',#618);
#618 = CARTESIAN_POINT('',(-122.5,49.,104.59));
#619 = SURFACE_CURVE('',#620,(#624,#631),.PCURVE_S1.);
#620 = LINE('',#621,#622);
#621 = CARTESIAN_POINT('',(-122.5,49.,104.59));
#622 = VECTOR('',#623,1.);
#623 = DIRECTION('',(1.,0.,0.));
#624 = PCURVE('',#72,#625);
#625 = DEFINITIONAL_REPRESENTATION('',(#626),#630);
#626 = LINE('',#627,#628);
#627 = CARTESIAN_POINT('',(69.905001111224,16.536578635123));
#628 = VECTOR('',#629,1.);
#629 = DIRECTION('',(-1.,0.));
#630 = ( GEOMETRIC_REPRESENTATION_CONTEXT(2) 
PARAMETRIC_REPRESENTATION_CONTEXT() REPRESENTATION_CONTEXT('2D SPACE',''
  ) );
#631 = PCURVE('',#604,#632);
#632 = DEFINITIONAL_REPRESENTATION('',(#633),#637);
#633 = LINE('',#634,#635);
#634 = CARTESIAN_POINT('',(0.,0.));
#635 = VECTOR('',#636,1.);
#636 = DIRECTION('',(0.,-1.));
#637 = ( GEOMETRIC_REPRESENTATION_CONTEXT(2) 
PARAMETRIC_REPRESENTATION_CONTEXT() REPRESENTATION_CONTEXT('2D SPACE',''
  ) );
#638 = ORIENTED_EDGE('',*,*,#639,.F.);
#639 = EDGE_CURVE('',#640,#617,#642,.T.);
#640 = VERTEX_POINT('',#641);
#641 = CARTESIAN_POINT('',(-122.5,45.,104.59));
#642 = SURFACE_CURVE('',#643,(#647,#654),.PCURVE_S1.);
#643 = LINE('',#644,#645);
#644 = CARTESIAN_POINT('',(-122.5,45.,104.59));
#645 = VECTOR('',#646,1.);
#646 = DIRECTION('',(0.,1.,0.));
#647 = PCURVE('',#72,#648);
#648 = DEFINITIONAL_REPRESENTATION('',(#649),#653);
#649 = LINE('',#650,#651);
#650 = CARTESIAN_POINT('',(69.905001111224,12.536578635123));
#651 = VECTOR('',#652,1.);
#652 = DIRECTION('',(0.,1.));
#653 = ( GEOMETRIC_REPRESENTATION_CONTEXT(2) 
PARAMETRIC_REPRESENTATION_CONTEXT() REPRESENTATION_CONTEXT('2D SPACE',''
  ) );
#654 = PCURVE('',#655,#660);
#655 = PLANE('',#656);
#656 = AXIS2_PLACEMENT_3D('',#657,#658,#659);
#657 = CARTESIAN_POINT('',(-122.5,46.063457985605,89.831542014395));
#658 = DIRECTION('',(-1.,-0.,-0.));
#659 = DIRECTION('',(0.,0.,-1.));
#660 = DEFINITIONAL_REPRESENTATION('',(#661),#665);
#661 = LINE('',#662,#663);
#662 = CARTESIAN_POINT('',(-14.7584579856,1.063457985605));
#663 = VECTOR('',#664,1.);
#664 = DIRECTION('',(0.,-1.));
#665 = ( GEOMETRIC_REPRESENTATION_CONTEXT(2) 
PARAMETRIC_REPRESENTATION_CONTEXT() REPRESENTATION_CONTEXT('2D SPACE',''
  ) );
#666 = ORIENTED_EDGE('',*,*,#667,.T.);
#667 = EDGE_CURVE('',#640,#668,#670,.T.);
#668 = VERTEX_POINT('',#669);
#669 = CARTESIAN_POINT('',(-110.5,45.,104.59));
#670 = SURFACE_CURVE('',#671,(#675,#682),.PCURVE_S1.);
#671 = LINE('',#672,#673);
#672 = CARTESIAN_POINT('',(-122.5,45.,104.59));
#673 = VECTOR('',#674,1.);
#674 = DIRECTION('',(1.,0.,0.));
#675 = PCURVE('',#72,#676);
#676 = DEFINITIONAL_REPRESENTATION('',(#677),#681);
#677 = LINE('',#678,#679);
#678 = CARTESIAN_POINT('',(69.905001111224,12.536578635123));
#679 = VECTOR('',#680,1.);
#680 = DIRECTION('',(-1.,0.));
#681 = ( GEOMETRIC_REPRESENTATION_CONTEXT(2) 
PARAMETRIC_REPRESENTATION_CONTEXT() REPRESENTATION_CONTEXT('2D SPACE',''
  ) );
#682 = PCURVE('',#683,#688);
#683 = PLANE('',#684);
#684 = AXIS2_PLACEMENT_3D('',#685,#686,#687);
#685 = CARTESIAN_POINT('',(-122.5,45.,73.2));
#686 = DIRECTION('',(0.,-1.,0.));
#687 = DIRECTION('',(0.,0.,1.));
#688 = DEFINITIONAL_REPRESENTATION('',(#689),#693);
#689 = LINE('',#690,#691);
#690 = CARTESIAN_POINT('',(31.39,0.));
#691 = VECTOR('',#692,1.);
#692 = DIRECTION('',(0.,-1.));
#693 = ( GEOMETRIC_REPRESENTATION_CONTEXT(2) 
PARAMETRIC_REPRESENTATION_CONTEXT() REPRESENTATION_CONTEXT('2D SPACE',''
  ) );
#694 = ORIENTED_EDGE('',*,*,#695,.T.);
#695 = EDGE_CURVE('',#668,#696,#698,.T.);
#696 = VERTEX_POINT('',#697);
#697 = CARTESIAN_POINT('',(-122.5,33.,104.59));
#698 = SURFACE_CURVE('',#699,(#704,#715),.PCURVE_S1.);
#699 = CIRCLE('',#700,12.);
#700 = AXIS2_PLACEMENT_3D('',#701,#702,#703);
#701 = CARTESIAN_POINT('',(-110.5,33.,104.59));
#702 = DIRECTION('',(0.,-0.,1.));
#703 = DIRECTION('',(0.,1.,0.));
#704 = PCURVE('',#72,#705);
#705 = DEFINITIONAL_REPRESENTATION('',(#706),#714);
#706 = ( BOUNDED_CURVE() B_SPLINE_CURVE(2,(#707,#708,#709,#710,#711,#712
,#713),.UNSPECIFIED.,.T.,.F.) B_SPLINE_CURVE_WITH_KNOTS((1,2,2,2,2,1),(
    -2.094395102393,0.,2.094395102393,4.188790204786,6.28318530718,
8.377580409573),.UNSPECIFIED.) CURVE() GEOMETRIC_REPRESENTATION_ITEM() 
RATIONAL_B_SPLINE_CURVE((1.,0.5,1.,0.5,1.,0.5,1.)) REPRESENTATION_ITEM(
  '') );
#707 = CARTESIAN_POINT('',(57.905001111224,12.536578635123));
#708 = CARTESIAN_POINT('',(78.689610802051,12.536578635123));
#709 = CARTESIAN_POINT('',(68.297305956637,-5.463421364877));
#710 = CARTESIAN_POINT('',(57.905001111224,-23.46342136487));
#711 = CARTESIAN_POINT('',(47.512696265811,-5.463421364877));
#712 = CARTESIAN_POINT('',(37.120391420398,12.536578635123));
#713 = CARTESIAN_POINT('',(57.905001111224,12.536578635123));
#714 = ( GEOMETRIC_REPRESENTATION_CONTEXT(2) 
PARAMETRIC_REPRESENTATION_CONTEXT() REPRESENTATION_CONTEXT('2D SPACE',''
  ) );
#715 = PCURVE('',#716,#721);
#716 = CYLINDRICAL_SURFACE('',#717,12.);
#717 = AXIS2_PLACEMENT_3D('',#718,#719,#720);
#718 = CARTESIAN_POINT('',(-110.5,33.,-111.41));
#719 = DIRECTION('',(-0.,0.,-1.));
#720 = DIRECTION('',(0.,1.,0.));
#721 = DEFINITIONAL_REPRESENTATION('',(#722),#726);
#722 = LINE('',#723,#724);
#723 = CARTESIAN_POINT('',(-0.,-216.));
#724 = VECTOR('',#725,1.);
#725 = DIRECTION('',(-1.,0.));
#726 = ( GEOMETRIC_REPRESENTATION_CONTEXT(2) 
PARAMETRIC_REPRESENTATION_CONTEXT() REPRESENTATION_CONTEXT('2D SPACE',''
  ) );
#727 = ORIENTED_EDGE('',*,*,#728,.T.);
#728 = EDGE_CURVE('',#696,#274,#729,.T.);
#729 = SURFACE_CURVE('',#730,(#734,#741),.PCURVE_S1.);
#730 = LINE('',#731,#732);
#731 = CARTESIAN_POINT('',(-122.5,33.,104.59));
#732 = VECTOR('',#733,1.);
#733 = DIRECTION('',(0.,-1.,0.));
#734 = PCURVE('',#72,#735);
#735 = DEFINITIONAL_REPRESENTATION('',(#736),#740);
#736 = LINE('',#737,#738);
#737 = CARTESIAN_POINT('',(69.905001111224,0.536578635123));
#738 = VECTOR('',#739,1.);
#739 = DIRECTION('',(0.,-1.));
#740 = ( GEOMETRIC_REPRESENTATION_CONTEXT(2) 
PARAMETRIC_REPRESENTATION_CONTEXT() REPRESENTATION_CONTEXT('2D SPACE',''
  ) );
#741 = PCURVE('',#742,#747);
#742 = PLANE('',#743);
#743 = AXIS2_PLACEMENT_3D('',#744,#745,#746);
#744 = CARTESIAN_POINT('',(-122.5,33.,-111.41));
#745 = DIRECTION('',(1.,0.,-0.));
#746 = DIRECTION('',(0.,-1.,0.));
#747 = DEFINITIONAL_REPRESENTATION('',(#748),#752);
#748 = LINE('',#749,#750);
#749 = CARTESIAN_POINT('',(0.,-216.));
#750 = VECTOR('',#751,1.);
#751 = DIRECTION('',(1.,0.));
#752 = ( GEOMETRIC_REPRESENTATION_CONTEXT(2) 
PARAMETRIC_REPRESENTATION_CONTEXT() REPRESENTATION_CONTEXT('2D SPACE',''
  ) );
#753 = ADVANCED_FACE('',(#754,#802,#860),#100,.T.);
#754 = FACE_BOUND('',#755,.T.);
#755 = EDGE_LOOP('',(#756,#757,#780,#801));
#756 = ORIENTED_EDGE('',*,*,#303,.T.);
#757 = ORIENTED_EDGE('',*,*,#758,.T.);
#758 = EDGE_CURVE('',#304,#759,#761,.T.);
#759 = VERTEX_POINT('',#760);
#760 = CARTESIAN_POINT('',(26.2,49.,73.2));
#761 = SURFACE_CURVE('',#762,(#766,#773),.PCURVE_S1.);
#762 = LINE('',#763,#764);
#763 = CARTESIAN_POINT('',(26.2,53.,104.59));
#764 = VECTOR('',#765,1.);
#765 = DIRECTION('',(0.,-0.126406941083,-0.991978470152));
#766 = PCURVE('',#100,#767);
#767 = DEFINITIONAL_REPRESENTATION('',(#768),#772);
#768 = LINE('',#769,#770);
#769 = CARTESIAN_POINT('',(0.,-151.9));
#770 = VECTOR('',#771,1.);
#771 = DIRECTION('',(1.,0.));
#772 = ( GEOMETRIC_REPRESENTATION_CONTEXT(2) 
PARAMETRIC_REPRESENTATION_CONTEXT() REPRESENTATION_CONTEXT('2D SPACE',''
  ) );
#773 = PCURVE('',#342,#774);
#774 = DEFINITIONAL_REPRESENTATION('',(#775),#779);
#775 = LINE('',#776,#777);
#776 = CARTESIAN_POINT('',(-4.,-216.));
#777 = VECTOR('',#778,1.);
#778 = DIRECTION('',(0.126406941083,0.991978470152));
#779 = ( GEOMETRIC_REPRESENTATION_CONTEXT(2) 
PARAMETRIC_REPRESENTATION_CONTEXT() REPRESENTATION_CONTEXT('2D SPACE',''
  ) );
#780 = ORIENTED_EDGE('',*,*,#781,.F.);
#781 = EDGE_CURVE('',#85,#759,#782,.T.);
#782 = SURFACE_CURVE('',#783,(#787,#794),.PCURVE_S1.);
#783 = LINE('',#784,#785);
#784 = CARTESIAN_POINT('',(-125.7,49.,73.2));
#785 = VECTOR('',#786,1.);
#786 = DIRECTION('',(1.,0.,0.));
#787 = PCURVE('',#100,#788);
#788 = DEFINITIONAL_REPRESENTATION('',(#789),#793);
#789 = LINE('',#790,#791);
#790 = CARTESIAN_POINT('',(31.643831942418,0.));
#791 = VECTOR('',#792,1.);
#792 = DIRECTION('',(0.,-1.));
#793 = ( GEOMETRIC_REPRESENTATION_CONTEXT(2) 
PARAMETRIC_REPRESENTATION_CONTEXT() REPRESENTATION_CONTEXT('2D SPACE',''
  ) );
#794 = PCURVE('',#128,#795);
#795 = DEFINITIONAL_REPRESENTATION('',(#796),#800);
#796 = LINE('',#797,#798);
#797 = CARTESIAN_POINT('',(0.,-184.61));
#798 = VECTOR('',#799,1.);
#799 = DIRECTION('',(1.,0.));
#800 = ( GEOMETRIC_REPRESENTATION_CONTEXT(2) 
PARAMETRIC_REPRESENTATION_CONTEXT() REPRESENTATION_CONTEXT('2D SPACE',''
  ) );
#801 = ORIENTED_EDGE('',*,*,#84,.F.);
#802 = FACE_BOUND('',#803,.T.);
#803 = EDGE_LOOP('',(#804));
#804 = ORIENTED_EDGE('',*,*,#805,.F.);
#805 = EDGE_CURVE('',#806,#806,#808,.T.);
#806 = VERTEX_POINT('',#807);
#807 = CARTESIAN_POINT('',(16.05,52.872570882447,103.59));
#808 = SURFACE_CURVE('',#809,(#814,#821),.PCURVE_S1.);
#809 = ELLIPSE('',#810,7.056604765751,7.);
#810 = AXIS2_PLACEMENT_3D('',#811,#812,#813);
#811 = CARTESIAN_POINT('',(16.05,51.980567059573,96.59));
#812 = DIRECTION('',(0.,0.991978470152,-0.126406941083));
#813 = DIRECTION('',(0.,0.126406941083,0.991978470152));
#814 = PCURVE('',#100,#815);
#815 = DEFINITIONAL_REPRESENTATION('',(#816),#820);
#816 = ELLIPSE('',#817,7.056604765751,7.);
#817 = AXIS2_PLACEMENT_2D('',#818,#819);
#818 = CARTESIAN_POINT('',(8.064691160858,-141.75));
#819 = DIRECTION('',(-1.,0.));
#820 = ( GEOMETRIC_REPRESENTATION_CONTEXT(2) 
PARAMETRIC_REPRESENTATION_CONTEXT() REPRESENTATION_CONTEXT('2D SPACE',''
  ) );
#821 = PCURVE('',#822,#827);
#822 = CYLINDRICAL_SURFACE('',#823,7.);
#823 = AXIS2_PLACEMENT_3D('',#824,#825,#826);
#824 = CARTESIAN_POINT('',(16.05,49.,96.59));
#825 = DIRECTION('',(0.,1.,0.));
#826 = DIRECTION('',(0.,-0.,1.));
#827 = DEFINITIONAL_REPRESENTATION('',(#828),#859);
#828 = B_SPLINE_CURVE_WITH_KNOTS('',8,(#829,#830,#831,#832,#833,#834,
    #835,#836,#837,#838,#839,#840,#841,#842,#843,#844,#845,#846,#847,
    #848,#849,#850,#851,#852,#853,#854,#855,#856,#857,#858),
  .UNSPECIFIED.,.F.,.F.,(9,7,7,7,9),(0.,1.570796326795,3.926990816987,
    5.105088062083,6.28318530718),.UNSPECIFIED.);
#829 = CARTESIAN_POINT('',(0.,3.872570882447));
#830 = CARTESIAN_POINT('',(0.196349540849,3.872570882447));
#831 = CARTESIAN_POINT('',(0.392699081699,3.833267852029));
#832 = CARTESIAN_POINT('',(0.589048622548,3.754666542483));
#833 = CARTESIAN_POINT('',(0.785398163397,3.639985047009));
#834 = CARTESIAN_POINT('',(0.981747704247,3.495713566866));
#835 = CARTESIAN_POINT('',(1.178097245096,3.330855532096));
#836 = CARTESIAN_POINT('',(1.374446785946,3.15571160063));
#837 = CARTESIAN_POINT('',(1.865320638069,2.717850247987));
#838 = CARTESIAN_POINT('',(2.15984494934,2.45513248439));
#839 = CARTESIAN_POINT('',(2.45436926062,2.227149261087));
#840 = CARTESIAN_POINT('',(2.748893571881,2.068585633624));
#841 = CARTESIAN_POINT('',(3.043417883167,2.004659335298));
#842 = CARTESIAN_POINT('',(3.337942194436,2.040817726547));
#843 = CARTESIAN_POINT('',(3.632466505713,2.164056268571));
#844 = CARTESIAN_POINT('',(4.074252972624,2.442709527077));
#845 = CARTESIAN_POINT('',(4.221515128261,2.551226380006));
#846 = CARTESIAN_POINT('',(4.3687772839,2.672306089485));
#847 = CARTESIAN_POINT('',(4.516039439537,2.802156546068));
#848 = CARTESIAN_POINT('',(4.663301595173,2.936473859345));
#849 = CARTESIAN_POINT('',(4.81056375081,3.070743273133));
#850 = CARTESIAN_POINT('',(4.957825906446,3.200562801658));
#851 = CARTESIAN_POINT('',(5.25235021772,3.443281486728));
#852 = CARTESIAN_POINT('',(5.399612373358,3.556180554446));
#853 = CARTESIAN_POINT('',(5.546874528995,3.656609463443));
#854 = CARTESIAN_POINT('',(5.694136684632,3.740947784574));
#855 = CARTESIAN_POINT('',(5.841398840269,3.806248484737));
#856 = CARTESIAN_POINT('',(5.988660995905,3.850463235007));
#857 = CARTESIAN_POINT('',(6.135923151543,3.872570882447));
#858 = CARTESIAN_POINT('',(6.28318530718,3.872570882447));
#859 = ( GEOMETRIC_REPRESENTATION_CONTEXT(2) 
PARAMETRIC_REPRESENTATION_CONTEXT() REPRESENTATION_CONTEXT('2D SPACE',''
  ) );
#860 = FACE_BOUND('',#861,.T.);
#861 = EDGE_LOOP('',(#862));
#862 = ORIENTED_EDGE('',*,*,#863,.F.);
#863 = EDGE_CURVE('',#864,#864,#866,.T.);
#864 = VERTEX_POINT('',#865);
#865 = CARTESIAN_POINT('',(-89.95,52.872570882447,103.59));
#866 = SURFACE_CURVE('',#867,(#872,#879),.PCURVE_S1.);
#867 = ELLIPSE('',#868,7.056604765751,7.);
#868 = AXIS2_PLACEMENT_3D('',#869,#870,#871);
#869 = CARTESIAN_POINT('',(-89.95,51.980567059573,96.59));
#870 = DIRECTION('',(0.,0.991978470152,-0.126406941083));
#871 = DIRECTION('',(0.,0.126406941083,0.991978470152));
#872 = PCURVE('',#100,#873);
#873 = DEFINITIONAL_REPRESENTATION('',(#874),#878);
#874 = ELLIPSE('',#875,7.056604765751,7.);
#875 = AXIS2_PLACEMENT_2D('',#876,#877);
#876 = CARTESIAN_POINT('',(8.064691160858,-35.75));
#877 = DIRECTION('',(-1.,0.));
#878 = ( GEOMETRIC_REPRESENTATION_CONTEXT(2) 
PARAMETRIC_REPRESENTATION_CONTEXT() REPRESENTATION_CONTEXT('2D SPACE',''
  ) );
#879 = PCURVE('',#880,#885);
#880 = CYLINDRICAL_SURFACE('',#881,7.);
#881 = AXIS2_PLACEMENT_3D('',#882,#883,#884);
#882 = CARTESIAN_POINT('',(-89.95,49.,96.59));
#883 = DIRECTION('',(0.,1.,0.));
#884 = DIRECTION('',(0.,-0.,1.));
#885 = DEFINITIONAL_REPRESENTATION('',(#886),#917);
#886 = B_SPLINE_CURVE_WITH_KNOTS('',8,(#887,#888,#889,#890,#891,#892,
    #893,#894,#895,#896,#897,#898,#899,#900,#901,#902,#903,#904,#905,
    #906,#907,#908,#909,#910,#911,#912,#913,#914,#915,#916),
  .UNSPECIFIED.,.F.,.F.,(9,7,7,7,9),(0.,1.570796326795,3.926990816987,
    5.105088062083,6.28318530718),.UNSPECIFIED.);
#887 = CARTESIAN_POINT('',(0.,3.872570882447));
#888 = CARTESIAN_POINT('',(0.196349540849,3.872570882447));
#889 = CARTESIAN_POINT('',(0.392699081699,3.833267852029));
#890 = CARTESIAN_POINT('',(0.589048622548,3.754666542483));
#891 = CARTESIAN_POINT('',(0.785398163397,3.639985047009));
#892 = CARTESIAN_POINT('',(0.981747704247,3.495713566866));
#893 = CARTESIAN_POINT('',(1.178097245096,3.330855532096));
#894 = CARTESIAN_POINT('',(1.374446785946,3.15571160063));
#895 = CARTESIAN_POINT('',(1.865320638069,2.717850247987));
#896 = CARTESIAN_POINT('',(2.159844949339,2.45513248439));
#897 = CARTESIAN_POINT('',(2.454369260628,2.227149261087));
#898 = CARTESIAN_POINT('',(2.748893571867,2.068585633624));
#899 = CARTESIAN_POINT('',(3.043417883175,2.004659335298));
#900 = CARTESIAN_POINT('',(3.337942194434,2.040817726547));
#901 = CARTESIAN_POINT('',(3.632466505713,2.164056268571));
#902 = CARTESIAN_POINT('',(4.074252972624,2.442709527077));
#903 = CARTESIAN_POINT('',(4.221515128261,2.551226380006));
#904 = CARTESIAN_POINT('',(4.3687772839,2.672306089485));
#905 = CARTESIAN_POINT('',(4.516039439537,2.802156546068));
#906 = CARTESIAN_POINT('',(4.663301595173,2.936473859345));
#907 = CARTESIAN_POINT('',(4.81056375081,3.070743273133));
#908 = CARTESIAN_POINT('',(4.957825906446,3.200562801658));
#909 = CARTESIAN_POINT('',(5.25235021772,3.443281486728));
#910 = CARTESIAN_POINT('',(5.399612373358,3.556180554446));
#911 = CARTESIAN_POINT('',(5.546874528995,3.656609463443));
#912 = CARTESIAN_POINT('',(5.694136684632,3.740947784574));
#913 = CARTESIAN_POINT('',(5.841398840269,3.806248484737));
#914 = CARTESIAN_POINT('',(5.988660995905,3.850463235007));
#915 = CARTESIAN_POINT('',(6.135923151543,3.872570882447));
#916 = CARTESIAN_POINT('',(6.28318530718,3.872570882447));
#917 = ( GEOMETRIC_REPRESENTATION_CONTEXT(2) 
PARAMETRIC_REPRESENTATION_CONTEXT() REPRESENTATION_CONTEXT('2D SPACE',''
  ) );
#918 = ADVANCED_FACE('',(#919,#967,#998,#1029,#1060,#1095),#128,.T.);
#919 = FACE_BOUND('',#920,.T.);
#920 = EDGE_LOOP('',(#921,#944,#945,#946));
#921 = ORIENTED_EDGE('',*,*,#922,.F.);
#922 = EDGE_CURVE('',#113,#923,#925,.T.);
#923 = VERTEX_POINT('',#924);
#924 = CARTESIAN_POINT('',(26.2,49.,-79.9));
#925 = SURFACE_CURVE('',#926,(#930,#937),.PCURVE_S1.);
#926 = LINE('',#927,#928);
#927 = CARTESIAN_POINT('',(-125.7,49.,-79.9));
#928 = VECTOR('',#929,1.);
#929 = DIRECTION('',(1.,0.,0.));
#930 = PCURVE('',#128,#931);
#931 = DEFINITIONAL_REPRESENTATION('',(#932),#936);
#932 = LINE('',#933,#934);
#933 = CARTESIAN_POINT('',(0.,-31.51));
#934 = VECTOR('',#935,1.);
#935 = DIRECTION('',(1.,0.));
#936 = ( GEOMETRIC_REPRESENTATION_CONTEXT(2) 
PARAMETRIC_REPRESENTATION_CONTEXT() REPRESENTATION_CONTEXT('2D SPACE',''
  ) );
#937 = PCURVE('',#156,#938);
#938 = DEFINITIONAL_REPRESENTATION('',(#939),#943);
#939 = LINE('',#940,#941);
#940 = CARTESIAN_POINT('',(31.762872980888,0.));
#941 = VECTOR('',#942,1.);
#942 = DIRECTION('',(0.,-1.));
#943 = ( GEOMETRIC_REPRESENTATION_CONTEXT(2) 
PARAMETRIC_REPRESENTATION_CONTEXT() REPRESENTATION_CONTEXT('2D SPACE',''
  ) );
#944 = ORIENTED_EDGE('',*,*,#112,.T.);
#945 = ORIENTED_EDGE('',*,*,#781,.T.);
#946 = ORIENTED_EDGE('',*,*,#947,.F.);
#947 = EDGE_CURVE('',#923,#759,#948,.T.);
#948 = SURFACE_CURVE('',#949,(#953,#960),.PCURVE_S1.);
#949 = LINE('',#950,#951);
#950 = CARTESIAN_POINT('',(26.2,49.,-111.41));
#951 = VECTOR('',#952,1.);
#952 = DIRECTION('',(0.,0.,1.));
#953 = PCURVE('',#128,#954);
#954 = DEFINITIONAL_REPRESENTATION('',(#955),#959);
#955 = LINE('',#956,#957);
#956 = CARTESIAN_POINT('',(151.9,0.));
#957 = VECTOR('',#958,1.);
#958 = DIRECTION('',(0.,-1.));
#959 = ( GEOMETRIC_REPRESENTATION_CONTEXT(2) 
PARAMETRIC_REPRESENTATION_CONTEXT() REPRESENTATION_CONTEXT('2D SPACE',''
  ) );
#960 = PCURVE('',#342,#961);
#961 = DEFINITIONAL_REPRESENTATION('',(#962),#966);
#962 = LINE('',#963,#964);
#963 = CARTESIAN_POINT('',(0.,0.));
#964 = VECTOR('',#965,1.);
#965 = DIRECTION('',(0.,-1.));
#966 = ( GEOMETRIC_REPRESENTATION_CONTEXT(2) 
PARAMETRIC_REPRESENTATION_CONTEXT() REPRESENTATION_CONTEXT('2D SPACE',''
  ) );
#967 = FACE_BOUND('',#968,.T.);
#968 = EDGE_LOOP('',(#969));
#969 = ORIENTED_EDGE('',*,*,#970,.F.);
#970 = EDGE_CURVE('',#971,#971,#973,.T.);
#971 = VERTEX_POINT('',#972);
#972 = CARTESIAN_POINT('',(-78.25,49.,40.25));
#973 = SURFACE_CURVE('',#974,(#979,#986),.PCURVE_S1.);
#974 = CIRCLE('',#975,2.35);
#975 = AXIS2_PLACEMENT_3D('',#976,#977,#978);
#976 = CARTESIAN_POINT('',(-78.25,49.,37.9));
#977 = DIRECTION('',(0.,1.,0.));
#978 = DIRECTION('',(0.,-0.,1.));
#979 = PCURVE('',#128,#980);
#980 = DEFINITIONAL_REPRESENTATION('',(#981),#985);
#981 = CIRCLE('',#982,2.35);
#982 = AXIS2_PLACEMENT_2D('',#983,#984);
#983 = CARTESIAN_POINT('',(47.45,-149.31));
#984 = DIRECTION('',(0.,-1.));
#985 = ( GEOMETRIC_REPRESENTATION_CONTEXT(2) 
PARAMETRIC_REPRESENTATION_CONTEXT() REPRESENTATION_CONTEXT('2D SPACE',''
  ) );
#986 = PCURVE('',#987,#992);
#987 = CYLINDRICAL_SURFACE('',#988,2.35);
#988 = AXIS2_PLACEMENT_3D('',#989,#990,#991);
#989 = CARTESIAN_POINT('',(-78.25,45.,37.9));
#990 = DIRECTION('',(0.,1.,0.));
#991 = DIRECTION('',(0.,-0.,1.));
#992 = DEFINITIONAL_REPRESENTATION('',(#993),#997);
#993 = LINE('',#994,#995);
#994 = CARTESIAN_POINT('',(0.,4.));
#995 = VECTOR('',#996,1.);
#996 = DIRECTION('',(1.,0.));
#997 = ( GEOMETRIC_REPRESENTATION_CONTEXT(2) 
PARAMETRIC_REPRESENTATION_CONTEXT() REPRESENTATION_CONTEXT('2D SPACE',''
  ) );
#998 = FACE_BOUND('',#999,.T.);
#999 = EDGE_LOOP('',(#1000));
#1000 = ORIENTED_EDGE('',*,*,#1001,.F.);
#1001 = EDGE_CURVE('',#1002,#1002,#1004,.T.);
#1002 = VERTEX_POINT('',#1003);
#1003 = CARTESIAN_POINT('',(4.25,49.,40.25));
#1004 = SURFACE_CURVE('',#1005,(#1010,#1017),.PCURVE_S1.);
#1005 = CIRCLE('',#1006,2.35);
#1006 = AXIS2_PLACEMENT_3D('',#1007,#1008,#1009);
#1007 = CARTESIAN_POINT('',(4.25,49.,37.9));
#1008 = DIRECTION('',(0.,1.,0.));
#1009 = DIRECTION('',(0.,-0.,1.));
#1010 = PCURVE('',#128,#1011);
#1011 = DEFINITIONAL_REPRESENTATION('',(#1012),#1016);
#1012 = CIRCLE('',#1013,2.35);
#1013 = AXIS2_PLACEMENT_2D('',#1014,#1015);
#1014 = CARTESIAN_POINT('',(129.95,-149.31));
#1015 = DIRECTION('',(0.,-1.));
#1016 = ( GEOMETRIC_REPRESENTATION_CONTEXT(2) 
PARAMETRIC_REPRESENTATION_CONTEXT() REPRESENTATION_CONTEXT('2D SPACE',''
  ) );
#1017 = PCURVE('',#1018,#1023);
#1018 = CYLINDRICAL_SURFACE('',#1019,2.35);
#1019 = AXIS2_PLACEMENT_3D('',#1020,#1021,#1022);
#1020 = CARTESIAN_POINT('',(4.25,45.,37.9));
#1021 = DIRECTION('',(0.,1.,0.));
#1022 = DIRECTION('',(0.,-0.,1.));
#1023 = DEFINITIONAL_REPRESENTATION('',(#1024),#1028);
#1024 = LINE('',#1025,#1026);
#1025 = CARTESIAN_POINT('',(0.,4.));
#1026 = VECTOR('',#1027,1.);
#1027 = DIRECTION('',(1.,0.));
#1028 = ( GEOMETRIC_REPRESENTATION_CONTEXT(2) 
PARAMETRIC_REPRESENTATION_CONTEXT() REPRESENTATION_CONTEXT('2D SPACE',''
  ) );
#1029 = FACE_BOUND('',#1030,.T.);
#1030 = EDGE_LOOP('',(#1031));
#1031 = ORIENTED_EDGE('',*,*,#1032,.F.);
#1032 = EDGE_CURVE('',#1033,#1033,#1035,.T.);
#1033 = VERTEX_POINT('',#1034);
#1034 = CARTESIAN_POINT('',(-78.25,49.,-42.25));
#1035 = SURFACE_CURVE('',#1036,(#1041,#1048),.PCURVE_S1.);
#1036 = CIRCLE('',#1037,2.35);
#1037 = AXIS2_PLACEMENT_3D('',#1038,#1039,#1040);
#1038 = CARTESIAN_POINT('',(-78.25,49.,-44.6));
#1039 = DIRECTION('',(0.,1.,0.));
#1040 = DIRECTION('',(0.,-0.,1.));
#1041 = PCURVE('',#128,#1042);
#1042 = DEFINITIONAL_REPRESENTATION('',(#1043),#1047);
#1043 = CIRCLE('',#1044,2.35);
#1044 = AXIS2_PLACEMENT_2D('',#1045,#1046);
#1045 = CARTESIAN_POINT('',(47.45,-66.81));
#1046 = DIRECTION('',(0.,-1.));
#1047 = ( GEOMETRIC_REPRESENTATION_CONTEXT(2) 
PARAMETRIC_REPRESENTATION_CONTEXT() REPRESENTATION_CONTEXT('2D SPACE',''
  ) );
#1048 = PCURVE('',#1049,#1054);
#1049 = CYLINDRICAL_SURFACE('',#1050,2.35);
#1050 = AXIS2_PLACEMENT_3D('',#1051,#1052,#1053);
#1051 = CARTESIAN_POINT('',(-78.25,45.,-44.6));
#1052 = DIRECTION('',(0.,1.,0.));
#1053 = DIRECTION('',(0.,-0.,1.));
#1054 = DEFINITIONAL_REPRESENTATION('',(#1055),#1059);
#1055 = LINE('',#1056,#1057);
#1056 = CARTESIAN_POINT('',(0.,4.));
#1057 = VECTOR('',#1058,1.);
#1058 = DIRECTION('',(1.,0.));
#1059 = ( GEOMETRIC_REPRESENTATION_CONTEXT(2) 
PARAMETRIC_REPRESENTATION_CONTEXT() REPRESENTATION_CONTEXT('2D SPACE',''
  ) );
#1060 = FACE_BOUND('',#1061,.T.);
#1061 = EDGE_LOOP('',(#1062));
#1062 = ORIENTED_EDGE('',*,*,#1063,.T.);
#1063 = EDGE_CURVE('',#1064,#1064,#1066,.T.);
#1064 = VERTEX_POINT('',#1065);
#1065 = CARTESIAN_POINT('',(-37.,49.,-47.49285714285));
#1066 = SURFACE_CURVE('',#1067,(#1072,#1083),.PCURVE_S1.);
#1067 = CIRCLE('',#1068,44.142857142857);
#1068 = AXIS2_PLACEMENT_3D('',#1069,#1070,#1071);
#1069 = CARTESIAN_POINT('',(-37.,49.,-3.35));
#1070 = DIRECTION('',(0.,-1.,0.));
#1071 = DIRECTION('',(0.,-0.,-1.));
#1072 = PCURVE('',#128,#1073);
#1073 = DEFINITIONAL_REPRESENTATION('',(#1074),#1082);
#1074 = ( BOUNDED_CURVE() B_SPLINE_CURVE(2,(#1075,#1076,#1077,#1078,
#1079,#1080,#1081),.UNSPECIFIED.,.T.,.F.) B_SPLINE_CURVE_WITH_KNOTS((1,2
    ,2,2,2,1),(-2.094395102393,0.,2.094395102393,4.188790204786,
6.28318530718,8.377580409573),.UNSPECIFIED.) CURVE() 
GEOMETRIC_REPRESENTATION_ITEM() RATIONAL_B_SPLINE_CURVE((1.,0.5,1.,0.5,
1.,0.5,1.)) REPRESENTATION_ITEM('') );
#1075 = CARTESIAN_POINT('',(88.7,-63.91714285714));
#1076 = CARTESIAN_POINT('',(165.15767136268,-63.91714285714));
#1077 = CARTESIAN_POINT('',(126.92883568134,-130.1314285714));
#1078 = CARTESIAN_POINT('',(88.7,-196.3457142857));
#1079 = CARTESIAN_POINT('',(50.471164318658,-130.1314285714));
#1080 = CARTESIAN_POINT('',(12.242328637317,-63.91714285714));
#1081 = CARTESIAN_POINT('',(88.7,-63.91714285714));
#1082 = ( GEOMETRIC_REPRESENTATION_CONTEXT(2) 
PARAMETRIC_REPRESENTATION_CONTEXT() REPRESENTATION_CONTEXT('2D SPACE',''
  ) );
#1083 = PCURVE('',#1084,#1089);
#1084 = CONICAL_SURFACE('',#1085,44.,0.960070362406);
#1085 = AXIS2_PLACEMENT_3D('',#1086,#1087,#1088);
#1086 = CARTESIAN_POINT('',(-37.,49.1,-3.35));
#1087 = DIRECTION('',(0.,-1.,0.));
#1088 = DIRECTION('',(0.,-0.,-1.));
#1089 = DEFINITIONAL_REPRESENTATION('',(#1090),#1094);
#1090 = LINE('',#1091,#1092);
#1091 = CARTESIAN_POINT('',(0.,0.1));
#1092 = VECTOR('',#1093,1.);
#1093 = DIRECTION('',(1.,0.));
#1094 = ( GEOMETRIC_REPRESENTATION_CONTEXT(2) 
PARAMETRIC_REPRESENTATION_CONTEXT() REPRESENTATION_CONTEXT('2D SPACE',''
  ) );
#1095 = FACE_BOUND('',#1096,.T.);
#1096 = EDGE_LOOP('',(#1097));
#1097 = ORIENTED_EDGE('',*,*,#1098,.F.);
#1098 = EDGE_CURVE('',#1099,#1099,#1101,.T.);
#1099 = VERTEX_POINT('',#1100);
#1100 = CARTESIAN_POINT('',(4.25,49.,-42.25));
#1101 = SURFACE_CURVE('',#1102,(#1107,#1114),.PCURVE_S1.);
#1102 = CIRCLE('',#1103,2.35);
#1103 = AXIS2_PLACEMENT_3D('',#1104,#1105,#1106);
#1104 = CARTESIAN_POINT('',(4.25,49.,-44.6));
#1105 = DIRECTION('',(0.,1.,0.));
#1106 = DIRECTION('',(0.,-0.,1.));
#1107 = PCURVE('',#128,#1108);
#1108 = DEFINITIONAL_REPRESENTATION('',(#1109),#1113);
#1109 = CIRCLE('',#1110,2.35);
#1110 = AXIS2_PLACEMENT_2D('',#1111,#1112);
#1111 = CARTESIAN_POINT('',(129.95,-66.81));
#1112 = DIRECTION('',(0.,-1.));
#1113 = ( GEOMETRIC_REPRESENTATION_CONTEXT(2) 
PARAMETRIC_REPRESENTATION_CONTEXT() REPRESENTATION_CONTEXT('2D SPACE',''
  ) );
#1114 = PCURVE('',#1115,#1120);
#1115 = CYLINDRICAL_SURFACE('',#1116,2.35);
#1116 = AXIS2_PLACEMENT_3D('',#1117,#1118,#1119);
#1117 = CARTESIAN_POINT('',(4.25,45.,-44.6));
#1118 = DIRECTION('',(0.,1.,0.));
#1119 = DIRECTION('',(0.,-0.,1.));
#1120 = DEFINITIONAL_REPRESENTATION('',(#1121),#1125);
#1121 = LINE('',#1122,#1123);
#1122 = CARTESIAN_POINT('',(0.,4.));
#1123 = VECTOR('',#1124,1.);
#1124 = DIRECTION('',(1.,0.));
#1125 = ( GEOMETRIC_REPRESENTATION_CONTEXT(2) 
PARAMETRIC_REPRESENTATION_CONTEXT() REPRESENTATION_CONTEXT('2D SPACE',''
  ) );
#1126 = ADVANCED_FACE('',(#1127,#1175,#1233),#156,.F.);
#1127 = FACE_BOUND('',#1128,.F.);
#1128 = EDGE_LOOP('',(#1129,#1152,#1173,#1174));
#1129 = ORIENTED_EDGE('',*,*,#1130,.T.);
#1130 = EDGE_CURVE('',#141,#1131,#1133,.T.);
#1131 = VERTEX_POINT('',#1132);
#1132 = CARTESIAN_POINT('',(26.2,53.,-111.41));
#1133 = SURFACE_CURVE('',#1134,(#1138,#1145),.PCURVE_S1.);
#1134 = LINE('',#1135,#1136);
#1135 = CARTESIAN_POINT('',(-125.7,53.,-111.41));
#1136 = VECTOR('',#1137,1.);
#1137 = DIRECTION('',(1.,0.,0.));
#1138 = PCURVE('',#156,#1139);
#1139 = DEFINITIONAL_REPRESENTATION('',(#1140),#1144);
#1140 = LINE('',#1141,#1142);
#1141 = CARTESIAN_POINT('',(0.,0.));
#1142 = VECTOR('',#1143,1.);
#1143 = DIRECTION('',(0.,-1.));
#1144 = ( GEOMETRIC_REPRESENTATION_CONTEXT(2) 
PARAMETRIC_REPRESENTATION_CONTEXT() REPRESENTATION_CONTEXT('2D SPACE',''
  ) );
#1145 = PCURVE('',#182,#1146);
#1146 = DEFINITIONAL_REPRESENTATION('',(#1147),#1151);
#1147 = LINE('',#1148,#1149);
#1148 = CARTESIAN_POINT('',(73.105001111224,20.536578635123));
#1149 = VECTOR('',#1150,1.);
#1150 = DIRECTION('',(-1.,0.));
#1151 = ( GEOMETRIC_REPRESENTATION_CONTEXT(2) 
PARAMETRIC_REPRESENTATION_CONTEXT() REPRESENTATION_CONTEXT('2D SPACE',''
  ) );
#1152 = ORIENTED_EDGE('',*,*,#1153,.T.);
#1153 = EDGE_CURVE('',#1131,#923,#1154,.T.);
#1154 = SURFACE_CURVE('',#1155,(#1159,#1166),.PCURVE_S1.);
#1155 = LINE('',#1156,#1157);
#1156 = CARTESIAN_POINT('',(26.2,53.,-111.41));
#1157 = VECTOR('',#1158,1.);
#1158 = DIRECTION('',(0.,-0.12593319258,0.99203872455));
#1159 = PCURVE('',#156,#1160);
#1160 = DEFINITIONAL_REPRESENTATION('',(#1161),#1165);
#1161 = LINE('',#1162,#1163);
#1162 = CARTESIAN_POINT('',(0.,-151.9));
#1163 = VECTOR('',#1164,1.);
#1164 = DIRECTION('',(1.,0.));
#1165 = ( GEOMETRIC_REPRESENTATION_CONTEXT(2) 
PARAMETRIC_REPRESENTATION_CONTEXT() REPRESENTATION_CONTEXT('2D SPACE',''
  ) );
#1166 = PCURVE('',#342,#1167);
#1167 = DEFINITIONAL_REPRESENTATION('',(#1168),#1172);
#1168 = LINE('',#1169,#1170);
#1169 = CARTESIAN_POINT('',(-4.,0.));
#1170 = VECTOR('',#1171,1.);
#1171 = DIRECTION('',(0.12593319258,-0.99203872455));
#1172 = ( GEOMETRIC_REPRESENTATION_CONTEXT(2) 
PARAMETRIC_REPRESENTATION_CONTEXT() REPRESENTATION_CONTEXT('2D SPACE',''
  ) );
#1173 = ORIENTED_EDGE('',*,*,#922,.F.);
#1174 = ORIENTED_EDGE('',*,*,#140,.F.);
#1175 = FACE_BOUND('',#1176,.F.);
#1176 = EDGE_LOOP('',(#1177));
#1177 = ORIENTED_EDGE('',*,*,#1178,.F.);
#1178 = EDGE_CURVE('',#1179,#1179,#1181,.T.);
#1179 = VERTEX_POINT('',#1180);
#1180 = CARTESIAN_POINT('',(16.05,51.095842589654,-96.41));
#1181 = SURFACE_CURVE('',#1182,(#1187,#1194),.PCURVE_S1.);
#1182 = ELLIPSE('',#1183,7.056176162051,7.);
#1183 = AXIS2_PLACEMENT_3D('',#1184,#1185,#1186);
#1184 = CARTESIAN_POINT('',(16.05,51.984449381149,-103.41));
#1185 = DIRECTION('',(0.,-0.99203872455,-0.12593319258));
#1186 = DIRECTION('',(0.,0.12593319258,-0.99203872455));
#1187 = PCURVE('',#156,#1188);
#1188 = DEFINITIONAL_REPRESENTATION('',(#1189),#1193);
#1189 = ELLIPSE('',#1190,7.056176162051,7.);
#1190 = AXIS2_PLACEMENT_2D('',#1191,#1192);
#1191 = CARTESIAN_POINT('',(8.064201328058,-141.75));
#1192 = DIRECTION('',(-1.,-0.));
#1193 = ( GEOMETRIC_REPRESENTATION_CONTEXT(2) 
PARAMETRIC_REPRESENTATION_CONTEXT() REPRESENTATION_CONTEXT('2D SPACE',''
  ) );
#1194 = PCURVE('',#1195,#1200);
#1195 = CYLINDRICAL_SURFACE('',#1196,7.);
#1196 = AXIS2_PLACEMENT_3D('',#1197,#1198,#1199);
#1197 = CARTESIAN_POINT('',(16.05,49.,-103.41));
#1198 = DIRECTION('',(0.,1.,0.));
#1199 = DIRECTION('',(0.,-0.,1.));
#1200 = DEFINITIONAL_REPRESENTATION('',(#1201),#1232);
#1201 = B_SPLINE_CURVE_WITH_KNOTS('',8,(#1202,#1203,#1204,#1205,#1206,
    #1207,#1208,#1209,#1210,#1211,#1212,#1213,#1214,#1215,#1216,#1217,
    #1218,#1219,#1220,#1221,#1222,#1223,#1224,#1225,#1226,#1227,#1228,
    #1229,#1230,#1231),.UNSPECIFIED.,.F.,.F.,(9,7,7,7,9),(3.14159265359,
    4.712388980385,7.068583470577,8.246680715673,9.424777960769),
  .UNSPECIFIED.);
#1202 = CARTESIAN_POINT('',(6.28318530718,2.095842589654));
#1203 = CARTESIAN_POINT('',(6.08683576633,2.095842589654));
#1204 = CARTESIAN_POINT('',(5.890486225481,2.134995941758));
#1205 = CARTESIAN_POINT('',(5.694136684632,2.213297912773));
#1206 = CARTESIAN_POINT('',(5.497787143782,2.327542665009));
#1207 = CARTESIAN_POINT('',(5.301437602933,2.471264713935));
#1208 = CARTESIAN_POINT('',(5.105088062083,2.635494917408));
#1209 = CARTESIAN_POINT('',(4.908738521234,2.809971845643));
#1210 = CARTESIAN_POINT('',(4.417864669111,3.246165684407));
#1211 = CARTESIAN_POINT('',(4.123340357839,3.50788293605));
#1212 = CARTESIAN_POINT('',(3.828816046552,3.734997927466));
#1213 = CARTESIAN_POINT('',(3.534291735298,3.892957694679));
#1214 = CARTESIAN_POINT('',(3.23976742401,3.956640541577));
#1215 = CARTESIAN_POINT('',(2.945243112744,3.920619852861));
#1216 = CARTESIAN_POINT('',(2.650718801466,3.797850642004));
#1217 = CARTESIAN_POINT('',(2.208932334555,3.520258582833));
#1218 = CARTESIAN_POINT('',(2.061670178919,3.412154996242));
#1219 = CARTESIAN_POINT('',(1.91440802328,3.291536396416));
#1220 = CARTESIAN_POINT('',(1.767145867643,3.162180451252));
#1221 = CARTESIAN_POINT('',(1.619883712007,3.028374660589));
#1222 = CARTESIAN_POINT('',(1.472621556369,2.894616587));
#1223 = CARTESIAN_POINT('',(1.325359400733,2.765291452109));
#1224 = CARTESIAN_POINT('',(1.030835089459,2.523497116204));
#1225 = CARTESIAN_POINT('',(0.883572933822,2.41102800368));
#1226 = CARTESIAN_POINT('',(0.736310778186,2.310981559585));
#1227 = CARTESIAN_POINT('',(0.589048622548,2.226964425333));
#1228 = CARTESIAN_POINT('',(0.44178646691,2.161912410794));
#1229 = CARTESIAN_POINT('',(0.294524311275,2.117866044212));
#1230 = CARTESIAN_POINT('',(0.147262155637,2.095842589654));
#1231 = CARTESIAN_POINT('',(8.881784197001E-16,2.095842589654));
#1232 = ( GEOMETRIC_REPRESENTATION_CONTEXT(2) 
PARAMETRIC_REPRESENTATION_CONTEXT() REPRESENTATION_CONTEXT('2D SPACE',''
  ) );
#1233 = FACE_BOUND('',#1234,.F.);
#1234 = EDGE_LOOP('',(#1235));
#1235 = ORIENTED_EDGE('',*,*,#1236,.F.);
#1236 = EDGE_CURVE('',#1237,#1237,#1239,.T.);
#1237 = VERTEX_POINT('',#1238);
#1238 = CARTESIAN_POINT('',(-89.95,51.095842589654,-96.41));
#1239 = SURFACE_CURVE('',#1240,(#1245,#1252),.PCURVE_S1.);
#1240 = ELLIPSE('',#1241,7.056176162051,7.);
#1241 = AXIS2_PLACEMENT_3D('',#1242,#1243,#1244);
#1242 = CARTESIAN_POINT('',(-89.95,51.984449381149,-103.41));
#1243 = DIRECTION('',(0.,-0.99203872455,-0.12593319258));
#1244 = DIRECTION('',(0.,0.12593319258,-0.99203872455));
#1245 = PCURVE('',#156,#1246);
#1246 = DEFINITIONAL_REPRESENTATION('',(#1247),#1251);
#1247 = ELLIPSE('',#1248,7.056176162051,7.);
#1248 = AXIS2_PLACEMENT_2D('',#1249,#1250);
#1249 = CARTESIAN_POINT('',(8.064201328058,-35.75));
#1250 = DIRECTION('',(-1.,-0.));
#1251 = ( GEOMETRIC_REPRESENTATION_CONTEXT(2) 
PARAMETRIC_REPRESENTATION_CONTEXT() REPRESENTATION_CONTEXT('2D SPACE',''
  ) );
#1252 = PCURVE('',#1253,#1258);
#1253 = CYLINDRICAL_SURFACE('',#1254,7.);
#1254 = AXIS2_PLACEMENT_3D('',#1255,#1256,#1257);
#1255 = CARTESIAN_POINT('',(-89.95,49.,-103.41));
#1256 = DIRECTION('',(0.,1.,0.));
#1257 = DIRECTION('',(0.,-0.,1.));
#1258 = DEFINITIONAL_REPRESENTATION('',(#1259),#1290);
#1259 = B_SPLINE_CURVE_WITH_KNOTS('',8,(#1260,#1261,#1262,#1263,#1264,
    #1265,#1266,#1267,#1268,#1269,#1270,#1271,#1272,#1273,#1274,#1275,
    #1276,#1277,#1278,#1279,#1280,#1281,#1282,#1283,#1284,#1285,#1286,
    #1287,#1288,#1289),.UNSPECIFIED.,.F.,.F.,(9,7,7,7,9),(3.14159265359,
    4.712388980385,7.068583470577,8.246680715673,9.424777960769),
  .UNSPECIFIED.);
#1260 = CARTESIAN_POINT('',(6.28318530718,2.095842589654));
#1261 = CARTESIAN_POINT('',(6.08683576633,2.095842589654));
#1262 = CARTESIAN_POINT('',(5.890486225481,2.134995941758));
#1263 = CARTESIAN_POINT('',(5.694136684632,2.213297912773));
#1264 = CARTESIAN_POINT('',(5.497787143782,2.327542665009));
#1265 = CARTESIAN_POINT('',(5.301437602933,2.471264713935));
#1266 = CARTESIAN_POINT('',(5.105088062084,2.635494917408));
#1267 = CARTESIAN_POINT('',(4.908738521234,2.809971845643));
#1268 = CARTESIAN_POINT('',(4.417864669111,3.246165684407));
#1269 = CARTESIAN_POINT('',(4.123340357839,3.50788293605));
#1270 = CARTESIAN_POINT('',(3.828816046552,3.734997927466));
#1271 = CARTESIAN_POINT('',(3.534291735298,3.892957694679));
#1272 = CARTESIAN_POINT('',(3.239767424012,3.956640541577));
#1273 = CARTESIAN_POINT('',(2.945243112744,3.920619852861));
#1274 = CARTESIAN_POINT('',(2.650718801466,3.797850642004));
#1275 = CARTESIAN_POINT('',(2.208932334555,3.520258582833));
#1276 = CARTESIAN_POINT('',(2.061670178919,3.412154996242));
#1277 = CARTESIAN_POINT('',(1.91440802328,3.291536396416));
#1278 = CARTESIAN_POINT('',(1.767145867643,3.162180451252));
#1279 = CARTESIAN_POINT('',(1.619883712007,3.028374660589));
#1280 = CARTESIAN_POINT('',(1.472621556369,2.894616587));
#1281 = CARTESIAN_POINT('',(1.325359400733,2.765291452109));
#1282 = CARTESIAN_POINT('',(1.030835089459,2.523497116204));
#1283 = CARTESIAN_POINT('',(0.883572933822,2.41102800368));
#1284 = CARTESIAN_POINT('',(0.736310778185,2.310981559585));
#1285 = CARTESIAN_POINT('',(0.589048622548,2.226964425333));
#1286 = CARTESIAN_POINT('',(0.441786466911,2.161912410794));
#1287 = CARTESIAN_POINT('',(0.294524311274,2.117866044212));
#1288 = CARTESIAN_POINT('',(0.147262155637,2.095842589654));
#1289 = CARTESIAN_POINT('',(6.217248937901E-15,2.095842589654));
#1290 = ( GEOMETRIC_REPRESENTATION_CONTEXT(2) 
PARAMETRIC_REPRESENTATION_CONTEXT() REPRESENTATION_CONTEXT('2D SPACE',''
  ) );
#1291 = ADVANCED_FACE('',(#1292),#182,.T.);
#1292 = FACE_BOUND('',#1293,.T.);
#1293 = EDGE_LOOP('',(#1294,#1322,#1323,#1324,#1325,#1348,#1371,#1394,
    #1427,#1460,#1488,#1516,#1544,#1572,#1600,#1623,#1651,#1679,#1707));
#1294 = ORIENTED_EDGE('',*,*,#1295,.T.);
#1295 = EDGE_CURVE('',#1296,#198,#1298,.T.);
#1296 = VERTEX_POINT('',#1297);
#1297 = CARTESIAN_POINT('',(-122.5,10.,-111.41));
#1298 = SURFACE_CURVE('',#1299,(#1304,#1315),.PCURVE_S1.);
#1299 = CIRCLE('',#1300,18.);
#1300 = AXIS2_PLACEMENT_3D('',#1301,#1302,#1303);
#1301 = CARTESIAN_POINT('',(-104.5,10.,-111.41));
#1302 = DIRECTION('',(0.,0.,1.));
#1303 = DIRECTION('',(-1.,1.973729821556E-16,0.));
#1304 = PCURVE('',#182,#1305);
#1305 = DEFINITIONAL_REPRESENTATION('',(#1306),#1314);
#1306 = ( BOUNDED_CURVE() B_SPLINE_CURVE(2,(#1307,#1308,#1309,#1310,
#1311,#1312,#1313),.UNSPECIFIED.,.T.,.F.) B_SPLINE_CURVE_WITH_KNOTS((1,2
    ,2,2,2,1),(-2.094395102393,0.,2.094395102393,4.188790204786,
6.28318530718,8.377580409573),.UNSPECIFIED.) CURVE() 
GEOMETRIC_REPRESENTATION_ITEM() RATIONAL_B_SPLINE_CURVE((1.,0.5,1.,0.5,
1.,0.5,1.)) REPRESENTATION_ITEM('') );
#1307 = CARTESIAN_POINT('',(69.905001111224,-22.46342136487));
#1308 = CARTESIAN_POINT('',(69.905001111224,-53.64033590111));
#1309 = CARTESIAN_POINT('',(42.905001111224,-38.05187863299));
#1310 = CARTESIAN_POINT('',(15.905001111224,-22.46342136487));
#1311 = CARTESIAN_POINT('',(42.905001111224,-6.874964096757));
#1312 = CARTESIAN_POINT('',(69.905001111224,8.713493171363));
#1313 = CARTESIAN_POINT('',(69.905001111224,-22.46342136487));
#1314 = ( GEOMETRIC_REPRESENTATION_CONTEXT(2) 
PARAMETRIC_REPRESENTATION_CONTEXT() REPRESENTATION_CONTEXT('2D SPACE',''
  ) );
#1315 = PCURVE('',#215,#1316);
#1316 = DEFINITIONAL_REPRESENTATION('',(#1317),#1321);
#1317 = LINE('',#1318,#1319);
#1318 = CARTESIAN_POINT('',(-0.,0.));
#1319 = VECTOR('',#1320,1.);
#1320 = DIRECTION('',(-1.,0.));
#1321 = ( GEOMETRIC_REPRESENTATION_CONTEXT(2) 
PARAMETRIC_REPRESENTATION_CONTEXT() REPRESENTATION_CONTEXT('2D SPACE',''
  ) );
#1322 = ORIENTED_EDGE('',*,*,#249,.T.);
#1323 = ORIENTED_EDGE('',*,*,#168,.F.);
#1324 = ORIENTED_EDGE('',*,*,#1130,.T.);
#1325 = ORIENTED_EDGE('',*,*,#1326,.T.);
#1326 = EDGE_CURVE('',#1131,#1327,#1329,.T.);
#1327 = VERTEX_POINT('',#1328);
#1328 = CARTESIAN_POINT('',(26.2,-8.,-111.41));
#1329 = SURFACE_CURVE('',#1330,(#1334,#1341),.PCURVE_S1.);
#1330 = LINE('',#1331,#1332);
#1331 = CARTESIAN_POINT('',(26.2,53.,-111.41));
#1332 = VECTOR('',#1333,1.);
#1333 = DIRECTION('',(-5.824120784919E-17,-1.,0.));
#1334 = PCURVE('',#182,#1335);
#1335 = DEFINITIONAL_REPRESENTATION('',(#1336),#1340);
#1336 = LINE('',#1337,#1338);
#1337 = CARTESIAN_POINT('',(-78.79499888877,20.536578635123));
#1338 = VECTOR('',#1339,1.);
#1339 = DIRECTION('',(5.824120784919E-17,-1.));
#1340 = ( GEOMETRIC_REPRESENTATION_CONTEXT(2) 
PARAMETRIC_REPRESENTATION_CONTEXT() REPRESENTATION_CONTEXT('2D SPACE',''
  ) );
#1341 = PCURVE('',#342,#1342);
#1342 = DEFINITIONAL_REPRESENTATION('',(#1343),#1347);
#1343 = LINE('',#1344,#1345);
#1344 = CARTESIAN_POINT('',(-4.,0.));
#1345 = VECTOR('',#1346,1.);
#1346 = DIRECTION('',(1.,0.));
#1347 = ( GEOMETRIC_REPRESENTATION_CONTEXT(2) 
PARAMETRIC_REPRESENTATION_CONTEXT() REPRESENTATION_CONTEXT('2D SPACE',''
  ) );
#1348 = ORIENTED_EDGE('',*,*,#1349,.T.);
#1349 = EDGE_CURVE('',#1327,#1350,#1352,.T.);
#1350 = VERTEX_POINT('',#1351);
#1351 = CARTESIAN_POINT('',(23.,-8.,-111.41));
#1352 = SURFACE_CURVE('',#1353,(#1357,#1364),.PCURVE_S1.);
#1353 = LINE('',#1354,#1355);
#1354 = CARTESIAN_POINT('',(26.2,-8.,-111.41));
#1355 = VECTOR('',#1356,1.);
#1356 = DIRECTION('',(-1.,0.,0.));
#1357 = PCURVE('',#182,#1358);
#1358 = DEFINITIONAL_REPRESENTATION('',(#1359),#1363);
#1359 = LINE('',#1360,#1361);
#1360 = CARTESIAN_POINT('',(-78.79499888877,-40.46342136487));
#1361 = VECTOR('',#1362,1.);
#1362 = DIRECTION('',(1.,0.));
#1363 = ( GEOMETRIC_REPRESENTATION_CONTEXT(2) 
PARAMETRIC_REPRESENTATION_CONTEXT() REPRESENTATION_CONTEXT('2D SPACE',''
  ) );
#1364 = PCURVE('',#370,#1365);
#1365 = DEFINITIONAL_REPRESENTATION('',(#1366),#1370);
#1366 = LINE('',#1367,#1368);
#1367 = CARTESIAN_POINT('',(0.,-0.));
#1368 = VECTOR('',#1369,1.);
#1369 = DIRECTION('',(1.,0.));
#1370 = ( GEOMETRIC_REPRESENTATION_CONTEXT(2) 
PARAMETRIC_REPRESENTATION_CONTEXT() REPRESENTATION_CONTEXT('2D SPACE',''
  ) );
#1371 = ORIENTED_EDGE('',*,*,#1372,.T.);
#1372 = EDGE_CURVE('',#1350,#1373,#1375,.T.);
#1373 = VERTEX_POINT('',#1374);
#1374 = CARTESIAN_POINT('',(23.,37.,-111.41));
#1375 = SURFACE_CURVE('',#1376,(#1380,#1387),.PCURVE_S1.);
#1376 = LINE('',#1377,#1378);
#1377 = CARTESIAN_POINT('',(23.,-8.,-111.41));
#1378 = VECTOR('',#1379,1.);
#1379 = DIRECTION('',(0.,1.,0.));
#1380 = PCURVE('',#182,#1381);
#1381 = DEFINITIONAL_REPRESENTATION('',(#1382),#1386);
#1382 = LINE('',#1383,#1384);
#1383 = CARTESIAN_POINT('',(-75.59499888877,-40.46342136487));
#1384 = VECTOR('',#1385,1.);
#1385 = DIRECTION('',(0.,1.));
#1386 = ( GEOMETRIC_REPRESENTATION_CONTEXT(2) 
PARAMETRIC_REPRESENTATION_CONTEXT() REPRESENTATION_CONTEXT('2D SPACE',''
  ) );
#1387 = PCURVE('',#398,#1388);
#1388 = DEFINITIONAL_REPRESENTATION('',(#1389),#1393);
#1389 = LINE('',#1390,#1391);
#1390 = CARTESIAN_POINT('',(0.,0.));
#1391 = VECTOR('',#1392,1.);
#1392 = DIRECTION('',(1.,0.));
#1393 = ( GEOMETRIC_REPRESENTATION_CONTEXT(2) 
PARAMETRIC_REPRESENTATION_CONTEXT() REPRESENTATION_CONTEXT('2D SPACE',''
  ) );
#1394 = ORIENTED_EDGE('',*,*,#1395,.T.);
#1395 = EDGE_CURVE('',#1373,#1396,#1398,.T.);
#1396 = VERTEX_POINT('',#1397);
#1397 = CARTESIAN_POINT('',(16.05,44.930794411659,-111.41));
#1398 = SURFACE_CURVE('',#1399,(#1404,#1415),.PCURVE_S1.);
#1399 = CIRCLE('',#1400,8.);
#1400 = AXIS2_PLACEMENT_3D('',#1401,#1402,#1403);
#1401 = CARTESIAN_POINT('',(15.,37.,-111.41));
#1402 = DIRECTION('',(0.,0.,1.));
#1403 = DIRECTION('',(1.,0.,-0.));
#1404 = PCURVE('',#182,#1405);
#1405 = DEFINITIONAL_REPRESENTATION('',(#1406),#1414);
#1406 = ( BOUNDED_CURVE() B_SPLINE_CURVE(2,(#1407,#1408,#1409,#1410,
#1411,#1412,#1413),.UNSPECIFIED.,.T.,.F.) B_SPLINE_CURVE_WITH_KNOTS((1,2
    ,2,2,2,1),(-2.094395102393,0.,2.094395102393,4.188790204786,
6.28318530718,8.377580409573),.UNSPECIFIED.) CURVE() 
GEOMETRIC_REPRESENTATION_ITEM() RATIONAL_B_SPLINE_CURVE((1.,0.5,1.,0.5,
1.,0.5,1.)) REPRESENTATION_ITEM('') );
#1407 = CARTESIAN_POINT('',(-75.59499888877,4.536578635123));
#1408 = CARTESIAN_POINT('',(-75.59499888877,18.392985095674));
#1409 = CARTESIAN_POINT('',(-63.59499888877,11.464781865398));
#1410 = CARTESIAN_POINT('',(-51.59499888877,4.536578635123));
#1411 = CARTESIAN_POINT('',(-63.59499888877,-2.391624595153));
#1412 = CARTESIAN_POINT('',(-75.59499888877,-9.319827825428));
#1413 = CARTESIAN_POINT('',(-75.59499888877,4.536578635123));
#1414 = ( GEOMETRIC_REPRESENTATION_CONTEXT(2) 
PARAMETRIC_REPRESENTATION_CONTEXT() REPRESENTATION_CONTEXT('2D SPACE',''
  ) );
#1415 = PCURVE('',#1416,#1421);
#1416 = CYLINDRICAL_SURFACE('',#1417,8.);
#1417 = AXIS2_PLACEMENT_3D('',#1418,#1419,#1420);
#1418 = CARTESIAN_POINT('',(15.,37.,-111.41));
#1419 = DIRECTION('',(-0.,-0.,-1.));
#1420 = DIRECTION('',(1.,0.,-0.));
#1421 = DEFINITIONAL_REPRESENTATION('',(#1422),#1426);
#1422 = LINE('',#1423,#1424);
#1423 = CARTESIAN_POINT('',(-0.,0.));
#1424 = VECTOR('',#1425,1.);
#1425 = DIRECTION('',(-1.,0.));
#1426 = ( GEOMETRIC_REPRESENTATION_CONTEXT(2) 
PARAMETRIC_REPRESENTATION_CONTEXT() REPRESENTATION_CONTEXT('2D SPACE',''
  ) );
#1427 = ORIENTED_EDGE('',*,*,#1428,.T.);
#1428 = EDGE_CURVE('',#1396,#1429,#1431,.T.);
#1429 = VERTEX_POINT('',#1430);
#1430 = CARTESIAN_POINT('',(15.,45.,-111.41));
#1431 = SURFACE_CURVE('',#1432,(#1437,#1448),.PCURVE_S1.);
#1432 = CIRCLE('',#1433,8.);
#1433 = AXIS2_PLACEMENT_3D('',#1434,#1435,#1436);
#1434 = CARTESIAN_POINT('',(15.,37.,-111.41));
#1435 = DIRECTION('',(0.,0.,1.));
#1436 = DIRECTION('',(1.,0.,-0.));
#1437 = PCURVE('',#182,#1438);
#1438 = DEFINITIONAL_REPRESENTATION('',(#1439),#1447);
#1439 = ( BOUNDED_CURVE() B_SPLINE_CURVE(2,(#1440,#1441,#1442,#1443,
#1444,#1445,#1446),.UNSPECIFIED.,.T.,.F.) B_SPLINE_CURVE_WITH_KNOTS((1,2
    ,2,2,2,1),(-2.094395102393,0.,2.094395102393,4.188790204786,
6.28318530718,8.377580409573),.UNSPECIFIED.) CURVE() 
GEOMETRIC_REPRESENTATION_ITEM() RATIONAL_B_SPLINE_CURVE((1.,0.5,1.,0.5,
1.,0.5,1.)) REPRESENTATION_ITEM('') );
#1440 = CARTESIAN_POINT('',(-75.59499888877,4.536578635123));
#1441 = CARTESIAN_POINT('',(-75.59499888877,18.392985095674));
#1442 = CARTESIAN_POINT('',(-63.59499888877,11.464781865398));
#1443 = CARTESIAN_POINT('',(-51.59499888877,4.536578635123));
#1444 = CARTESIAN_POINT('',(-63.59499888877,-2.391624595153));
#1445 = CARTESIAN_POINT('',(-75.59499888877,-9.319827825428));
#1446 = CARTESIAN_POINT('',(-75.59499888877,4.536578635123));
#1447 = ( GEOMETRIC_REPRESENTATION_CONTEXT(2) 
PARAMETRIC_REPRESENTATION_CONTEXT() REPRESENTATION_CONTEXT('2D SPACE',''
  ) );
#1448 = PCURVE('',#1449,#1454);
#1449 = CYLINDRICAL_SURFACE('',#1450,8.);
#1450 = AXIS2_PLACEMENT_3D('',#1451,#1452,#1453);
#1451 = CARTESIAN_POINT('',(15.,37.,-111.41));
#1452 = DIRECTION('',(-0.,-0.,-1.));
#1453 = DIRECTION('',(1.,0.,-0.));
#1454 = DEFINITIONAL_REPRESENTATION('',(#1455),#1459);
#1455 = LINE('',#1456,#1457);
#1456 = CARTESIAN_POINT('',(-0.,0.));
#1457 = VECTOR('',#1458,1.);
#1458 = DIRECTION('',(-1.,0.));
#1459 = ( GEOMETRIC_REPRESENTATION_CONTEXT(2) 
PARAMETRIC_REPRESENTATION_CONTEXT() REPRESENTATION_CONTEXT('2D SPACE',''
  ) );
#1460 = ORIENTED_EDGE('',*,*,#1461,.T.);
#1461 = EDGE_CURVE('',#1429,#1462,#1464,.T.);
#1462 = VERTEX_POINT('',#1463);
#1463 = CARTESIAN_POINT('',(16.05,45.,-111.41));
#1464 = SURFACE_CURVE('',#1465,(#1469,#1476),.PCURVE_S1.);
#1465 = LINE('',#1466,#1467);
#1466 = CARTESIAN_POINT('',(-122.5,45.,-111.41));
#1467 = VECTOR('',#1468,1.);
#1468 = DIRECTION('',(1.,0.,0.));
#1469 = PCURVE('',#182,#1470);
#1470 = DEFINITIONAL_REPRESENTATION('',(#1471),#1475);
#1471 = LINE('',#1472,#1473);
#1472 = CARTESIAN_POINT('',(69.905001111224,12.536578635123));
#1473 = VECTOR('',#1474,1.);
#1474 = DIRECTION('',(-1.,0.));
#1475 = ( GEOMETRIC_REPRESENTATION_CONTEXT(2) 
PARAMETRIC_REPRESENTATION_CONTEXT() REPRESENTATION_CONTEXT('2D SPACE',''
  ) );
#1476 = PCURVE('',#1477,#1482);
#1477 = PLANE('',#1478);
#1478 = AXIS2_PLACEMENT_3D('',#1479,#1480,#1481);
#1479 = CARTESIAN_POINT('',(-122.5,45.,-79.9));
#1480 = DIRECTION('',(-0.,1.,0.));
#1481 = DIRECTION('',(0.,0.,-1.));
#1482 = DEFINITIONAL_REPRESENTATION('',(#1483),#1487);
#1483 = LINE('',#1484,#1485);
#1484 = CARTESIAN_POINT('',(31.51,0.));
#1485 = VECTOR('',#1486,1.);
#1486 = DIRECTION('',(0.,-1.));
#1487 = ( GEOMETRIC_REPRESENTATION_CONTEXT(2) 
PARAMETRIC_REPRESENTATION_CONTEXT() REPRESENTATION_CONTEXT('2D SPACE',''
  ) );
#1488 = ORIENTED_EDGE('',*,*,#1489,.T.);
#1489 = EDGE_CURVE('',#1462,#1490,#1492,.T.);
#1490 = VERTEX_POINT('',#1491);
#1491 = CARTESIAN_POINT('',(23.02,45.,-111.41));
#1492 = SURFACE_CURVE('',#1493,(#1497,#1504),.PCURVE_S1.);
#1493 = LINE('',#1494,#1495);
#1494 = CARTESIAN_POINT('',(-122.5,45.,-111.41));
#1495 = VECTOR('',#1496,1.);
#1496 = DIRECTION('',(1.,0.,0.));
#1497 = PCURVE('',#182,#1498);
#1498 = DEFINITIONAL_REPRESENTATION('',(#1499),#1503);
#1499 = LINE('',#1500,#1501);
#1500 = CARTESIAN_POINT('',(69.905001111224,12.536578635123));
#1501 = VECTOR('',#1502,1.);
#1502 = DIRECTION('',(-1.,0.));
#1503 = ( GEOMETRIC_REPRESENTATION_CONTEXT(2) 
PARAMETRIC_REPRESENTATION_CONTEXT() REPRESENTATION_CONTEXT('2D SPACE',''
  ) );
#1504 = PCURVE('',#1505,#1510);
#1505 = PLANE('',#1506);
#1506 = AXIS2_PLACEMENT_3D('',#1507,#1508,#1509);
#1507 = CARTESIAN_POINT('',(-122.5,45.,-79.9));
#1508 = DIRECTION('',(-0.,1.,0.));
#1509 = DIRECTION('',(0.,0.,-1.));
#1510 = DEFINITIONAL_REPRESENTATION('',(#1511),#1515);
#1511 = LINE('',#1512,#1513);
#1512 = CARTESIAN_POINT('',(31.51,0.));
#1513 = VECTOR('',#1514,1.);
#1514 = DIRECTION('',(0.,-1.));
#1515 = ( GEOMETRIC_REPRESENTATION_CONTEXT(2) 
PARAMETRIC_REPRESENTATION_CONTEXT() REPRESENTATION_CONTEXT('2D SPACE',''
  ) );
#1516 = ORIENTED_EDGE('',*,*,#1517,.T.);
#1517 = EDGE_CURVE('',#1490,#1518,#1520,.T.);
#1518 = VERTEX_POINT('',#1519);
#1519 = CARTESIAN_POINT('',(23.02,49.,-111.41));
#1520 = SURFACE_CURVE('',#1521,(#1525,#1532),.PCURVE_S1.);
#1521 = LINE('',#1522,#1523);
#1522 = CARTESIAN_POINT('',(23.02,45.,-111.41));
#1523 = VECTOR('',#1524,1.);
#1524 = DIRECTION('',(0.,1.,0.));
#1525 = PCURVE('',#182,#1526);
#1526 = DEFINITIONAL_REPRESENTATION('',(#1527),#1531);
#1527 = LINE('',#1528,#1529);
#1528 = CARTESIAN_POINT('',(-75.61499888877,12.536578635123));
#1529 = VECTOR('',#1530,1.);
#1530 = DIRECTION('',(0.,1.));
#1531 = ( GEOMETRIC_REPRESENTATION_CONTEXT(2) 
PARAMETRIC_REPRESENTATION_CONTEXT() REPRESENTATION_CONTEXT('2D SPACE',''
  ) );
#1532 = PCURVE('',#1533,#1538);
#1533 = PLANE('',#1534);
#1534 = AXIS2_PLACEMENT_3D('',#1535,#1536,#1537);
#1535 = CARTESIAN_POINT('',(23.02,46.063218245222,-96.59178175477));
#1536 = DIRECTION('',(1.,0.,0.));
#1537 = DIRECTION('',(-0.,0.,1.));
#1538 = DEFINITIONAL_REPRESENTATION('',(#1539),#1543);
#1539 = LINE('',#1540,#1541);
#1540 = CARTESIAN_POINT('',(-14.81821824522,1.063218245222));
#1541 = VECTOR('',#1542,1.);
#1542 = DIRECTION('',(0.,-1.));
#1543 = ( GEOMETRIC_REPRESENTATION_CONTEXT(2) 
PARAMETRIC_REPRESENTATION_CONTEXT() REPRESENTATION_CONTEXT('2D SPACE',''
  ) );
#1544 = ORIENTED_EDGE('',*,*,#1545,.F.);
#1545 = EDGE_CURVE('',#1546,#1518,#1548,.T.);
#1546 = VERTEX_POINT('',#1547);
#1547 = CARTESIAN_POINT('',(16.05,49.,-111.41));
#1548 = SURFACE_CURVE('',#1549,(#1553,#1560),.PCURVE_S1.);
#1549 = LINE('',#1550,#1551);
#1550 = CARTESIAN_POINT('',(-122.5,49.,-111.41));
#1551 = VECTOR('',#1552,1.);
#1552 = DIRECTION('',(1.,0.,0.));
#1553 = PCURVE('',#182,#1554);
#1554 = DEFINITIONAL_REPRESENTATION('',(#1555),#1559);
#1555 = LINE('',#1556,#1557);
#1556 = CARTESIAN_POINT('',(69.905001111224,16.536578635123));
#1557 = VECTOR('',#1558,1.);
#1558 = DIRECTION('',(-1.,0.));
#1559 = ( GEOMETRIC_REPRESENTATION_CONTEXT(2) 
PARAMETRIC_REPRESENTATION_CONTEXT() REPRESENTATION_CONTEXT('2D SPACE',''
  ) );
#1560 = PCURVE('',#1561,#1566);
#1561 = PLANE('',#1562);
#1562 = AXIS2_PLACEMENT_3D('',#1563,#1564,#1565);
#1563 = CARTESIAN_POINT('',(-122.5,49.,-111.41));
#1564 = DIRECTION('',(0.,-0.99203872455,-0.12593319258));
#1565 = DIRECTION('',(0.,-0.12593319258,0.99203872455));
#1566 = DEFINITIONAL_REPRESENTATION('',(#1567),#1571);
#1567 = LINE('',#1568,#1569);
#1568 = CARTESIAN_POINT('',(0.,0.));
#1569 = VECTOR('',#1570,1.);
#1570 = DIRECTION('',(0.,-1.));
#1571 = ( GEOMETRIC_REPRESENTATION_CONTEXT(2) 
PARAMETRIC_REPRESENTATION_CONTEXT() REPRESENTATION_CONTEXT('2D SPACE',''
  ) );
#1572 = ORIENTED_EDGE('',*,*,#1573,.F.);
#1573 = EDGE_CURVE('',#1574,#1546,#1576,.T.);
#1574 = VERTEX_POINT('',#1575);
#1575 = CARTESIAN_POINT('',(-89.95,49.,-111.41));
#1576 = SURFACE_CURVE('',#1577,(#1581,#1588),.PCURVE_S1.);
#1577 = LINE('',#1578,#1579);
#1578 = CARTESIAN_POINT('',(-122.5,49.,-111.41));
#1579 = VECTOR('',#1580,1.);
#1580 = DIRECTION('',(1.,0.,0.));
#1581 = PCURVE('',#182,#1582);
#1582 = DEFINITIONAL_REPRESENTATION('',(#1583),#1587);
#1583 = LINE('',#1584,#1585);
#1584 = CARTESIAN_POINT('',(69.905001111224,16.536578635123));
#1585 = VECTOR('',#1586,1.);
#1586 = DIRECTION('',(-1.,0.));
#1587 = ( GEOMETRIC_REPRESENTATION_CONTEXT(2) 
PARAMETRIC_REPRESENTATION_CONTEXT() REPRESENTATION_CONTEXT('2D SPACE',''
  ) );
#1588 = PCURVE('',#1589,#1594);
#1589 = PLANE('',#1590);
#1590 = AXIS2_PLACEMENT_3D('',#1591,#1592,#1593);
#1591 = CARTESIAN_POINT('',(-122.5,49.,-111.41));
#1592 = DIRECTION('',(0.,-0.99203872455,-0.12593319258));
#1593 = DIRECTION('',(0.,-0.12593319258,0.99203872455));
#1594 = DEFINITIONAL_REPRESENTATION('',(#1595),#1599);
#1595 = LINE('',#1596,#1597);
#1596 = CARTESIAN_POINT('',(0.,0.));
#1597 = VECTOR('',#1598,1.);
#1598 = DIRECTION('',(0.,-1.));
#1599 = ( GEOMETRIC_REPRESENTATION_CONTEXT(2) 
PARAMETRIC_REPRESENTATION_CONTEXT() REPRESENTATION_CONTEXT('2D SPACE',''
  ) );
#1600 = ORIENTED_EDGE('',*,*,#1601,.F.);
#1601 = EDGE_CURVE('',#1602,#1574,#1604,.T.);
#1602 = VERTEX_POINT('',#1603);
#1603 = CARTESIAN_POINT('',(-122.5,49.,-111.41));
#1604 = SURFACE_CURVE('',#1605,(#1609,#1616),.PCURVE_S1.);
#1605 = LINE('',#1606,#1607);
#1606 = CARTESIAN_POINT('',(-122.5,49.,-111.41));
#1607 = VECTOR('',#1608,1.);
#1608 = DIRECTION('',(1.,0.,0.));
#1609 = PCURVE('',#182,#1610);
#1610 = DEFINITIONAL_REPRESENTATION('',(#1611),#1615);
#1611 = LINE('',#1612,#1613);
#1612 = CARTESIAN_POINT('',(69.905001111224,16.536578635123));
#1613 = VECTOR('',#1614,1.);
#1614 = DIRECTION('',(-1.,0.));
#1615 = ( GEOMETRIC_REPRESENTATION_CONTEXT(2) 
PARAMETRIC_REPRESENTATION_CONTEXT() REPRESENTATION_CONTEXT('2D SPACE',''
  ) );
#1616 = PCURVE('',#1589,#1617);
#1617 = DEFINITIONAL_REPRESENTATION('',(#1618),#1622);
#1618 = LINE('',#1619,#1620);
#1619 = CARTESIAN_POINT('',(0.,0.));
#1620 = VECTOR('',#1621,1.);
#1621 = DIRECTION('',(0.,-1.));
#1622 = ( GEOMETRIC_REPRESENTATION_CONTEXT(2) 
PARAMETRIC_REPRESENTATION_CONTEXT() REPRESENTATION_CONTEXT('2D SPACE',''
  ) );
#1623 = ORIENTED_EDGE('',*,*,#1624,.F.);
#1624 = EDGE_CURVE('',#1625,#1602,#1627,.T.);
#1625 = VERTEX_POINT('',#1626);
#1626 = CARTESIAN_POINT('',(-122.5,45.,-111.41));
#1627 = SURFACE_CURVE('',#1628,(#1632,#1639),.PCURVE_S1.);
#1628 = LINE('',#1629,#1630);
#1629 = CARTESIAN_POINT('',(-122.5,45.,-111.41));
#1630 = VECTOR('',#1631,1.);
#1631 = DIRECTION('',(0.,1.,0.));
#1632 = PCURVE('',#182,#1633);
#1633 = DEFINITIONAL_REPRESENTATION('',(#1634),#1638);
#1634 = LINE('',#1635,#1636);
#1635 = CARTESIAN_POINT('',(69.905001111224,12.536578635123));
#1636 = VECTOR('',#1637,1.);
#1637 = DIRECTION('',(0.,1.));
#1638 = ( GEOMETRIC_REPRESENTATION_CONTEXT(2) 
PARAMETRIC_REPRESENTATION_CONTEXT() REPRESENTATION_CONTEXT('2D SPACE',''
  ) );
#1639 = PCURVE('',#1640,#1645);
#1640 = PLANE('',#1641);
#1641 = AXIS2_PLACEMENT_3D('',#1642,#1643,#1644);
#1642 = CARTESIAN_POINT('',(-122.5,46.063218245222,-96.59178175477));
#1643 = DIRECTION('',(1.,0.,0.));
#1644 = DIRECTION('',(-0.,0.,1.));
#1645 = DEFINITIONAL_REPRESENTATION('',(#1646),#1650);
#1646 = LINE('',#1647,#1648);
#1647 = CARTESIAN_POINT('',(-14.81821824522,1.063218245222));
#1648 = VECTOR('',#1649,1.);
#1649 = DIRECTION('',(0.,-1.));
#1650 = ( GEOMETRIC_REPRESENTATION_CONTEXT(2) 
PARAMETRIC_REPRESENTATION_CONTEXT() REPRESENTATION_CONTEXT('2D SPACE',''
  ) );
#1651 = ORIENTED_EDGE('',*,*,#1652,.T.);
#1652 = EDGE_CURVE('',#1625,#1653,#1655,.T.);
#1653 = VERTEX_POINT('',#1654);
#1654 = CARTESIAN_POINT('',(-110.5,45.,-111.41));
#1655 = SURFACE_CURVE('',#1656,(#1660,#1667),.PCURVE_S1.);
#1656 = LINE('',#1657,#1658);
#1657 = CARTESIAN_POINT('',(-122.5,45.,-111.41));
#1658 = VECTOR('',#1659,1.);
#1659 = DIRECTION('',(1.,0.,0.));
#1660 = PCURVE('',#182,#1661);
#1661 = DEFINITIONAL_REPRESENTATION('',(#1662),#1666);
#1662 = LINE('',#1663,#1664);
#1663 = CARTESIAN_POINT('',(69.905001111224,12.536578635123));
#1664 = VECTOR('',#1665,1.);
#1665 = DIRECTION('',(-1.,0.));
#1666 = ( GEOMETRIC_REPRESENTATION_CONTEXT(2) 
PARAMETRIC_REPRESENTATION_CONTEXT() REPRESENTATION_CONTEXT('2D SPACE',''
  ) );
#1667 = PCURVE('',#1668,#1673);
#1668 = PLANE('',#1669);
#1669 = AXIS2_PLACEMENT_3D('',#1670,#1671,#1672);
#1670 = CARTESIAN_POINT('',(-122.5,45.,-79.9));
#1671 = DIRECTION('',(-0.,1.,0.));
#1672 = DIRECTION('',(0.,0.,-1.));
#1673 = DEFINITIONAL_REPRESENTATION('',(#1674),#1678);
#1674 = LINE('',#1675,#1676);
#1675 = CARTESIAN_POINT('',(31.51,0.));
#1676 = VECTOR('',#1677,1.);
#1677 = DIRECTION('',(0.,-1.));
#1678 = ( GEOMETRIC_REPRESENTATION_CONTEXT(2) 
PARAMETRIC_REPRESENTATION_CONTEXT() REPRESENTATION_CONTEXT('2D SPACE',''
  ) );
#1679 = ORIENTED_EDGE('',*,*,#1680,.T.);
#1680 = EDGE_CURVE('',#1653,#1681,#1683,.T.);
#1681 = VERTEX_POINT('',#1682);
#1682 = CARTESIAN_POINT('',(-122.5,33.,-111.41));
#1683 = SURFACE_CURVE('',#1684,(#1689,#1700),.PCURVE_S1.);
#1684 = CIRCLE('',#1685,12.);
#1685 = AXIS2_PLACEMENT_3D('',#1686,#1687,#1688);
#1686 = CARTESIAN_POINT('',(-110.5,33.,-111.41));
#1687 = DIRECTION('',(0.,-0.,1.));
#1688 = DIRECTION('',(0.,1.,0.));
#1689 = PCURVE('',#182,#1690);
#1690 = DEFINITIONAL_REPRESENTATION('',(#1691),#1699);
#1691 = ( BOUNDED_CURVE() B_SPLINE_CURVE(2,(#1692,#1693,#1694,#1695,
#1696,#1697,#1698),.UNSPECIFIED.,.T.,.F.) B_SPLINE_CURVE_WITH_KNOTS((1,2
    ,2,2,2,1),(-2.094395102393,0.,2.094395102393,4.188790204786,
6.28318530718,8.377580409573),.UNSPECIFIED.) CURVE() 
GEOMETRIC_REPRESENTATION_ITEM() RATIONAL_B_SPLINE_CURVE((1.,0.5,1.,0.5,
1.,0.5,1.)) REPRESENTATION_ITEM('') );
#1692 = CARTESIAN_POINT('',(57.905001111224,12.536578635123));
#1693 = CARTESIAN_POINT('',(78.689610802051,12.536578635123));
#1694 = CARTESIAN_POINT('',(68.297305956637,-5.463421364877));
#1695 = CARTESIAN_POINT('',(57.905001111224,-23.46342136487));
#1696 = CARTESIAN_POINT('',(47.512696265811,-5.463421364877));
#1697 = CARTESIAN_POINT('',(37.120391420398,12.536578635123));
#1698 = CARTESIAN_POINT('',(57.905001111224,12.536578635123));
#1699 = ( GEOMETRIC_REPRESENTATION_CONTEXT(2) 
PARAMETRIC_REPRESENTATION_CONTEXT() REPRESENTATION_CONTEXT('2D SPACE',''
  ) );
#1700 = PCURVE('',#716,#1701);
#1701 = DEFINITIONAL_REPRESENTATION('',(#1702),#1706);
#1702 = LINE('',#1703,#1704);
#1703 = CARTESIAN_POINT('',(-0.,0.));
#1704 = VECTOR('',#1705,1.);
#1705 = DIRECTION('',(-1.,0.));
#1706 = ( GEOMETRIC_REPRESENTATION_CONTEXT(2) 
PARAMETRIC_REPRESENTATION_CONTEXT() REPRESENTATION_CONTEXT('2D SPACE',''
  ) );
#1707 = ORIENTED_EDGE('',*,*,#1708,.T.);
#1708 = EDGE_CURVE('',#1681,#1296,#1709,.T.);
#1709 = SURFACE_CURVE('',#1710,(#1714,#1721),.PCURVE_S1.);
#1710 = LINE('',#1711,#1712);
#1711 = CARTESIAN_POINT('',(-122.5,33.,-111.41));
#1712 = VECTOR('',#1713,1.);
#1713 = DIRECTION('',(0.,-1.,0.));
#1714 = PCURVE('',#182,#1715);
#1715 = DEFINITIONAL_REPRESENTATION('',(#1716),#1720);
#1716 = LINE('',#1717,#1718);
#1717 = CARTESIAN_POINT('',(69.905001111224,0.536578635123));
#1718 = VECTOR('',#1719,1.);
#1719 = DIRECTION('',(0.,-1.));
#1720 = ( GEOMETRIC_REPRESENTATION_CONTEXT(2) 
PARAMETRIC_REPRESENTATION_CONTEXT() REPRESENTATION_CONTEXT('2D SPACE',''
  ) );
#1721 = PCURVE('',#742,#1722);
#1722 = DEFINITIONAL_REPRESENTATION('',(#1723),#1727);
#1723 = LINE('',#1724,#1725);
#1724 = CARTESIAN_POINT('',(0.,0.));
#1725 = VECTOR('',#1726,1.);
#1726 = DIRECTION('',(1.,0.));
#1727 = ( GEOMETRIC_REPRESENTATION_CONTEXT(2) 
PARAMETRIC_REPRESENTATION_CONTEXT() REPRESENTATION_CONTEXT('2D SPACE',''
  ) );
#1728 = ADVANCED_FACE('',(#1729),#215,.F.);
#1729 = FACE_BOUND('',#1730,.T.);
#1730 = EDGE_LOOP('',(#1731,#1752,#1753,#1754));
#1731 = ORIENTED_EDGE('',*,*,#1732,.T.);
#1732 = EDGE_CURVE('',#1296,#274,#1733,.T.);
#1733 = SURFACE_CURVE('',#1734,(#1738,#1745),.PCURVE_S1.);
#1734 = LINE('',#1735,#1736);
#1735 = CARTESIAN_POINT('',(-122.5,10.,-111.41));
#1736 = VECTOR('',#1737,1.);
#1737 = DIRECTION('',(0.,0.,1.));
#1738 = PCURVE('',#215,#1739);
#1739 = DEFINITIONAL_REPRESENTATION('',(#1740),#1744);
#1740 = LINE('',#1741,#1742);
#1741 = CARTESIAN_POINT('',(-0.,0.));
#1742 = VECTOR('',#1743,1.);
#1743 = DIRECTION('',(-0.,-1.));
#1744 = ( GEOMETRIC_REPRESENTATION_CONTEXT(2) 
PARAMETRIC_REPRESENTATION_CONTEXT() REPRESENTATION_CONTEXT('2D SPACE',''
  ) );
#1745 = PCURVE('',#742,#1746);
#1746 = DEFINITIONAL_REPRESENTATION('',(#1747),#1751);
#1747 = LINE('',#1748,#1749);
#1748 = CARTESIAN_POINT('',(23.,0.));
#1749 = VECTOR('',#1750,1.);
#1750 = DIRECTION('',(0.,-1.));
#1751 = ( GEOMETRIC_REPRESENTATION_CONTEXT(2) 
PARAMETRIC_REPRESENTATION_CONTEXT() REPRESENTATION_CONTEXT('2D SPACE',''
  ) );
#1752 = ORIENTED_EDGE('',*,*,#273,.T.);
#1753 = ORIENTED_EDGE('',*,*,#197,.F.);
#1754 = ORIENTED_EDGE('',*,*,#1295,.F.);
#1755 = ADVANCED_FACE('',(#1756),#342,.T.);
#1756 = FACE_BOUND('',#1757,.T.);
#1757 = EDGE_LOOP('',(#1758,#1759,#1760,#1761,#1782,#1783));
#1758 = ORIENTED_EDGE('',*,*,#947,.T.);
#1759 = ORIENTED_EDGE('',*,*,#758,.F.);
#1760 = ORIENTED_EDGE('',*,*,#326,.F.);
#1761 = ORIENTED_EDGE('',*,*,#1762,.F.);
#1762 = EDGE_CURVE('',#1327,#327,#1763,.T.);
#1763 = SURFACE_CURVE('',#1764,(#1768,#1775),.PCURVE_S1.);
#1764 = LINE('',#1765,#1766);
#1765 = CARTESIAN_POINT('',(26.2,-8.,-111.41));
#1766 = VECTOR('',#1767,1.);
#1767 = DIRECTION('',(0.,0.,1.));
#1768 = PCURVE('',#342,#1769);
#1769 = DEFINITIONAL_REPRESENTATION('',(#1770),#1774);
#1770 = LINE('',#1771,#1772);
#1771 = CARTESIAN_POINT('',(57.,0.));
#1772 = VECTOR('',#1773,1.);
#1773 = DIRECTION('',(0.,-1.));
#1774 = ( GEOMETRIC_REPRESENTATION_CONTEXT(2) 
PARAMETRIC_REPRESENTATION_CONTEXT() REPRESENTATION_CONTEXT('2D SPACE',''
  ) );
#1775 = PCURVE('',#370,#1776);
#1776 = DEFINITIONAL_REPRESENTATION('',(#1777),#1781);
#1777 = LINE('',#1778,#1779);
#1778 = CARTESIAN_POINT('',(0.,-0.));
#1779 = VECTOR('',#1780,1.);
#1780 = DIRECTION('',(0.,-1.));
#1781 = ( GEOMETRIC_REPRESENTATION_CONTEXT(2) 
PARAMETRIC_REPRESENTATION_CONTEXT() REPRESENTATION_CONTEXT('2D SPACE',''
  ) );
#1782 = ORIENTED_EDGE('',*,*,#1326,.F.);
#1783 = ORIENTED_EDGE('',*,*,#1153,.T.);
#1784 = ADVANCED_FACE('',(#1785),#370,.T.);
#1785 = FACE_BOUND('',#1786,.T.);
#1786 = EDGE_LOOP('',(#1787,#1788,#1789,#1810));
#1787 = ORIENTED_EDGE('',*,*,#1762,.T.);
#1788 = ORIENTED_EDGE('',*,*,#354,.T.);
#1789 = ORIENTED_EDGE('',*,*,#1790,.F.);
#1790 = EDGE_CURVE('',#1350,#355,#1791,.T.);
#1791 = SURFACE_CURVE('',#1792,(#1796,#1803),.PCURVE_S1.);
#1792 = LINE('',#1793,#1794);
#1793 = CARTESIAN_POINT('',(23.,-8.,-111.41));
#1794 = VECTOR('',#1795,1.);
#1795 = DIRECTION('',(0.,0.,1.));
#1796 = PCURVE('',#370,#1797);
#1797 = DEFINITIONAL_REPRESENTATION('',(#1798),#1802);
#1798 = LINE('',#1799,#1800);
#1799 = CARTESIAN_POINT('',(3.2,0.));
#1800 = VECTOR('',#1801,1.);
#1801 = DIRECTION('',(0.,-1.));
#1802 = ( GEOMETRIC_REPRESENTATION_CONTEXT(2) 
PARAMETRIC_REPRESENTATION_CONTEXT() REPRESENTATION_CONTEXT('2D SPACE',''
  ) );
#1803 = PCURVE('',#398,#1804);
#1804 = DEFINITIONAL_REPRESENTATION('',(#1805),#1809);
#1805 = LINE('',#1806,#1807);
#1806 = CARTESIAN_POINT('',(0.,0.));
#1807 = VECTOR('',#1808,1.);
#1808 = DIRECTION('',(0.,-1.));
#1809 = ( GEOMETRIC_REPRESENTATION_CONTEXT(2) 
PARAMETRIC_REPRESENTATION_CONTEXT() REPRESENTATION_CONTEXT('2D SPACE',''
  ) );
#1810 = ORIENTED_EDGE('',*,*,#1349,.F.);
#1811 = ADVANCED_FACE('',(#1812),#398,.T.);
#1812 = FACE_BOUND('',#1813,.T.);
#1813 = EDGE_LOOP('',(#1814,#1815,#1816,#1817,#1840,#1866,#1892,#1913,
    #1941,#1967,#1993,#2014));
#1814 = ORIENTED_EDGE('',*,*,#1372,.F.);
#1815 = ORIENTED_EDGE('',*,*,#1790,.T.);
#1816 = ORIENTED_EDGE('',*,*,#382,.T.);
#1817 = ORIENTED_EDGE('',*,*,#1818,.F.);
#1818 = EDGE_CURVE('',#1819,#383,#1821,.T.);
#1819 = VERTEX_POINT('',#1820);
#1820 = CARTESIAN_POINT('',(23.,37.,100.55200706713));
#1821 = SURFACE_CURVE('',#1822,(#1826,#1833),.PCURVE_S1.);
#1822 = LINE('',#1823,#1824);
#1823 = CARTESIAN_POINT('',(23.,37.,-111.41));
#1824 = VECTOR('',#1825,1.);
#1825 = DIRECTION('',(0.,0.,1.));
#1826 = PCURVE('',#398,#1827);
#1827 = DEFINITIONAL_REPRESENTATION('',(#1828),#1832);
#1828 = LINE('',#1829,#1830);
#1829 = CARTESIAN_POINT('',(45.,0.));
#1830 = VECTOR('',#1831,1.);
#1831 = DIRECTION('',(0.,-1.));
#1832 = ( GEOMETRIC_REPRESENTATION_CONTEXT(2) 
PARAMETRIC_REPRESENTATION_CONTEXT() REPRESENTATION_CONTEXT('2D SPACE',''
  ) );
#1833 = PCURVE('',#431,#1834);
#1834 = DEFINITIONAL_REPRESENTATION('',(#1835),#1839);
#1835 = LINE('',#1836,#1837);
#1836 = CARTESIAN_POINT('',(-0.,0.));
#1837 = VECTOR('',#1838,1.);
#1838 = DIRECTION('',(-0.,-1.));
#1839 = ( GEOMETRIC_REPRESENTATION_CONTEXT(2) 
PARAMETRIC_REPRESENTATION_CONTEXT() REPRESENTATION_CONTEXT('2D SPACE',''
  ) );
#1840 = ORIENTED_EDGE('',*,*,#1841,.F.);
#1841 = EDGE_CURVE('',#1842,#1819,#1844,.T.);
#1842 = VERTEX_POINT('',#1843);
#1843 = CARTESIAN_POINT('',(23.,34.6,100.55200706713));
#1844 = SURFACE_CURVE('',#1845,(#1849,#1855),.PCURVE_S1.);
#1845 = LINE('',#1846,#1847);
#1846 = CARTESIAN_POINT('',(23.,34.6,100.55200706713));
#1847 = VECTOR('',#1848,1.);
#1848 = DIRECTION('',(0.,1.,0.));
#1849 = PCURVE('',#398,#1850);
#1850 = DEFINITIONAL_REPRESENTATION('',(#1851),#1854);
#1851 = B_SPLINE_CURVE_WITH_KNOTS('',1,(#1852,#1853),.UNSPECIFIED.,.F.,
  .F.,(2,2),(-5.999999999062E-07,6.9),.PIECEWISE_BEZIER_KNOTS.);
#1852 = CARTESIAN_POINT('',(42.5999994,-211.9620070671));
#1853 = CARTESIAN_POINT('',(49.5,-211.9620070671));
#1854 = ( GEOMETRIC_REPRESENTATION_CONTEXT(2) 
PARAMETRIC_REPRESENTATION_CONTEXT() REPRESENTATION_CONTEXT('2D SPACE',''
  ) );
#1855 = PCURVE('',#1856,#1861);
#1856 = CYLINDRICAL_SURFACE('',#1857,8.);
#1857 = AXIS2_PLACEMENT_3D('',#1858,#1859,#1860);
#1858 = CARTESIAN_POINT('',(16.05,34.6,96.59));
#1859 = DIRECTION('',(0.,1.,0.));
#1860 = DIRECTION('',(0.,-0.,1.));
#1861 = DEFINITIONAL_REPRESENTATION('',(#1862),#1865);
#1862 = B_SPLINE_CURVE_WITH_KNOTS('',1,(#1863,#1864),.UNSPECIFIED.,.F.,
  .F.,(2,2),(0.,2.4),.PIECEWISE_BEZIER_KNOTS.);
#1863 = CARTESIAN_POINT('',(7.335858039468,0.));
#1864 = CARTESIAN_POINT('',(7.335858039468,2.4));
#1865 = ( GEOMETRIC_REPRESENTATION_CONTEXT(2) 
PARAMETRIC_REPRESENTATION_CONTEXT() REPRESENTATION_CONTEXT('2D SPACE',''
  ) );
#1866 = ORIENTED_EDGE('',*,*,#1867,.T.);
#1867 = EDGE_CURVE('',#1842,#1868,#1870,.T.);
#1868 = VERTEX_POINT('',#1869);
#1869 = CARTESIAN_POINT('',(23.,34.6,92.627992932868));
#1870 = SURFACE_CURVE('',#1871,(#1875,#1881),.PCURVE_S1.);
#1871 = LINE('',#1872,#1873);
#1872 = CARTESIAN_POINT('',(23.,34.6,-7.41));
#1873 = VECTOR('',#1874,1.);
#1874 = DIRECTION('',(0.,0.,-1.));
#1875 = PCURVE('',#398,#1876);
#1876 = DEFINITIONAL_REPRESENTATION('',(#1877),#1880);
#1877 = B_SPLINE_CURVE_WITH_KNOTS('',1,(#1878,#1879),.UNSPECIFIED.,.F.,
  .F.,(2,2),(-112.,-96.),.PIECEWISE_BEZIER_KNOTS.);
#1878 = CARTESIAN_POINT('',(42.6,-216.));
#1879 = CARTESIAN_POINT('',(42.6,-200.));
#1880 = ( GEOMETRIC_REPRESENTATION_CONTEXT(2) 
PARAMETRIC_REPRESENTATION_CONTEXT() REPRESENTATION_CONTEXT('2D SPACE',''
  ) );
#1881 = PCURVE('',#1882,#1887);
#1882 = PLANE('',#1883);
#1883 = AXIS2_PLACEMENT_3D('',#1884,#1885,#1886);
#1884 = CARTESIAN_POINT('',(16.05,34.6,96.59));
#1885 = DIRECTION('',(0.,1.,0.));
#1886 = DIRECTION('',(0.,-0.,1.));
#1887 = DEFINITIONAL_REPRESENTATION('',(#1888),#1891);
#1888 = B_SPLINE_CURVE_WITH_KNOTS('',1,(#1889,#1890),.UNSPECIFIED.,.F.,
  .F.,(2,2),(-112.,-96.),.PIECEWISE_BEZIER_KNOTS.);
#1889 = CARTESIAN_POINT('',(8.,6.95));
#1890 = CARTESIAN_POINT('',(-8.,6.95));
#1891 = ( GEOMETRIC_REPRESENTATION_CONTEXT(2) 
PARAMETRIC_REPRESENTATION_CONTEXT() REPRESENTATION_CONTEXT('2D SPACE',''
  ) );
#1892 = ORIENTED_EDGE('',*,*,#1893,.T.);
#1893 = EDGE_CURVE('',#1868,#1894,#1896,.T.);
#1894 = VERTEX_POINT('',#1895);
#1895 = CARTESIAN_POINT('',(23.,37.,92.627992932869));
#1896 = SURFACE_CURVE('',#1897,(#1901,#1907),.PCURVE_S1.);
#1897 = LINE('',#1898,#1899);
#1898 = CARTESIAN_POINT('',(23.,34.6,92.627992932868));
#1899 = VECTOR('',#1900,1.);
#1900 = DIRECTION('',(0.,1.,0.));
#1901 = PCURVE('',#398,#1902);
#1902 = DEFINITIONAL_REPRESENTATION('',(#1903),#1906);
#1903 = B_SPLINE_CURVE_WITH_KNOTS('',1,(#1904,#1905),.UNSPECIFIED.,.F.,
  .F.,(2,2),(-5.999999999062E-07,6.9),.PIECEWISE_BEZIER_KNOTS.);
#1904 = CARTESIAN_POINT('',(42.5999994,-204.0379929328));
#1905 = CARTESIAN_POINT('',(49.5,-204.0379929328));
#1906 = ( GEOMETRIC_REPRESENTATION_CONTEXT(2) 
PARAMETRIC_REPRESENTATION_CONTEXT() REPRESENTATION_CONTEXT('2D SPACE',''
  ) );
#1907 = PCURVE('',#1856,#1908);
#1908 = DEFINITIONAL_REPRESENTATION('',(#1909),#1912);
#1909 = B_SPLINE_CURVE_WITH_KNOTS('',1,(#1910,#1911),.UNSPECIFIED.,.F.,
  .F.,(2,2),(0.,2.4),.PIECEWISE_BEZIER_KNOTS.);
#1910 = CARTESIAN_POINT('',(2.088919921301,0.));
#1911 = CARTESIAN_POINT('',(2.088919921301,2.4));
#1912 = ( GEOMETRIC_REPRESENTATION_CONTEXT(2) 
PARAMETRIC_REPRESENTATION_CONTEXT() REPRESENTATION_CONTEXT('2D SPACE',''
  ) );
#1913 = ORIENTED_EDGE('',*,*,#1914,.F.);
#1914 = EDGE_CURVE('',#1915,#1894,#1917,.T.);
#1915 = VERTEX_POINT('',#1916);
#1916 = CARTESIAN_POINT('',(23.,37.,-99.44799293286));
#1917 = SURFACE_CURVE('',#1918,(#1922,#1929),.PCURVE_S1.);
#1918 = LINE('',#1919,#1920);
#1919 = CARTESIAN_POINT('',(23.,37.,-111.41));
#1920 = VECTOR('',#1921,1.);
#1921 = DIRECTION('',(0.,0.,1.));
#1922 = PCURVE('',#398,#1923);
#1923 = DEFINITIONAL_REPRESENTATION('',(#1924),#1928);
#1924 = LINE('',#1925,#1926);
#1925 = CARTESIAN_POINT('',(45.,0.));
#1926 = VECTOR('',#1927,1.);
#1927 = DIRECTION('',(0.,-1.));
#1928 = ( GEOMETRIC_REPRESENTATION_CONTEXT(2) 
PARAMETRIC_REPRESENTATION_CONTEXT() REPRESENTATION_CONTEXT('2D SPACE',''
  ) );
#1929 = PCURVE('',#1930,#1935);
#1930 = CYLINDRICAL_SURFACE('',#1931,8.);
#1931 = AXIS2_PLACEMENT_3D('',#1932,#1933,#1934);
#1932 = CARTESIAN_POINT('',(15.,37.,-111.41));
#1933 = DIRECTION('',(-0.,-0.,-1.));
#1934 = DIRECTION('',(1.,0.,-0.));
#1935 = DEFINITIONAL_REPRESENTATION('',(#1936),#1940);
#1936 = LINE('',#1937,#1938);
#1937 = CARTESIAN_POINT('',(-0.,0.));
#1938 = VECTOR('',#1939,1.);
#1939 = DIRECTION('',(-0.,-1.));
#1940 = ( GEOMETRIC_REPRESENTATION_CONTEXT(2) 
PARAMETRIC_REPRESENTATION_CONTEXT() REPRESENTATION_CONTEXT('2D SPACE',''
  ) );
#1941 = ORIENTED_EDGE('',*,*,#1942,.F.);
#1942 = EDGE_CURVE('',#1943,#1915,#1945,.T.);
#1943 = VERTEX_POINT('',#1944);
#1944 = CARTESIAN_POINT('',(23.,34.6,-99.44799293286));
#1945 = SURFACE_CURVE('',#1946,(#1950,#1956),.PCURVE_S1.);
#1946 = LINE('',#1947,#1948);
#1947 = CARTESIAN_POINT('',(23.,34.6,-99.44799293286));
#1948 = VECTOR('',#1949,1.);
#1949 = DIRECTION('',(0.,1.,0.));
#1950 = PCURVE('',#398,#1951);
#1951 = DEFINITIONAL_REPRESENTATION('',(#1952),#1955);
#1952 = B_SPLINE_CURVE_WITH_KNOTS('',1,(#1953,#1954),.UNSPECIFIED.,.F.,
  .F.,(2,2),(-5.999999999062E-07,6.9),.PIECEWISE_BEZIER_KNOTS.);
#1953 = CARTESIAN_POINT('',(42.5999994,-11.96200706713));
#1954 = CARTESIAN_POINT('',(49.5,-11.96200706713));
#1955 = ( GEOMETRIC_REPRESENTATION_CONTEXT(2) 
PARAMETRIC_REPRESENTATION_CONTEXT() REPRESENTATION_CONTEXT('2D SPACE',''
  ) );
#1956 = PCURVE('',#1957,#1962);
#1957 = CYLINDRICAL_SURFACE('',#1958,8.);
#1958 = AXIS2_PLACEMENT_3D('',#1959,#1960,#1961);
#1959 = CARTESIAN_POINT('',(16.05,34.6,-103.41));
#1960 = DIRECTION('',(0.,1.,0.));
#1961 = DIRECTION('',(0.,-0.,1.));
#1962 = DEFINITIONAL_REPRESENTATION('',(#1963),#1966);
#1963 = B_SPLINE_CURVE_WITH_KNOTS('',1,(#1964,#1965),.UNSPECIFIED.,.F.,
  .F.,(2,2),(0.,2.4),.PIECEWISE_BEZIER_KNOTS.);
#1964 = CARTESIAN_POINT('',(7.335858039468,0.));
#1965 = CARTESIAN_POINT('',(7.335858039468,2.4));
#1966 = ( GEOMETRIC_REPRESENTATION_CONTEXT(2) 
PARAMETRIC_REPRESENTATION_CONTEXT() REPRESENTATION_CONTEXT('2D SPACE',''
  ) );
#1967 = ORIENTED_EDGE('',*,*,#1968,.T.);
#1968 = EDGE_CURVE('',#1943,#1969,#1971,.T.);
#1969 = VERTEX_POINT('',#1970);
#1970 = CARTESIAN_POINT('',(23.,34.6,-107.3720070671));
#1971 = SURFACE_CURVE('',#1972,(#1976,#1982),.PCURVE_S1.);
#1972 = LINE('',#1973,#1974);
#1973 = CARTESIAN_POINT('',(23.,34.6,-107.41));
#1974 = VECTOR('',#1975,1.);
#1975 = DIRECTION('',(0.,0.,-1.));
#1976 = PCURVE('',#398,#1977);
#1977 = DEFINITIONAL_REPRESENTATION('',(#1978),#1981);
#1978 = B_SPLINE_CURVE_WITH_KNOTS('',1,(#1979,#1980),.UNSPECIFIED.,.F.,
  .F.,(2,2),(-12.,4.),.PIECEWISE_BEZIER_KNOTS.);
#1979 = CARTESIAN_POINT('',(42.6,-16.));
#1980 = CARTESIAN_POINT('',(42.6,0.));
#1981 = ( GEOMETRIC_REPRESENTATION_CONTEXT(2) 
PARAMETRIC_REPRESENTATION_CONTEXT() REPRESENTATION_CONTEXT('2D SPACE',''
  ) );
#1982 = PCURVE('',#1983,#1988);
#1983 = PLANE('',#1984);
#1984 = AXIS2_PLACEMENT_3D('',#1985,#1986,#1987);
#1985 = CARTESIAN_POINT('',(16.05,34.6,-103.41));
#1986 = DIRECTION('',(0.,1.,0.));
#1987 = DIRECTION('',(0.,-0.,1.));
#1988 = DEFINITIONAL_REPRESENTATION('',(#1989),#1992);
#1989 = B_SPLINE_CURVE_WITH_KNOTS('',1,(#1990,#1991),.UNSPECIFIED.,.F.,
  .F.,(2,2),(-12.,4.),.PIECEWISE_BEZIER_KNOTS.);
#1990 = CARTESIAN_POINT('',(8.,6.95));
#1991 = CARTESIAN_POINT('',(-8.,6.95));
#1992 = ( GEOMETRIC_REPRESENTATION_CONTEXT(2) 
PARAMETRIC_REPRESENTATION_CONTEXT() REPRESENTATION_CONTEXT('2D SPACE',''
  ) );
#1993 = ORIENTED_EDGE('',*,*,#1994,.T.);
#1994 = EDGE_CURVE('',#1969,#1995,#1997,.T.);
#1995 = VERTEX_POINT('',#1996);
#1996 = CARTESIAN_POINT('',(23.,37.,-107.3720070671));
#1997 = SURFACE_CURVE('',#1998,(#2002,#2008),.PCURVE_S1.);
#1998 = LINE('',#1999,#2000);
#1999 = CARTESIAN_POINT('',(23.,34.6,-107.3720070671));
#2000 = VECTOR('',#2001,1.);
#2001 = DIRECTION('',(0.,1.,0.));
#2002 = PCURVE('',#398,#2003);
#2003 = DEFINITIONAL_REPRESENTATION('',(#2004),#2007);
#2004 = B_SPLINE_CURVE_WITH_KNOTS('',1,(#2005,#2006),.UNSPECIFIED.,.F.,
  .F.,(2,2),(-5.999999999062E-07,6.9),.PIECEWISE_BEZIER_KNOTS.);
#2005 = CARTESIAN_POINT('',(42.5999994,-4.037992932868));
#2006 = CARTESIAN_POINT('',(49.5,-4.037992932868));
#2007 = ( GEOMETRIC_REPRESENTATION_CONTEXT(2) 
PARAMETRIC_REPRESENTATION_CONTEXT() REPRESENTATION_CONTEXT('2D SPACE',''
  ) );
#2008 = PCURVE('',#1957,#2009);
#2009 = DEFINITIONAL_REPRESENTATION('',(#2010),#2013);
#2010 = B_SPLINE_CURVE_WITH_KNOTS('',1,(#2011,#2012),.UNSPECIFIED.,.F.,
  .F.,(2,2),(0.,2.4),.PIECEWISE_BEZIER_KNOTS.);
#2011 = CARTESIAN_POINT('',(2.088919921301,0.));
#2012 = CARTESIAN_POINT('',(2.088919921301,2.4));
#2013 = ( GEOMETRIC_REPRESENTATION_CONTEXT(2) 
PARAMETRIC_REPRESENTATION_CONTEXT() REPRESENTATION_CONTEXT('2D SPACE',''
  ) );
#2014 = ORIENTED_EDGE('',*,*,#2015,.F.);
#2015 = EDGE_CURVE('',#1373,#1995,#2016,.T.);
#2016 = SURFACE_CURVE('',#2017,(#2021,#2028),.PCURVE_S1.);
#2017 = LINE('',#2018,#2019);
#2018 = CARTESIAN_POINT('',(23.,37.,-111.41));
#2019 = VECTOR('',#2020,1.);
#2020 = DIRECTION('',(0.,0.,1.));
#2021 = PCURVE('',#398,#2022);
#2022 = DEFINITIONAL_REPRESENTATION('',(#2023),#2027);
#2023 = LINE('',#2024,#2025);
#2024 = CARTESIAN_POINT('',(45.,0.));
#2025 = VECTOR('',#2026,1.);
#2026 = DIRECTION('',(0.,-1.));
#2027 = ( GEOMETRIC_REPRESENTATION_CONTEXT(2) 
PARAMETRIC_REPRESENTATION_CONTEXT() REPRESENTATION_CONTEXT('2D SPACE',''
  ) );
#2028 = PCURVE('',#1416,#2029);
#2029 = DEFINITIONAL_REPRESENTATION('',(#2030),#2034);
#2030 = LINE('',#2031,#2032);
#2031 = CARTESIAN_POINT('',(-0.,0.));
#2032 = VECTOR('',#2033,1.);
#2033 = DIRECTION('',(-0.,-1.));
#2034 = ( GEOMETRIC_REPRESENTATION_CONTEXT(2) 
PARAMETRIC_REPRESENTATION_CONTEXT() REPRESENTATION_CONTEXT('2D SPACE',''
  ) );
#2035 = ADVANCED_FACE('',(#2036),#431,.F.);
#2036 = FACE_BOUND('',#2037,.T.);
#2037 = EDGE_LOOP('',(#2038,#2146,#2147));
#2038 = ORIENTED_EDGE('',*,*,#2039,.T.);
#2039 = EDGE_CURVE('',#411,#1819,#2040,.T.);
#2040 = SURFACE_CURVE('',#2041,(#2074,#2110),.PCURVE_S1.);
#2041 = B_SPLINE_CURVE_WITH_KNOTS('',7,(#2042,#2043,#2044,#2045,#2046,
    #2047,#2048,#2049,#2050,#2051,#2052,#2053,#2054,#2055,#2056,#2057,
    #2058,#2059,#2060,#2061,#2062,#2063,#2064,#2065,#2066,#2067,#2068,
    #2069,#2070,#2071,#2072,#2073),.UNSPECIFIED.,.F.,.F.,(8,6,6,6,6,8),(
    0.,0.175243276747,0.282442877978,0.574594201622,0.841549287692,1.),
  .UNSPECIFIED.);
#2042 = CARTESIAN_POINT('',(16.05,44.930794411659,104.59));
#2043 = CARTESIAN_POINT('',(16.431203693638,44.88032482973,104.59));
#2044 = CARTESIAN_POINT('',(16.803844824438,44.809237036355,
    104.56880771935));
#2045 = CARTESIAN_POINT('',(17.165673303527,44.71900787667,
    104.52813853202));
#2046 = CARTESIAN_POINT('',(17.514600784164,44.611515168861,
    104.47004137302));
#2047 = CARTESIAN_POINT('',(17.848712713309,44.489035467685,
    104.39689705871));
#2048 = CARTESIAN_POINT('',(18.166278574223,44.354256675384,
    104.31140228806));
#2049 = CARTESIAN_POINT('',(18.648958924554,44.122247864457,
    104.15850987016));
#2050 = CARTESIAN_POINT('',(18.826171036026,44.030382790279,
    104.09672761116));
#2051 = CARTESIAN_POINT('',(18.997531193013,43.935088442169,
    104.03163337145));
#2052 = CARTESIAN_POINT('',(19.163187018038,43.836702727946,
    103.96362485212));
#2053 = CARTESIAN_POINT('',(19.323298776116,43.735522155532,
    103.89305816809));
#2054 = CARTESIAN_POINT('',(19.478038933202,43.631800689917,
    103.82024938423));
#2055 = CARTESIAN_POINT('',(20.035168259217,43.236724629365,
    103.54169611308));
#2056 = CARTESIAN_POINT('',(20.405204226928,42.929689569475,
    103.32283025265));
#2057 = CARTESIAN_POINT('',(20.740651999365,42.609042248952,
    103.09457812423));
#2058 = CARTESIAN_POINT('',(21.044609663571,42.277499892729,
    102.86108819352));
#2059 = CARTESIAN_POINT('',(21.32004758994,41.936248462706,
    102.62542716799));
#2060 = CARTESIAN_POINT('',(21.56947273434,41.585191347737,
    102.39000795429));
#2061 = CARTESIAN_POINT('',(22.000381964682,40.891859837825,
    101.94540381441));
#2062 = CARTESIAN_POINT('',(22.18480943356,40.553145719913,
    101.73680241221));
#2063 = CARTESIAN_POINT('',(22.349907365112,40.205395607242,
    101.53372654978));
#2064 = CARTESIAN_POINT('',(22.496201347961,39.847417688733,
    101.33899658932));
#2065 = CARTESIAN_POINT('',(22.623232072203,39.478631541929,
    101.15712237692));
#2066 = CARTESIAN_POINT('',(22.730230118028,39.098715263798,
    100.99457350677));
#2067 = CARTESIAN_POINT('',(22.866660841309,38.473902904331,
    100.77834143072));
#2068 = CARTESIAN_POINT('',(22.910269610226,38.235397934123,
    100.70674706156));
#2069 = CARTESIAN_POINT('',(22.94576589602,37.992845506028,
    100.64659799067));
#2070 = CARTESIAN_POINT('',(22.972702948029,37.747413913491,
    100.59989171279));
#2071 = CARTESIAN_POINT('',(22.990841775961,37.499844949681,
    100.56807153584));
#2072 = CARTESIAN_POINT('',(23.,37.250598129187,100.55200706713));
#2073 = CARTESIAN_POINT('',(23.,37.,100.55200706713));
#2074 = PCURVE('',#431,#2075);
#2075 = DEFINITIONAL_REPRESENTATION('',(#2076),#2109);
#2076 = B_SPLINE_CURVE_WITH_KNOTS('',7,(#2077,#2078,#2079,#2080,#2081,
    #2082,#2083,#2084,#2085,#2086,#2087,#2088,#2089,#2090,#2091,#2092,
    #2093,#2094,#2095,#2096,#2097,#2098,#2099,#2100,#2101,#2102,#2103,
    #2104,#2105,#2106,#2107,#2108),.UNSPECIFIED.,.F.,.F.,(8,6,6,6,6,8),(
    0.,0.175243276747,0.282442877978,0.574594201622,0.841549287692,1.),
  .UNSPECIFIED.);
#2077 = CARTESIAN_POINT('',(-1.439166544254,-216.));
#2078 = CARTESIAN_POINT('',(-1.391100275751,-216.));
#2079 = CARTESIAN_POINT('',(-1.343756796562,-215.9788077193));
#2080 = CARTESIAN_POINT('',(-1.297257797661,-215.938138532));
#2081 = CARTESIAN_POINT('',(-1.251736038453,-215.880041373));
#2082 = CARTESIAN_POINT('',(-1.207345038268,-215.8068970587));
#2083 = CARTESIAN_POINT('',(-1.164269132897,-215.721402288));
#2084 = CARTESIAN_POINT('',(-1.097326012342,-215.5685098701));
#2085 = CARTESIAN_POINT('',(-1.072386383668,-215.5067276111));
#2086 = CARTESIAN_POINT('',(-1.047893569364,-215.4416333714));
#2087 = CARTESIAN_POINT('',(-1.023826848231,-215.3736248521));
#2088 = CARTESIAN_POINT('',(-1.000165434369,-215.303058168));
#2089 = CARTESIAN_POINT('',(-0.9768876929,-215.2302493842));
#2090 = CARTESIAN_POINT('',(-0.891513683066,-214.951696113));
#2091 = CARTESIAN_POINT('',(-0.83158252667,-214.7328302526));
#2092 = CARTESIAN_POINT('',(-0.773795921126,-214.5045781242));
#2093 = CARTESIAN_POINT('',(-0.717781422666,-214.2710881935));
#2094 = CARTESIAN_POINT('',(-0.663130275672,-214.0354271679));
#2095 = CARTESIAN_POINT('',(-0.609402094185,-213.8000079542));
#2096 = CARTESIAN_POINT('',(-0.507361098484,-213.3554038144));
#2097 = CARTESIAN_POINT('',(-0.459232086549,-213.1468024122));
#2098 = CARTESIAN_POINT('',(-0.411230076192,-212.9437265497));
#2099 = CARTESIAN_POINT('',(-0.363026439717,-212.7489965893));
#2100 = CARTESIAN_POINT('',(-0.314395922236,-212.5671223769));
#2101 = CARTESIAN_POINT('',(-0.265146319389,-212.4045735067));
#2102 = CARTESIAN_POINT('',(-0.185204560629,-212.1883414307));
#2103 = CARTESIAN_POINT('',(-0.154914884586,-212.1167470615));
#2104 = CARTESIAN_POINT('',(-0.124303965299,-212.0565979906));
#2105 = CARTESIAN_POINT('',(-9.347704303423E-02,-212.0098917127));
#2106 = CARTESIAN_POINT('',(-6.248057944456E-02,-211.9780715358));
#2107 = CARTESIAN_POINT('',(-3.132476614834E-02,-211.9620070671));
#2108 = CARTESIAN_POINT('',(0.,-211.9620070671));
#2109 = ( GEOMETRIC_REPRESENTATION_CONTEXT(2) 
PARAMETRIC_REPRESENTATION_CONTEXT() REPRESENTATION_CONTEXT('2D SPACE',''
  ) );
#2110 = PCURVE('',#1856,#2111);
#2111 = DEFINITIONAL_REPRESENTATION('',(#2112),#2145);
#2112 = B_SPLINE_CURVE_WITH_KNOTS('',7,(#2113,#2114,#2115,#2116,#2117,
    #2118,#2119,#2120,#2121,#2122,#2123,#2124,#2125,#2126,#2127,#2128,
    #2129,#2130,#2131,#2132,#2133,#2134,#2135,#2136,#2137,#2138,#2139,
    #2140,#2141,#2142,#2143,#2144),.UNSPECIFIED.,.F.,.F.,(8,6,6,6,6,8),(
    0.,0.175243276747,0.282442877978,0.574594201622,0.841549287692,1.),
  .UNSPECIFIED.);
#2113 = CARTESIAN_POINT('',(6.28318530718,10.330794411659));
#2114 = CARTESIAN_POINT('',(6.330835768884,10.28032482973));
#2115 = CARTESIAN_POINT('',(6.377415935254,10.209237036355));
#2116 = CARTESIAN_POINT('',(6.422821133347,10.11900787667));
#2117 = CARTESIAN_POINT('',(6.466931572031,10.011515168862));
#2118 = CARTESIAN_POINT('',(6.509605672875,9.889035467685));
#2119 = CARTESIAN_POINT('',(6.550675429703,9.754256675384));
#2120 = CARTESIAN_POINT('',(6.613964993916,9.522247864457));
#2121 = CARTESIAN_POINT('',(6.637414481441,9.430382790279));
#2122 = CARTESIAN_POINT('',(6.660314233565,9.335088442169));
#2123 = CARTESIAN_POINT('',(6.68268469701,9.236702727946));
#2124 = CARTESIAN_POINT('',(6.704545488537,9.135522155532));
#2125 = CARTESIAN_POINT('',(6.72591609245,9.031800689917));
#2126 = CARTESIAN_POINT('',(6.803776645963,8.636724629365));
#2127 = CARTESIAN_POINT('',(6.857382870269,8.329689569475));
#2128 = CARTESIAN_POINT('',(6.907948300485,8.009042248952));
#2129 = CARTESIAN_POINT('',(6.955730297798,7.677499892729));
#2130 = CARTESIAN_POINT('',(7.000953158039,7.336248462706));
#2131 = CARTESIAN_POINT('',(7.043783117136,6.985191347737));
#2132 = CARTESIAN_POINT('',(7.121177763873,6.291859837825));
#2133 = CARTESIAN_POINT('',(7.15594608772,5.953145719913));
#2134 = CARTESIAN_POINT('',(7.188619407043,5.605395607242));
#2135 = CARTESIAN_POINT('',(7.219028316842,5.247417688733));
#2136 = CARTESIAN_POINT('',(7.246741643965,4.878631541929));
#2137 = CARTESIAN_POINT('',(7.271062625608,4.498715263798));
#2138 = CARTESIAN_POINT('',(7.303021987736,3.873902904331));
#2139 = CARTESIAN_POINT('',(7.313499396225,3.635397934123));
#2140 = CARTESIAN_POINT('',(7.322228697596,3.392845506028));
#2141 = CARTESIAN_POINT('',(7.328968109302,3.147413913491));
#2142 = CARTESIAN_POINT('',(7.333546626245,2.899844949681));
#2143 = CARTESIAN_POINT('',(7.335858039468,2.650598129187));
#2144 = CARTESIAN_POINT('',(7.335858039468,2.4));
#2145 = ( GEOMETRIC_REPRESENTATION_CONTEXT(2) 
PARAMETRIC_REPRESENTATION_CONTEXT() REPRESENTATION_CONTEXT('2D SPACE',''
  ) );
#2146 = ORIENTED_EDGE('',*,*,#1818,.T.);
#2147 = ORIENTED_EDGE('',*,*,#410,.T.);
#2148 = ADVANCED_FACE('',(#2149),#464,.F.);
#2149 = FACE_BOUND('',#2150,.T.);
#2150 = EDGE_LOOP('',(#2151,#2189,#2190));
#2151 = ORIENTED_EDGE('',*,*,#2152,.T.);
#2152 = EDGE_CURVE('',#2153,#411,#2155,.T.);
#2153 = VERTEX_POINT('',#2154);
#2154 = CARTESIAN_POINT('',(15.,45.,104.52079441165));
#2155 = SURFACE_CURVE('',#2156,(#2165,#2177),.PCURVE_S1.);
#2156 = B_SPLINE_CURVE_WITH_KNOTS('',4,(#2157,#2158,#2159,#2160,#2161,
    #2162,#2163,#2164),.UNSPECIFIED.,.F.,.F.,(5,3,5),(0.,0.498631693895,
    1.),.UNSPECIFIED.);
#2157 = CARTESIAN_POINT('',(15.,45.,104.52079441165));
#2158 = CARTESIAN_POINT('',(15.130155396207,45.,104.53802637593));
#2159 = CARTESIAN_POINT('',(15.261037412946,44.997176779309,
    104.55245670054));
#2160 = CARTESIAN_POINT('',(15.392297958372,44.991458310955,
    104.56400354087));
#2161 = CARTESIAN_POINT('',(15.655540822327,44.974193395469,
    104.58136389272));
#2162 = CARTESIAN_POINT('',(15.787525918341,44.962615014684,
    104.58714570762));
#2163 = CARTESIAN_POINT('',(15.919130271023,44.948120950249,104.59));
#2164 = CARTESIAN_POINT('',(16.05,44.930794411659,104.59));
#2165 = PCURVE('',#464,#2166);
#2166 = DEFINITIONAL_REPRESENTATION('',(#2167),#2176);
#2167 = B_SPLINE_CURVE_WITH_KNOTS('',4,(#2168,#2169,#2170,#2171,#2172,
    #2173,#2174,#2175),.UNSPECIFIED.,.F.,.F.,(5,3,5),(0.,0.498631693895,
    1.),.UNSPECIFIED.);
#2168 = CARTESIAN_POINT('',(-1.570796326795,-215.9307944116));
#2169 = CARTESIAN_POINT('',(-1.554526902269,-215.9480263759));
#2170 = CARTESIAN_POINT('',(-1.538166675009,-215.9624567005));
#2171 = CARTESIAN_POINT('',(-1.521747525149,-215.9740035408));
#2172 = CARTESIAN_POINT('',(-1.488771472586,-215.9913638927));
#2173 = CARTESIAN_POINT('',(-1.47221401197,-215.9971457076));
#2174 = CARTESIAN_POINT('',(-1.455668009579,-216.));
#2175 = CARTESIAN_POINT('',(-1.439166544254,-216.));
#2176 = ( GEOMETRIC_REPRESENTATION_CONTEXT(2) 
PARAMETRIC_REPRESENTATION_CONTEXT() REPRESENTATION_CONTEXT('2D SPACE',''
  ) );
#2177 = PCURVE('',#1856,#2178);
#2178 = DEFINITIONAL_REPRESENTATION('',(#2179),#2188);
#2179 = B_SPLINE_CURVE_WITH_KNOTS('',4,(#2180,#2181,#2182,#2183,#2184,
    #2185,#2186,#2187),.UNSPECIFIED.,.F.,.F.,(5,3,5),(0.,0.498631693895,
    1.),.UNSPECIFIED.);
#2180 = CARTESIAN_POINT('',(6.151555524639,10.4));
#2181 = CARTESIAN_POINT('',(6.167966919192,10.4));
#2182 = CARTESIAN_POINT('',(6.184422365668,10.397176779309));
#2183 = CARTESIAN_POINT('',(6.200889325509,10.391458310955));
#2184 = CARTESIAN_POINT('',(6.233866160949,10.374193395469));
#2185 = CARTESIAN_POINT('',(6.25037607251,10.362615014684));
#2186 = CARTESIAN_POINT('',(6.266826591057,10.348120950249));
#2187 = CARTESIAN_POINT('',(6.28318530718,10.330794411659));
#2188 = ( GEOMETRIC_REPRESENTATION_CONTEXT(2) 
PARAMETRIC_REPRESENTATION_CONTEXT() REPRESENTATION_CONTEXT('2D SPACE',''
  ) );
#2189 = ORIENTED_EDGE('',*,*,#443,.T.);
#2190 = ORIENTED_EDGE('',*,*,#2191,.F.);
#2191 = EDGE_CURVE('',#2153,#444,#2192,.T.);
#2192 = SURFACE_CURVE('',#2193,(#2197,#2204),.PCURVE_S1.);
#2193 = LINE('',#2194,#2195);
#2194 = CARTESIAN_POINT('',(15.,45.,-111.41));
#2195 = VECTOR('',#2196,1.);
#2196 = DIRECTION('',(0.,0.,1.));
#2197 = PCURVE('',#464,#2198);
#2198 = DEFINITIONAL_REPRESENTATION('',(#2199),#2203);
#2199 = LINE('',#2200,#2201);
#2200 = CARTESIAN_POINT('',(-1.570796326795,0.));
#2201 = VECTOR('',#2202,1.);
#2202 = DIRECTION('',(-0.,-1.));
#2203 = ( GEOMETRIC_REPRESENTATION_CONTEXT(2) 
PARAMETRIC_REPRESENTATION_CONTEXT() REPRESENTATION_CONTEXT('2D SPACE',''
  ) );
#2204 = PCURVE('',#492,#2205);
#2205 = DEFINITIONAL_REPRESENTATION('',(#2206),#2210);
#2206 = LINE('',#2207,#2208);
#2207 = CARTESIAN_POINT('',(-184.61,-137.5));
#2208 = VECTOR('',#2209,1.);
#2209 = DIRECTION('',(1.,0.));
#2210 = ( GEOMETRIC_REPRESENTATION_CONTEXT(2) 
PARAMETRIC_REPRESENTATION_CONTEXT() REPRESENTATION_CONTEXT('2D SPACE',''
  ) );
#2211 = ADVANCED_FACE('',(#2212),#492,.F.);
#2212 = FACE_BOUND('',#2213,.F.);
#2213 = EDGE_LOOP('',(#2214,#2215,#2240));
#2214 = ORIENTED_EDGE('',*,*,#2191,.F.);
#2215 = ORIENTED_EDGE('',*,*,#2216,.T.);
#2216 = EDGE_CURVE('',#2153,#477,#2217,.T.);
#2217 = SURFACE_CURVE('',#2218,(#2223,#2234),.PCURVE_S1.);
#2218 = CIRCLE('',#2219,8.);
#2219 = AXIS2_PLACEMENT_3D('',#2220,#2221,#2222);
#2220 = CARTESIAN_POINT('',(16.05,45.,96.59));
#2221 = DIRECTION('',(0.,1.,0.));
#2222 = DIRECTION('',(0.,-0.,1.));
#2223 = PCURVE('',#492,#2224);
#2224 = DEFINITIONAL_REPRESENTATION('',(#2225),#2233);
#2225 = ( BOUNDED_CURVE() B_SPLINE_CURVE(2,(#2226,#2227,#2228,#2229,
#2230,#2231,#2232),.UNSPECIFIED.,.T.,.F.) B_SPLINE_CURVE_WITH_KNOTS((1,2
    ,2,2,2,1),(-2.094395102393,0.,2.094395102393,4.188790204786,
6.28318530718,8.377580409573),.UNSPECIFIED.) CURVE() 
GEOMETRIC_REPRESENTATION_ITEM() RATIONAL_B_SPLINE_CURVE((1.,0.5,1.,0.5,
1.,0.5,1.)) REPRESENTATION_ITEM('') );
#2226 = CARTESIAN_POINT('',(31.39,-138.55));
#2227 = CARTESIAN_POINT('',(31.39,-152.4064064605));
#2228 = CARTESIAN_POINT('',(19.39,-145.4782032302));
#2229 = CARTESIAN_POINT('',(7.39,-138.55));
#2230 = CARTESIAN_POINT('',(19.39,-131.6217967697));
#2231 = CARTESIAN_POINT('',(31.39,-124.6935935394));
#2232 = CARTESIAN_POINT('',(31.39,-138.55));
#2233 = ( GEOMETRIC_REPRESENTATION_CONTEXT(2) 
PARAMETRIC_REPRESENTATION_CONTEXT() REPRESENTATION_CONTEXT('2D SPACE',''
  ) );
#2234 = PCURVE('',#1856,#2235);
#2235 = DEFINITIONAL_REPRESENTATION('',(#2236),#2239);
#2236 = B_SPLINE_CURVE_WITH_KNOTS('',1,(#2237,#2238),.UNSPECIFIED.,.F.,
  .F.,(2,2),(6.151555524639,6.28318530718),.PIECEWISE_BEZIER_KNOTS.);
#2237 = CARTESIAN_POINT('',(6.151555524639,10.4));
#2238 = CARTESIAN_POINT('',(6.28318530718,10.4));
#2239 = ( GEOMETRIC_REPRESENTATION_CONTEXT(2) 
PARAMETRIC_REPRESENTATION_CONTEXT() REPRESENTATION_CONTEXT('2D SPACE',''
  ) );
#2240 = ORIENTED_EDGE('',*,*,#476,.F.);
#2241 = ADVANCED_FACE('',(#2242),#520,.F.);
#2242 = FACE_BOUND('',#2243,.F.);
#2243 = EDGE_LOOP('',(#2244,#2245,#2272));
#2244 = ORIENTED_EDGE('',*,*,#504,.F.);
#2245 = ORIENTED_EDGE('',*,*,#2246,.T.);
#2246 = EDGE_CURVE('',#477,#2247,#2249,.T.);
#2247 = VERTEX_POINT('',#2248);
#2248 = CARTESIAN_POINT('',(23.02,45.,100.51671618531));
#2249 = SURFACE_CURVE('',#2250,(#2255,#2266),.PCURVE_S1.);
#2250 = CIRCLE('',#2251,8.);
#2251 = AXIS2_PLACEMENT_3D('',#2252,#2253,#2254);
#2252 = CARTESIAN_POINT('',(16.05,45.,96.59));
#2253 = DIRECTION('',(0.,1.,0.));
#2254 = DIRECTION('',(0.,-0.,1.));
#2255 = PCURVE('',#520,#2256);
#2256 = DEFINITIONAL_REPRESENTATION('',(#2257),#2265);
#2257 = ( BOUNDED_CURVE() B_SPLINE_CURVE(2,(#2258,#2259,#2260,#2261,
#2262,#2263,#2264),.UNSPECIFIED.,.T.,.F.) B_SPLINE_CURVE_WITH_KNOTS((1,2
    ,2,2,2,1),(-2.094395102393,0.,2.094395102393,4.188790204786,
6.28318530718,8.377580409573),.UNSPECIFIED.) CURVE() 
GEOMETRIC_REPRESENTATION_ITEM() RATIONAL_B_SPLINE_CURVE((1.,0.5,1.,0.5,
1.,0.5,1.)) REPRESENTATION_ITEM('') );
#2258 = CARTESIAN_POINT('',(31.39,-138.55));
#2259 = CARTESIAN_POINT('',(31.39,-152.4064064605));
#2260 = CARTESIAN_POINT('',(19.39,-145.4782032302));
#2261 = CARTESIAN_POINT('',(7.39,-138.55));
#2262 = CARTESIAN_POINT('',(19.39,-131.6217967697));
#2263 = CARTESIAN_POINT('',(31.39,-124.6935935394));
#2264 = CARTESIAN_POINT('',(31.39,-138.55));
#2265 = ( GEOMETRIC_REPRESENTATION_CONTEXT(2) 
PARAMETRIC_REPRESENTATION_CONTEXT() REPRESENTATION_CONTEXT('2D SPACE',''
  ) );
#2266 = PCURVE('',#1856,#2267);
#2267 = DEFINITIONAL_REPRESENTATION('',(#2268),#2271);
#2268 = B_SPLINE_CURVE_WITH_KNOTS('',1,(#2269,#2270),.UNSPECIFIED.,.F.,
  .F.,(2,2),(0.,1.057743250422),.PIECEWISE_BEZIER_KNOTS.);
#2269 = CARTESIAN_POINT('',(6.28318530718,10.4));
#2270 = CARTESIAN_POINT('',(7.340928557601,10.4));
#2271 = ( GEOMETRIC_REPRESENTATION_CONTEXT(2) 
PARAMETRIC_REPRESENTATION_CONTEXT() REPRESENTATION_CONTEXT('2D SPACE',''
  ) );
#2272 = ORIENTED_EDGE('',*,*,#2273,.T.);
#2273 = EDGE_CURVE('',#2247,#505,#2274,.T.);
#2274 = SURFACE_CURVE('',#2275,(#2279,#2286),.PCURVE_S1.);
#2275 = LINE('',#2276,#2277);
#2276 = CARTESIAN_POINT('',(23.02,45.,73.2));
#2277 = VECTOR('',#2278,1.);
#2278 = DIRECTION('',(0.,0.,1.));
#2279 = PCURVE('',#520,#2280);
#2280 = DEFINITIONAL_REPRESENTATION('',(#2281),#2285);
#2281 = LINE('',#2282,#2283);
#2282 = CARTESIAN_POINT('',(0.,-145.52));
#2283 = VECTOR('',#2284,1.);
#2284 = DIRECTION('',(1.,0.));
#2285 = ( GEOMETRIC_REPRESENTATION_CONTEXT(2) 
PARAMETRIC_REPRESENTATION_CONTEXT() REPRESENTATION_CONTEXT('2D SPACE',''
  ) );
#2286 = PCURVE('',#548,#2287);
#2287 = DEFINITIONAL_REPRESENTATION('',(#2288),#2292);
#2288 = LINE('',#2289,#2290);
#2289 = CARTESIAN_POINT('',(16.631542014395,1.063457985605));
#2290 = VECTOR('',#2291,1.);
#2291 = DIRECTION('',(-1.,0.));
#2292 = ( GEOMETRIC_REPRESENTATION_CONTEXT(2) 
PARAMETRIC_REPRESENTATION_CONTEXT() REPRESENTATION_CONTEXT('2D SPACE',''
  ) );
#2293 = ADVANCED_FACE('',(#2294),#548,.T.);
#2294 = FACE_BOUND('',#2295,.T.);
#2295 = EDGE_LOOP('',(#2296,#2317,#2318,#2319));
#2296 = ORIENTED_EDGE('',*,*,#2297,.F.);
#2297 = EDGE_CURVE('',#2247,#2298,#2300,.T.);
#2298 = VERTEX_POINT('',#2299);
#2299 = CARTESIAN_POINT('',(23.02,48.48094503795,100.51671618531));
#2300 = SURFACE_CURVE('',#2301,(#2305,#2311),.PCURVE_S1.);
#2301 = LINE('',#2302,#2303);
#2302 = CARTESIAN_POINT('',(23.02,34.6,100.51671618531));
#2303 = VECTOR('',#2304,1.);
#2304 = DIRECTION('',(0.,1.,0.));
#2305 = PCURVE('',#548,#2306);
#2306 = DEFINITIONAL_REPRESENTATION('',(#2307),#2310);
#2307 = B_SPLINE_CURVE_WITH_KNOTS('',1,(#2308,#2309),.UNSPECIFIED.,.F.,
  .F.,(2,2),(10.,14.8),.PIECEWISE_BEZIER_KNOTS.);
#2308 = CARTESIAN_POINT('',(-10.68517417091,1.463457985605));
#2309 = CARTESIAN_POINT('',(-10.68517417091,-3.336542014395));
#2310 = ( GEOMETRIC_REPRESENTATION_CONTEXT(2) 
PARAMETRIC_REPRESENTATION_CONTEXT() REPRESENTATION_CONTEXT('2D SPACE',''
  ) );
#2311 = PCURVE('',#1856,#2312);
#2312 = DEFINITIONAL_REPRESENTATION('',(#2313),#2316);
#2313 = B_SPLINE_CURVE_WITH_KNOTS('',1,(#2314,#2315),.UNSPECIFIED.,.F.,
  .F.,(2,2),(10.4,13.88094503795),.PIECEWISE_BEZIER_KNOTS.);
#2314 = CARTESIAN_POINT('',(7.340928557601,10.4));
#2315 = CARTESIAN_POINT('',(7.340928557601,13.88094503795));
#2316 = ( GEOMETRIC_REPRESENTATION_CONTEXT(2) 
PARAMETRIC_REPRESENTATION_CONTEXT() REPRESENTATION_CONTEXT('2D SPACE',''
  ) );
#2317 = ORIENTED_EDGE('',*,*,#2273,.T.);
#2318 = ORIENTED_EDGE('',*,*,#532,.T.);
#2319 = ORIENTED_EDGE('',*,*,#2320,.T.);
#2320 = EDGE_CURVE('',#533,#2298,#2321,.T.);
#2321 = SURFACE_CURVE('',#2322,(#2326,#2333),.PCURVE_S1.);
#2322 = LINE('',#2323,#2324);
#2323 = CARTESIAN_POINT('',(23.02,49.,104.59));
#2324 = VECTOR('',#2325,1.);
#2325 = DIRECTION('',(0.,-0.126406941083,-0.991978470152));
#2326 = PCURVE('',#548,#2327);
#2327 = DEFINITIONAL_REPRESENTATION('',(#2328),#2332);
#2328 = LINE('',#2329,#2330);
#2329 = CARTESIAN_POINT('',(-14.7584579856,-2.936542014395));
#2330 = VECTOR('',#2331,1.);
#2331 = DIRECTION('',(0.991978470152,0.126406941083));
#2332 = ( GEOMETRIC_REPRESENTATION_CONTEXT(2) 
PARAMETRIC_REPRESENTATION_CONTEXT() REPRESENTATION_CONTEXT('2D SPACE',''
  ) );
#2333 = PCURVE('',#576,#2334);
#2334 = DEFINITIONAL_REPRESENTATION('',(#2335),#2339);
#2335 = LINE('',#2336,#2337);
#2336 = CARTESIAN_POINT('',(0.,-145.52));
#2337 = VECTOR('',#2338,1.);
#2338 = DIRECTION('',(1.,0.));
#2339 = ( GEOMETRIC_REPRESENTATION_CONTEXT(2) 
PARAMETRIC_REPRESENTATION_CONTEXT() REPRESENTATION_CONTEXT('2D SPACE',''
  ) );
#2340 = ADVANCED_FACE('',(#2341),#576,.F.);
#2341 = FACE_BOUND('',#2342,.F.);
#2342 = EDGE_LOOP('',(#2343,#2371,#2372));
#2343 = ORIENTED_EDGE('',*,*,#2344,.F.);
#2344 = EDGE_CURVE('',#561,#2298,#2345,.T.);
#2345 = SURFACE_CURVE('',#2346,(#2351,#2358),.PCURVE_S1.);
#2346 = ELLIPSE('',#2347,8.064691160858,8.);
#2347 = AXIS2_PLACEMENT_3D('',#2348,#2349,#2350);
#2348 = CARTESIAN_POINT('',(16.05,47.980567059573,96.59));
#2349 = DIRECTION('',(0.,0.991978470152,-0.126406941083));
#2350 = DIRECTION('',(0.,0.126406941083,0.991978470152));
#2351 = PCURVE('',#576,#2352);
#2352 = DEFINITIONAL_REPRESENTATION('',(#2353),#2357);
#2353 = ELLIPSE('',#2354,8.064691160858,8.);
#2354 = AXIS2_PLACEMENT_2D('',#2355,#2356);
#2355 = CARTESIAN_POINT('',(8.064691160858,-138.55));
#2356 = DIRECTION('',(-1.,0.));
#2357 = ( GEOMETRIC_REPRESENTATION_CONTEXT(2) 
PARAMETRIC_REPRESENTATION_CONTEXT() REPRESENTATION_CONTEXT('2D SPACE',''
  ) );
#2358 = PCURVE('',#1856,#2359);
#2359 = DEFINITIONAL_REPRESENTATION('',(#2360),#2370);
#2360 = B_SPLINE_CURVE_WITH_KNOTS('',8,(#2361,#2362,#2363,#2364,#2365,
    #2366,#2367,#2368,#2369),.UNSPECIFIED.,.F.,.F.,(9,9),(0.,
    1.057743250422),.PIECEWISE_BEZIER_KNOTS.);
#2361 = CARTESIAN_POINT('',(6.28318530718,14.4));
#2362 = CARTESIAN_POINT('',(6.415403213482,14.4));
#2363 = CARTESIAN_POINT('',(6.547621119785,14.379632451654));
#2364 = CARTESIAN_POINT('',(6.679839026088,14.338899012964));
#2365 = CARTESIAN_POINT('',(6.81205693239,14.278556417514));
#2366 = CARTESIAN_POINT('',(6.944274838693,14.200125773151));
#2367 = CARTESIAN_POINT('',(7.076492744996,14.105814740379));
#2368 = CARTESIAN_POINT('',(7.208710651299,13.998378457619));
#2369 = CARTESIAN_POINT('',(7.340928557601,13.880945080491));
#2370 = ( GEOMETRIC_REPRESENTATION_CONTEXT(2) 
PARAMETRIC_REPRESENTATION_CONTEXT() REPRESENTATION_CONTEXT('2D SPACE',''
  ) );
#2371 = ORIENTED_EDGE('',*,*,#560,.T.);
#2372 = ORIENTED_EDGE('',*,*,#2320,.T.);
#2373 = ADVANCED_FACE('',(#2374,#2550),#604,.F.);
#2374 = FACE_BOUND('',#2375,.F.);
#2375 = EDGE_LOOP('',(#2376,#2399,#2400,#2401,#2445,#2473,#2501,#2529));
#2376 = ORIENTED_EDGE('',*,*,#2377,.F.);
#2377 = EDGE_CURVE('',#617,#2378,#2380,.T.);
#2378 = VERTEX_POINT('',#2379);
#2379 = CARTESIAN_POINT('',(-122.5,45.,73.2));
#2380 = SURFACE_CURVE('',#2381,(#2385,#2392),.PCURVE_S1.);
#2381 = LINE('',#2382,#2383);
#2382 = CARTESIAN_POINT('',(-122.5,49.,104.59));
#2383 = VECTOR('',#2384,1.);
#2384 = DIRECTION('',(0.,-0.126406941083,-0.991978470152));
#2385 = PCURVE('',#604,#2386);
#2386 = DEFINITIONAL_REPRESENTATION('',(#2387),#2391);
#2387 = LINE('',#2388,#2389);
#2388 = CARTESIAN_POINT('',(0.,0.));
#2389 = VECTOR('',#2390,1.);
#2390 = DIRECTION('',(1.,0.));
#2391 = ( GEOMETRIC_REPRESENTATION_CONTEXT(2) 
PARAMETRIC_REPRESENTATION_CONTEXT() REPRESENTATION_CONTEXT('2D SPACE',''
  ) );
#2392 = PCURVE('',#655,#2393);
#2393 = DEFINITIONAL_REPRESENTATION('',(#2394),#2398);
#2394 = LINE('',#2395,#2396);
#2395 = CARTESIAN_POINT('',(-14.7584579856,-2.936542014395));
#2396 = VECTOR('',#2397,1.);
#2397 = DIRECTION('',(0.991978470152,0.126406941083));
#2398 = ( GEOMETRIC_REPRESENTATION_CONTEXT(2) 
PARAMETRIC_REPRESENTATION_CONTEXT() REPRESENTATION_CONTEXT('2D SPACE',''
  ) );
#2399 = ORIENTED_EDGE('',*,*,#616,.T.);
#2400 = ORIENTED_EDGE('',*,*,#588,.T.);
#2401 = ORIENTED_EDGE('',*,*,#2402,.F.);
#2402 = EDGE_CURVE('',#2403,#561,#2405,.T.);
#2403 = VERTEX_POINT('',#2404);
#2404 = CARTESIAN_POINT('',(23.02,47.480189081196,92.663283814687));
#2405 = SURFACE_CURVE('',#2406,(#2411,#2418),.PCURVE_S1.);
#2406 = ELLIPSE('',#2407,8.064691160858,8.);
#2407 = AXIS2_PLACEMENT_3D('',#2408,#2409,#2410);
#2408 = CARTESIAN_POINT('',(16.05,47.980567059573,96.59));
#2409 = DIRECTION('',(0.,0.991978470152,-0.126406941083));
#2410 = DIRECTION('',(0.,0.126406941083,0.991978470152));
#2411 = PCURVE('',#604,#2412);
#2412 = DEFINITIONAL_REPRESENTATION('',(#2413),#2417);
#2413 = ELLIPSE('',#2414,8.064691160858,8.);
#2414 = AXIS2_PLACEMENT_2D('',#2415,#2416);
#2415 = CARTESIAN_POINT('',(8.064691160858,-138.55));
#2416 = DIRECTION('',(-1.,0.));
#2417 = ( GEOMETRIC_REPRESENTATION_CONTEXT(2) 
PARAMETRIC_REPRESENTATION_CONTEXT() REPRESENTATION_CONTEXT('2D SPACE',''
  ) );
#2418 = PCURVE('',#1856,#2419);
#2419 = DEFINITIONAL_REPRESENTATION('',(#2420),#2444);
#2420 = B_SPLINE_CURVE_WITH_KNOTS('',8,(#2421,#2422,#2423,#2424,#2425,
    #2426,#2427,#2428,#2429,#2430,#2431,#2432,#2433,#2434,#2435,#2436,
    #2437,#2438,#2439,#2440,#2441,#2442,#2443),.UNSPECIFIED.,.F.,.F.,(9,
    7,7,9),(2.083849403168,3.926990816987,5.105088062083,6.28318530718),
  .UNSPECIFIED.);
#2421 = CARTESIAN_POINT('',(2.083849403167,12.880189128421));
#2422 = CARTESIAN_POINT('',(2.314242079893,12.675558717806));
#2423 = CARTESIAN_POINT('',(2.544634756619,12.50128293761));
#2424 = CARTESIAN_POINT('',(2.775027433345,12.37391346836));
#2425 = CARTESIAN_POINT('',(3.005420110071,12.306565781946));
#2426 = CARTESIAN_POINT('',(3.235812786801,12.306104477706));
#2427 = CARTESIAN_POINT('',(3.466205463531,12.371292738226));
#2428 = CARTESIAN_POINT('',(3.69659814026,12.493641026838));
#2429 = CARTESIAN_POINT('',(4.074252972624,12.76587273672));
#2430 = CARTESIAN_POINT('',(4.221515128261,12.88989199721));
#2431 = CARTESIAN_POINT('',(4.3687772839,13.028268808046));
#2432 = CARTESIAN_POINT('',(4.516039439537,13.176669329852));
#2433 = CARTESIAN_POINT('',(4.663301595173,13.33017483074));
#2434 = CARTESIAN_POINT('',(4.81056375081,13.483625589356));
#2435 = CARTESIAN_POINT('',(4.957825906446,13.631990764813));
#2436 = CARTESIAN_POINT('',(5.25235021772,13.909383547751));
#2437 = CARTESIAN_POINT('',(5.399612373358,14.038411053714));
#2438 = CARTESIAN_POINT('',(5.546874528993,14.153186949713));
#2439 = CARTESIAN_POINT('',(5.694136684632,14.24957360243));
#2440 = CARTESIAN_POINT('',(5.841398840269,14.324202974043));
#2441 = CARTESIAN_POINT('',(5.988660995905,14.374734117213));
#2442 = CARTESIAN_POINT('',(6.135923151543,14.4));
#2443 = CARTESIAN_POINT('',(6.28318530718,14.4));
#2444 = ( GEOMETRIC_REPRESENTATION_CONTEXT(2) 
PARAMETRIC_REPRESENTATION_CONTEXT() REPRESENTATION_CONTEXT('2D SPACE',''
  ) );
#2445 = ORIENTED_EDGE('',*,*,#2446,.T.);
#2446 = EDGE_CURVE('',#2403,#2447,#2449,.T.);
#2447 = VERTEX_POINT('',#2448);
#2448 = CARTESIAN_POINT('',(23.02,45.,73.2));
#2449 = SURFACE_CURVE('',#2450,(#2454,#2461),.PCURVE_S1.);
#2450 = LINE('',#2451,#2452);
#2451 = CARTESIAN_POINT('',(23.02,49.,104.59));
#2452 = VECTOR('',#2453,1.);
#2453 = DIRECTION('',(0.,-0.126406941083,-0.991978470152));
#2454 = PCURVE('',#604,#2455);
#2455 = DEFINITIONAL_REPRESENTATION('',(#2456),#2460);
#2456 = LINE('',#2457,#2458);
#2457 = CARTESIAN_POINT('',(0.,-145.52));
#2458 = VECTOR('',#2459,1.);
#2459 = DIRECTION('',(1.,0.));
#2460 = ( GEOMETRIC_REPRESENTATION_CONTEXT(2) 
PARAMETRIC_REPRESENTATION_CONTEXT() REPRESENTATION_CONTEXT('2D SPACE',''
  ) );
#2461 = PCURVE('',#2462,#2467);
#2462 = PLANE('',#2463);
#2463 = AXIS2_PLACEMENT_3D('',#2464,#2465,#2466);
#2464 = CARTESIAN_POINT('',(23.02,46.063457985605,89.831542014395));
#2465 = DIRECTION('',(-1.,-0.,-0.));
#2466 = DIRECTION('',(0.,0.,-1.));
#2467 = DEFINITIONAL_REPRESENTATION('',(#2468),#2472);
#2468 = LINE('',#2469,#2470);
#2469 = CARTESIAN_POINT('',(-14.7584579856,-2.936542014395));
#2470 = VECTOR('',#2471,1.);
#2471 = DIRECTION('',(0.991978470152,0.126406941083));
#2472 = ( GEOMETRIC_REPRESENTATION_CONTEXT(2) 
PARAMETRIC_REPRESENTATION_CONTEXT() REPRESENTATION_CONTEXT('2D SPACE',''
  ) );
#2473 = ORIENTED_EDGE('',*,*,#2474,.F.);
#2474 = EDGE_CURVE('',#2475,#2447,#2477,.T.);
#2475 = VERTEX_POINT('',#2476);
#2476 = CARTESIAN_POINT('',(15.,45.,73.2));
#2477 = SURFACE_CURVE('',#2478,(#2482,#2489),.PCURVE_S1.);
#2478 = LINE('',#2479,#2480);
#2479 = CARTESIAN_POINT('',(-122.5,45.,73.2));
#2480 = VECTOR('',#2481,1.);
#2481 = DIRECTION('',(1.,0.,0.));
#2482 = PCURVE('',#604,#2483);
#2483 = DEFINITIONAL_REPRESENTATION('',(#2484),#2488);
#2484 = LINE('',#2485,#2486);
#2485 = CARTESIAN_POINT('',(31.643831942418,0.));
#2486 = VECTOR('',#2487,1.);
#2487 = DIRECTION('',(0.,-1.));
#2488 = ( GEOMETRIC_REPRESENTATION_CONTEXT(2) 
PARAMETRIC_REPRESENTATION_CONTEXT() REPRESENTATION_CONTEXT('2D SPACE',''
  ) );
#2489 = PCURVE('',#2490,#2495);
#2490 = PLANE('',#2491);
#2491 = AXIS2_PLACEMENT_3D('',#2492,#2493,#2494);
#2492 = CARTESIAN_POINT('',(-122.5,45.,73.2));
#2493 = DIRECTION('',(0.,-1.,0.));
#2494 = DIRECTION('',(0.,0.,1.));
#2495 = DEFINITIONAL_REPRESENTATION('',(#2496),#2500);
#2496 = LINE('',#2497,#2498);
#2497 = CARTESIAN_POINT('',(0.,0.));
#2498 = VECTOR('',#2499,1.);
#2499 = DIRECTION('',(0.,-1.));
#2500 = ( GEOMETRIC_REPRESENTATION_CONTEXT(2) 
PARAMETRIC_REPRESENTATION_CONTEXT() REPRESENTATION_CONTEXT('2D SPACE',''
  ) );
#2501 = ORIENTED_EDGE('',*,*,#2502,.F.);
#2502 = EDGE_CURVE('',#2503,#2475,#2505,.T.);
#2503 = VERTEX_POINT('',#2504);
#2504 = CARTESIAN_POINT('',(-110.5,45.,73.2));
#2505 = SURFACE_CURVE('',#2506,(#2510,#2517),.PCURVE_S1.);
#2506 = LINE('',#2507,#2508);
#2507 = CARTESIAN_POINT('',(-122.5,45.,73.2));
#2508 = VECTOR('',#2509,1.);
#2509 = DIRECTION('',(1.,0.,0.));
#2510 = PCURVE('',#604,#2511);
#2511 = DEFINITIONAL_REPRESENTATION('',(#2512),#2516);
#2512 = LINE('',#2513,#2514);
#2513 = CARTESIAN_POINT('',(31.643831942418,0.));
#2514 = VECTOR('',#2515,1.);
#2515 = DIRECTION('',(0.,-1.));
#2516 = ( GEOMETRIC_REPRESENTATION_CONTEXT(2) 
PARAMETRIC_REPRESENTATION_CONTEXT() REPRESENTATION_CONTEXT('2D SPACE',''
  ) );
#2517 = PCURVE('',#2518,#2523);
#2518 = PLANE('',#2519);
#2519 = AXIS2_PLACEMENT_3D('',#2520,#2521,#2522);
#2520 = CARTESIAN_POINT('',(15.,45.,-111.41));
#2521 = DIRECTION('',(0.,-1.,0.));
#2522 = DIRECTION('',(-1.,0.,0.));
#2523 = DEFINITIONAL_REPRESENTATION('',(#2524),#2528);
#2524 = LINE('',#2525,#2526);
#2525 = CARTESIAN_POINT('',(137.5,-184.61));
#2526 = VECTOR('',#2527,1.);
#2527 = DIRECTION('',(-1.,-0.));
#2528 = ( GEOMETRIC_REPRESENTATION_CONTEXT(2) 
PARAMETRIC_REPRESENTATION_CONTEXT() REPRESENTATION_CONTEXT('2D SPACE',''
  ) );
#2529 = ORIENTED_EDGE('',*,*,#2530,.F.);
#2530 = EDGE_CURVE('',#2378,#2503,#2531,.T.);
#2531 = SURFACE_CURVE('',#2532,(#2536,#2543),.PCURVE_S1.);
#2532 = LINE('',#2533,#2534);
#2533 = CARTESIAN_POINT('',(-122.5,45.,73.2));
#2534 = VECTOR('',#2535,1.);
#2535 = DIRECTION('',(1.,0.,0.));
#2536 = PCURVE('',#604,#2537);
#2537 = DEFINITIONAL_REPRESENTATION('',(#2538),#2542);
#2538 = LINE('',#2539,#2540);
#2539 = CARTESIAN_POINT('',(31.643831942418,0.));
#2540 = VECTOR('',#2541,1.);
#2541 = DIRECTION('',(0.,-1.));
#2542 = ( GEOMETRIC_REPRESENTATION_CONTEXT(2) 
PARAMETRIC_REPRESENTATION_CONTEXT() REPRESENTATION_CONTEXT('2D SPACE',''
  ) );
#2543 = PCURVE('',#683,#2544);
#2544 = DEFINITIONAL_REPRESENTATION('',(#2545),#2549);
#2545 = LINE('',#2546,#2547);
#2546 = CARTESIAN_POINT('',(0.,0.));
#2547 = VECTOR('',#2548,1.);
#2548 = DIRECTION('',(0.,-1.));
#2549 = ( GEOMETRIC_REPRESENTATION_CONTEXT(2) 
PARAMETRIC_REPRESENTATION_CONTEXT() REPRESENTATION_CONTEXT('2D SPACE',''
  ) );
#2550 = FACE_BOUND('',#2551,.F.);
#2551 = EDGE_LOOP('',(#2552));
#2552 = ORIENTED_EDGE('',*,*,#2553,.F.);
#2553 = EDGE_CURVE('',#2554,#589,#2556,.T.);
#2554 = VERTEX_POINT('',#2555);
#2555 = CARTESIAN_POINT('',(-89.95,49.,104.59));
#2556 = SURFACE_CURVE('',#2557,(#2562,#2569),.PCURVE_S1.);
#2557 = ELLIPSE('',#2558,8.064691160858,8.);
#2558 = AXIS2_PLACEMENT_3D('',#2559,#2560,#2561);
#2559 = CARTESIAN_POINT('',(-89.95,47.980567059573,96.59));
#2560 = DIRECTION('',(0.,0.991978470152,-0.126406941083));
#2561 = DIRECTION('',(0.,0.126406941083,0.991978470152));
#2562 = PCURVE('',#604,#2563);
#2563 = DEFINITIONAL_REPRESENTATION('',(#2564),#2568);
#2564 = ELLIPSE('',#2565,8.064691160858,8.);
#2565 = AXIS2_PLACEMENT_2D('',#2566,#2567);
#2566 = CARTESIAN_POINT('',(8.064691160858,-32.55));
#2567 = DIRECTION('',(-1.,0.));
#2568 = ( GEOMETRIC_REPRESENTATION_CONTEXT(2) 
PARAMETRIC_REPRESENTATION_CONTEXT() REPRESENTATION_CONTEXT('2D SPACE',''
  ) );
#2569 = PCURVE('',#2570,#2575);
#2570 = CYLINDRICAL_SURFACE('',#2571,8.);
#2571 = AXIS2_PLACEMENT_3D('',#2572,#2573,#2574);
#2572 = CARTESIAN_POINT('',(-89.95,34.6,96.59));
#2573 = DIRECTION('',(0.,1.,0.));
#2574 = DIRECTION('',(0.,-0.,1.));
#2575 = DEFINITIONAL_REPRESENTATION('',(#2576),#2607);
#2576 = B_SPLINE_CURVE_WITH_KNOTS('',8,(#2577,#2578,#2579,#2580,#2581,
    #2582,#2583,#2584,#2585,#2586,#2587,#2588,#2589,#2590,#2591,#2592,
    #2593,#2594,#2595,#2596,#2597,#2598,#2599,#2600,#2601,#2602,#2603,
    #2604,#2605,#2606),.UNSPECIFIED.,.F.,.F.,(9,7,7,7,9),(0.,
    1.570796326795,3.926990816987,5.105088062083,6.28318530718),
  .UNSPECIFIED.);
#2577 = CARTESIAN_POINT('',(0.,14.4));
#2578 = CARTESIAN_POINT('',(0.196349540849,14.4));
#2579 = CARTESIAN_POINT('',(0.392699081699,14.355082250949));
#2580 = CARTESIAN_POINT('',(0.589048622548,14.265252182902));
#2581 = CARTESIAN_POINT('',(0.785398163397,14.134187616643));
#2582 = CARTESIAN_POINT('',(0.981747704247,13.969305925047));
#2583 = CARTESIAN_POINT('',(1.178097245096,13.780896742457));
#2584 = CARTESIAN_POINT('',(1.374446785946,13.580732249353));
#2585 = CARTESIAN_POINT('',(1.865320638069,13.080319274904));
#2586 = CARTESIAN_POINT('',(2.159844949341,12.780070402212));
#2587 = CARTESIAN_POINT('',(2.454369260606,12.519518147004));
#2588 = CARTESIAN_POINT('',(2.748893571888,12.338302572774));
#2589 = CARTESIAN_POINT('',(3.043417883157,12.265243946109));
#2590 = CARTESIAN_POINT('',(3.33794219444,12.306567821821));
#2591 = CARTESIAN_POINT('',(3.632466505713,12.447411869856));
#2592 = CARTESIAN_POINT('',(4.074252972624,12.76587273672));
#2593 = CARTESIAN_POINT('',(4.221515128261,12.88989199721));
#2594 = CARTESIAN_POINT('',(4.3687772839,13.028268808046));
#2595 = CARTESIAN_POINT('',(4.516039439537,13.176669329852));
#2596 = CARTESIAN_POINT('',(4.663301595173,13.33017483074));
#2597 = CARTESIAN_POINT('',(4.81056375081,13.483625589356));
#2598 = CARTESIAN_POINT('',(4.957825906446,13.631990764813));
#2599 = CARTESIAN_POINT('',(5.25235021772,13.909383547751));
#2600 = CARTESIAN_POINT('',(5.399612373357,14.038411053714));
#2601 = CARTESIAN_POINT('',(5.546874528994,14.153186949713));
#2602 = CARTESIAN_POINT('',(5.694136684631,14.24957360243));
#2603 = CARTESIAN_POINT('',(5.841398840268,14.324202974043));
#2604 = CARTESIAN_POINT('',(5.988660995905,14.374734117213));
#2605 = CARTESIAN_POINT('',(6.135923151543,14.4));
#2606 = CARTESIAN_POINT('',(6.28318530718,14.4));
#2607 = ( GEOMETRIC_REPRESENTATION_CONTEXT(2) 
PARAMETRIC_REPRESENTATION_CONTEXT() REPRESENTATION_CONTEXT('2D SPACE',''
  ) );
#2608 = ADVANCED_FACE('',(#2609),#655,.F.);
#2609 = FACE_BOUND('',#2610,.F.);
#2610 = EDGE_LOOP('',(#2611,#2632,#2633));
#2611 = ORIENTED_EDGE('',*,*,#2612,.T.);
#2612 = EDGE_CURVE('',#2378,#640,#2613,.T.);
#2613 = SURFACE_CURVE('',#2614,(#2618,#2625),.PCURVE_S1.);
#2614 = LINE('',#2615,#2616);
#2615 = CARTESIAN_POINT('',(-122.5,45.,73.2));
#2616 = VECTOR('',#2617,1.);
#2617 = DIRECTION('',(0.,0.,1.));
#2618 = PCURVE('',#655,#2619);
#2619 = DEFINITIONAL_REPRESENTATION('',(#2620),#2624);
#2620 = LINE('',#2621,#2622);
#2621 = CARTESIAN_POINT('',(16.631542014395,1.063457985605));
#2622 = VECTOR('',#2623,1.);
#2623 = DIRECTION('',(-1.,0.));
#2624 = ( GEOMETRIC_REPRESENTATION_CONTEXT(2) 
PARAMETRIC_REPRESENTATION_CONTEXT() REPRESENTATION_CONTEXT('2D SPACE',''
  ) );
#2625 = PCURVE('',#683,#2626);
#2626 = DEFINITIONAL_REPRESENTATION('',(#2627),#2631);
#2627 = LINE('',#2628,#2629);
#2628 = CARTESIAN_POINT('',(0.,0.));
#2629 = VECTOR('',#2630,1.);
#2630 = DIRECTION('',(1.,0.));
#2631 = ( GEOMETRIC_REPRESENTATION_CONTEXT(2) 
PARAMETRIC_REPRESENTATION_CONTEXT() REPRESENTATION_CONTEXT('2D SPACE',''
  ) );
#2632 = ORIENTED_EDGE('',*,*,#639,.T.);
#2633 = ORIENTED_EDGE('',*,*,#2377,.T.);
#2634 = ADVANCED_FACE('',(#2635),#683,.F.);
#2635 = FACE_BOUND('',#2636,.F.);
#2636 = EDGE_LOOP('',(#2637,#2638,#2639,#2660));
#2637 = ORIENTED_EDGE('',*,*,#2612,.F.);
#2638 = ORIENTED_EDGE('',*,*,#2530,.T.);
#2639 = ORIENTED_EDGE('',*,*,#2640,.T.);
#2640 = EDGE_CURVE('',#2503,#668,#2641,.T.);
#2641 = SURFACE_CURVE('',#2642,(#2646,#2653),.PCURVE_S1.);
#2642 = LINE('',#2643,#2644);
#2643 = CARTESIAN_POINT('',(-110.5,45.,-111.41));
#2644 = VECTOR('',#2645,1.);
#2645 = DIRECTION('',(0.,0.,1.));
#2646 = PCURVE('',#683,#2647);
#2647 = DEFINITIONAL_REPRESENTATION('',(#2648),#2652);
#2648 = LINE('',#2649,#2650);
#2649 = CARTESIAN_POINT('',(-184.61,-12.));
#2650 = VECTOR('',#2651,1.);
#2651 = DIRECTION('',(1.,0.));
#2652 = ( GEOMETRIC_REPRESENTATION_CONTEXT(2) 
PARAMETRIC_REPRESENTATION_CONTEXT() REPRESENTATION_CONTEXT('2D SPACE',''
  ) );
#2653 = PCURVE('',#716,#2654);
#2654 = DEFINITIONAL_REPRESENTATION('',(#2655),#2659);
#2655 = LINE('',#2656,#2657);
#2656 = CARTESIAN_POINT('',(-0.,0.));
#2657 = VECTOR('',#2658,1.);
#2658 = DIRECTION('',(-0.,-1.));
#2659 = ( GEOMETRIC_REPRESENTATION_CONTEXT(2) 
PARAMETRIC_REPRESENTATION_CONTEXT() REPRESENTATION_CONTEXT('2D SPACE',''
  ) );
#2660 = ORIENTED_EDGE('',*,*,#667,.F.);
#2661 = ADVANCED_FACE('',(#2662),#716,.F.);
#2662 = FACE_BOUND('',#2663,.T.);
#2663 = EDGE_LOOP('',(#2664,#2687,#2708,#2709,#2710,#2731));
#2664 = ORIENTED_EDGE('',*,*,#2665,.T.);
#2665 = EDGE_CURVE('',#1653,#2666,#2668,.T.);
#2666 = VERTEX_POINT('',#2667);
#2667 = CARTESIAN_POINT('',(-110.5,45.,-79.9));
#2668 = SURFACE_CURVE('',#2669,(#2673,#2680),.PCURVE_S1.);
#2669 = LINE('',#2670,#2671);
#2670 = CARTESIAN_POINT('',(-110.5,45.,-111.41));
#2671 = VECTOR('',#2672,1.);
#2672 = DIRECTION('',(0.,0.,1.));
#2673 = PCURVE('',#716,#2674);
#2674 = DEFINITIONAL_REPRESENTATION('',(#2675),#2679);
#2675 = LINE('',#2676,#2677);
#2676 = CARTESIAN_POINT('',(-0.,0.));
#2677 = VECTOR('',#2678,1.);
#2678 = DIRECTION('',(-0.,-1.));
#2679 = ( GEOMETRIC_REPRESENTATION_CONTEXT(2) 
PARAMETRIC_REPRESENTATION_CONTEXT() REPRESENTATION_CONTEXT('2D SPACE',''
  ) );
#2680 = PCURVE('',#1668,#2681);
#2681 = DEFINITIONAL_REPRESENTATION('',(#2682),#2686);
#2682 = LINE('',#2683,#2684);
#2683 = CARTESIAN_POINT('',(31.51,-12.));
#2684 = VECTOR('',#2685,1.);
#2685 = DIRECTION('',(-1.,0.));
#2686 = ( GEOMETRIC_REPRESENTATION_CONTEXT(2) 
PARAMETRIC_REPRESENTATION_CONTEXT() REPRESENTATION_CONTEXT('2D SPACE',''
  ) );
#2687 = ORIENTED_EDGE('',*,*,#2688,.T.);
#2688 = EDGE_CURVE('',#2666,#2503,#2689,.T.);
#2689 = SURFACE_CURVE('',#2690,(#2694,#2701),.PCURVE_S1.);
#2690 = LINE('',#2691,#2692);
#2691 = CARTESIAN_POINT('',(-110.5,45.,-111.41));
#2692 = VECTOR('',#2693,1.);
#2693 = DIRECTION('',(0.,0.,1.));
#2694 = PCURVE('',#716,#2695);
#2695 = DEFINITIONAL_REPRESENTATION('',(#2696),#2700);
#2696 = LINE('',#2697,#2698);
#2697 = CARTESIAN_POINT('',(-0.,0.));
#2698 = VECTOR('',#2699,1.);
#2699 = DIRECTION('',(-0.,-1.));
#2700 = ( GEOMETRIC_REPRESENTATION_CONTEXT(2) 
PARAMETRIC_REPRESENTATION_CONTEXT() REPRESENTATION_CONTEXT('2D SPACE',''
  ) );
#2701 = PCURVE('',#2518,#2702);
#2702 = DEFINITIONAL_REPRESENTATION('',(#2703),#2707);
#2703 = LINE('',#2704,#2705);
#2704 = CARTESIAN_POINT('',(125.5,0.));
#2705 = VECTOR('',#2706,1.);
#2706 = DIRECTION('',(0.,-1.));
#2707 = ( GEOMETRIC_REPRESENTATION_CONTEXT(2) 
PARAMETRIC_REPRESENTATION_CONTEXT() REPRESENTATION_CONTEXT('2D SPACE',''
  ) );
#2708 = ORIENTED_EDGE('',*,*,#2640,.T.);
#2709 = ORIENTED_EDGE('',*,*,#695,.T.);
#2710 = ORIENTED_EDGE('',*,*,#2711,.F.);
#2711 = EDGE_CURVE('',#1681,#696,#2712,.T.);
#2712 = SURFACE_CURVE('',#2713,(#2717,#2724),.PCURVE_S1.);
#2713 = LINE('',#2714,#2715);
#2714 = CARTESIAN_POINT('',(-122.5,33.,-111.41));
#2715 = VECTOR('',#2716,1.);
#2716 = DIRECTION('',(0.,0.,1.));
#2717 = PCURVE('',#716,#2718);
#2718 = DEFINITIONAL_REPRESENTATION('',(#2719),#2723);
#2719 = LINE('',#2720,#2721);
#2720 = CARTESIAN_POINT('',(-1.570796326795,0.));
#2721 = VECTOR('',#2722,1.);
#2722 = DIRECTION('',(-0.,-1.));
#2723 = ( GEOMETRIC_REPRESENTATION_CONTEXT(2) 
PARAMETRIC_REPRESENTATION_CONTEXT() REPRESENTATION_CONTEXT('2D SPACE',''
  ) );
#2724 = PCURVE('',#742,#2725);
#2725 = DEFINITIONAL_REPRESENTATION('',(#2726),#2730);
#2726 = LINE('',#2727,#2728);
#2727 = CARTESIAN_POINT('',(0.,0.));
#2728 = VECTOR('',#2729,1.);
#2729 = DIRECTION('',(0.,-1.));
#2730 = ( GEOMETRIC_REPRESENTATION_CONTEXT(2) 
PARAMETRIC_REPRESENTATION_CONTEXT() REPRESENTATION_CONTEXT('2D SPACE',''
  ) );
#2731 = ORIENTED_EDGE('',*,*,#1680,.F.);
#2732 = ADVANCED_FACE('',(#2733),#742,.T.);
#2733 = FACE_BOUND('',#2734,.T.);
#2734 = EDGE_LOOP('',(#2735,#2736,#2737,#2738));
#2735 = ORIENTED_EDGE('',*,*,#2711,.T.);
#2736 = ORIENTED_EDGE('',*,*,#728,.T.);
#2737 = ORIENTED_EDGE('',*,*,#1732,.F.);
#2738 = ORIENTED_EDGE('',*,*,#1708,.F.);
#2739 = ADVANCED_FACE('',(#2740),#822,.T.);
#2740 = FACE_BOUND('',#2741,.T.);
#2741 = EDGE_LOOP('',(#2742,#2765,#2792,#2793));
#2742 = ORIENTED_EDGE('',*,*,#2743,.T.);
#2743 = EDGE_CURVE('',#806,#2744,#2746,.T.);
#2744 = VERTEX_POINT('',#2745);
#2745 = CARTESIAN_POINT('',(16.05,53.,103.59));
#2746 = SEAM_CURVE('',#2747,(#2751,#2758),.PCURVE_S1.);
#2747 = LINE('',#2748,#2749);
#2748 = CARTESIAN_POINT('',(16.05,49.,103.59));
#2749 = VECTOR('',#2750,1.);
#2750 = DIRECTION('',(0.,1.,0.));
#2751 = PCURVE('',#822,#2752);
#2752 = DEFINITIONAL_REPRESENTATION('',(#2753),#2757);
#2753 = LINE('',#2754,#2755);
#2754 = CARTESIAN_POINT('',(6.28318530718,-0.));
#2755 = VECTOR('',#2756,1.);
#2756 = DIRECTION('',(0.,1.));
#2757 = ( GEOMETRIC_REPRESENTATION_CONTEXT(2) 
PARAMETRIC_REPRESENTATION_CONTEXT() REPRESENTATION_CONTEXT('2D SPACE',''
  ) );
#2758 = PCURVE('',#822,#2759);
#2759 = DEFINITIONAL_REPRESENTATION('',(#2760),#2764);
#2760 = LINE('',#2761,#2762);
#2761 = CARTESIAN_POINT('',(0.,-0.));
#2762 = VECTOR('',#2763,1.);
#2763 = DIRECTION('',(0.,1.));
#2764 = ( GEOMETRIC_REPRESENTATION_CONTEXT(2) 
PARAMETRIC_REPRESENTATION_CONTEXT() REPRESENTATION_CONTEXT('2D SPACE',''
  ) );
#2765 = ORIENTED_EDGE('',*,*,#2766,.F.);
#2766 = EDGE_CURVE('',#2744,#2744,#2767,.T.);
#2767 = SURFACE_CURVE('',#2768,(#2773,#2780),.PCURVE_S1.);
#2768 = CIRCLE('',#2769,7.);
#2769 = AXIS2_PLACEMENT_3D('',#2770,#2771,#2772);
#2770 = CARTESIAN_POINT('',(16.05,53.,96.59));
#2771 = DIRECTION('',(0.,1.,0.));
#2772 = DIRECTION('',(0.,-0.,1.));
#2773 = PCURVE('',#822,#2774);
#2774 = DEFINITIONAL_REPRESENTATION('',(#2775),#2779);
#2775 = LINE('',#2776,#2777);
#2776 = CARTESIAN_POINT('',(0.,4.));
#2777 = VECTOR('',#2778,1.);
#2778 = DIRECTION('',(1.,0.));
#2779 = ( GEOMETRIC_REPRESENTATION_CONTEXT(2) 
PARAMETRIC_REPRESENTATION_CONTEXT() REPRESENTATION_CONTEXT('2D SPACE',''
  ) );
#2780 = PCURVE('',#2781,#2786);
#2781 = PLANE('',#2782);
#2782 = AXIS2_PLACEMENT_3D('',#2783,#2784,#2785);
#2783 = CARTESIAN_POINT('',(16.05,53.,96.59));
#2784 = DIRECTION('',(0.,1.,0.));
#2785 = DIRECTION('',(0.,-0.,1.));
#2786 = DEFINITIONAL_REPRESENTATION('',(#2787),#2791);
#2787 = CIRCLE('',#2788,7.);
#2788 = AXIS2_PLACEMENT_2D('',#2789,#2790);
#2789 = CARTESIAN_POINT('',(0.,0.));
#2790 = DIRECTION('',(1.,0.));
#2791 = ( GEOMETRIC_REPRESENTATION_CONTEXT(2) 
PARAMETRIC_REPRESENTATION_CONTEXT() REPRESENTATION_CONTEXT('2D SPACE',''
  ) );
#2792 = ORIENTED_EDGE('',*,*,#2743,.F.);
#2793 = ORIENTED_EDGE('',*,*,#805,.T.);
#2794 = ADVANCED_FACE('',(#2795),#880,.T.);
#2795 = FACE_BOUND('',#2796,.T.);
#2796 = EDGE_LOOP('',(#2797,#2820,#2847,#2848));
#2797 = ORIENTED_EDGE('',*,*,#2798,.T.);
#2798 = EDGE_CURVE('',#864,#2799,#2801,.T.);
#2799 = VERTEX_POINT('',#2800);
#2800 = CARTESIAN_POINT('',(-89.95,53.,103.59));
#2801 = SEAM_CURVE('',#2802,(#2806,#2813),.PCURVE_S1.);
#2802 = LINE('',#2803,#2804);
#2803 = CARTESIAN_POINT('',(-89.95,49.,103.59));
#2804 = VECTOR('',#2805,1.);
#2805 = DIRECTION('',(0.,1.,0.));
#2806 = PCURVE('',#880,#2807);
#2807 = DEFINITIONAL_REPRESENTATION('',(#2808),#2812);
#2808 = LINE('',#2809,#2810);
#2809 = CARTESIAN_POINT('',(6.28318530718,-0.));
#2810 = VECTOR('',#2811,1.);
#2811 = DIRECTION('',(0.,1.));
#2812 = ( GEOMETRIC_REPRESENTATION_CONTEXT(2) 
PARAMETRIC_REPRESENTATION_CONTEXT() REPRESENTATION_CONTEXT('2D SPACE',''
  ) );
#2813 = PCURVE('',#880,#2814);
#2814 = DEFINITIONAL_REPRESENTATION('',(#2815),#2819);
#2815 = LINE('',#2816,#2817);
#2816 = CARTESIAN_POINT('',(0.,-0.));
#2817 = VECTOR('',#2818,1.);
#2818 = DIRECTION('',(0.,1.));
#2819 = ( GEOMETRIC_REPRESENTATION_CONTEXT(2) 
PARAMETRIC_REPRESENTATION_CONTEXT() REPRESENTATION_CONTEXT('2D SPACE',''
  ) );
#2820 = ORIENTED_EDGE('',*,*,#2821,.F.);
#2821 = EDGE_CURVE('',#2799,#2799,#2822,.T.);
#2822 = SURFACE_CURVE('',#2823,(#2828,#2835),.PCURVE_S1.);
#2823 = CIRCLE('',#2824,7.);
#2824 = AXIS2_PLACEMENT_3D('',#2825,#2826,#2827);
#2825 = CARTESIAN_POINT('',(-89.95,53.,96.59));
#2826 = DIRECTION('',(0.,1.,0.));
#2827 = DIRECTION('',(0.,-0.,1.));
#2828 = PCURVE('',#880,#2829);
#2829 = DEFINITIONAL_REPRESENTATION('',(#2830),#2834);
#2830 = LINE('',#2831,#2832);
#2831 = CARTESIAN_POINT('',(0.,4.));
#2832 = VECTOR('',#2833,1.);
#2833 = DIRECTION('',(1.,0.));
#2834 = ( GEOMETRIC_REPRESENTATION_CONTEXT(2) 
PARAMETRIC_REPRESENTATION_CONTEXT() REPRESENTATION_CONTEXT('2D SPACE',''
  ) );
#2835 = PCURVE('',#2836,#2841);
#2836 = PLANE('',#2837);
#2837 = AXIS2_PLACEMENT_3D('',#2838,#2839,#2840);
#2838 = CARTESIAN_POINT('',(-89.95,53.,96.59));
#2839 = DIRECTION('',(0.,1.,0.));
#2840 = DIRECTION('',(0.,-0.,1.));
#2841 = DEFINITIONAL_REPRESENTATION('',(#2842),#2846);
#2842 = CIRCLE('',#2843,7.);
#2843 = AXIS2_PLACEMENT_2D('',#2844,#2845);
#2844 = CARTESIAN_POINT('',(0.,0.));
#2845 = DIRECTION('',(1.,0.));
#2846 = ( GEOMETRIC_REPRESENTATION_CONTEXT(2) 
PARAMETRIC_REPRESENTATION_CONTEXT() REPRESENTATION_CONTEXT('2D SPACE',''
  ) );
#2847 = ORIENTED_EDGE('',*,*,#2798,.F.);
#2848 = ORIENTED_EDGE('',*,*,#863,.T.);
#2849 = ADVANCED_FACE('',(#2850),#987,.F.);
#2850 = FACE_BOUND('',#2851,.F.);
#2851 = EDGE_LOOP('',(#2852,#2853,#2876,#2902));
#2852 = ORIENTED_EDGE('',*,*,#970,.F.);
#2853 = ORIENTED_EDGE('',*,*,#2854,.F.);
#2854 = EDGE_CURVE('',#2855,#971,#2857,.T.);
#2855 = VERTEX_POINT('',#2856);
#2856 = CARTESIAN_POINT('',(-78.25,45.,40.25));
#2857 = SEAM_CURVE('',#2858,(#2862,#2869),.PCURVE_S1.);
#2858 = LINE('',#2859,#2860);
#2859 = CARTESIAN_POINT('',(-78.25,45.,40.25));
#2860 = VECTOR('',#2861,1.);
#2861 = DIRECTION('',(0.,1.,0.));
#2862 = PCURVE('',#987,#2863);
#2863 = DEFINITIONAL_REPRESENTATION('',(#2864),#2868);
#2864 = LINE('',#2865,#2866);
#2865 = CARTESIAN_POINT('',(6.28318530718,-0.));
#2866 = VECTOR('',#2867,1.);
#2867 = DIRECTION('',(0.,1.));
#2868 = ( GEOMETRIC_REPRESENTATION_CONTEXT(2) 
PARAMETRIC_REPRESENTATION_CONTEXT() REPRESENTATION_CONTEXT('2D SPACE',''
  ) );
#2869 = PCURVE('',#987,#2870);
#2870 = DEFINITIONAL_REPRESENTATION('',(#2871),#2875);
#2871 = LINE('',#2872,#2873);
#2872 = CARTESIAN_POINT('',(0.,-0.));
#2873 = VECTOR('',#2874,1.);
#2874 = DIRECTION('',(0.,1.));
#2875 = ( GEOMETRIC_REPRESENTATION_CONTEXT(2) 
PARAMETRIC_REPRESENTATION_CONTEXT() REPRESENTATION_CONTEXT('2D SPACE',''
  ) );
#2876 = ORIENTED_EDGE('',*,*,#2877,.T.);
#2877 = EDGE_CURVE('',#2855,#2855,#2878,.T.);
#2878 = SURFACE_CURVE('',#2879,(#2884,#2891),.PCURVE_S1.);
#2879 = CIRCLE('',#2880,2.35);
#2880 = AXIS2_PLACEMENT_3D('',#2881,#2882,#2883);
#2881 = CARTESIAN_POINT('',(-78.25,45.,37.9));
#2882 = DIRECTION('',(0.,1.,0.));
#2883 = DIRECTION('',(0.,-0.,1.));
#2884 = PCURVE('',#987,#2885);
#2885 = DEFINITIONAL_REPRESENTATION('',(#2886),#2890);
#2886 = LINE('',#2887,#2888);
#2887 = CARTESIAN_POINT('',(0.,0.));
#2888 = VECTOR('',#2889,1.);
#2889 = DIRECTION('',(1.,0.));
#2890 = ( GEOMETRIC_REPRESENTATION_CONTEXT(2) 
PARAMETRIC_REPRESENTATION_CONTEXT() REPRESENTATION_CONTEXT('2D SPACE',''
  ) );
#2891 = PCURVE('',#2518,#2892);
#2892 = DEFINITIONAL_REPRESENTATION('',(#2893),#2901);
#2893 = ( BOUNDED_CURVE() B_SPLINE_CURVE(2,(#2894,#2895,#2896,#2897,
#2898,#2899,#2900),.UNSPECIFIED.,.T.,.F.) B_SPLINE_CURVE_WITH_KNOTS((1,2
    ,2,2,2,1),(-2.094395102393,0.,2.094395102393,4.188790204786,
6.28318530718,8.377580409573),.UNSPECIFIED.) CURVE() 
GEOMETRIC_REPRESENTATION_ITEM() RATIONAL_B_SPLINE_CURVE((1.,0.5,1.,0.5,
1.,0.5,1.)) REPRESENTATION_ITEM('') );
#2894 = CARTESIAN_POINT('',(93.25,-151.66));
#2895 = CARTESIAN_POINT('',(89.179680602213,-151.66));
#2896 = CARTESIAN_POINT('',(91.214840301107,-148.135));
#2897 = CARTESIAN_POINT('',(93.25,-144.61));
#2898 = CARTESIAN_POINT('',(95.285159698893,-148.135));
#2899 = CARTESIAN_POINT('',(97.320319397787,-151.66));
#2900 = CARTESIAN_POINT('',(93.25,-151.66));
#2901 = ( GEOMETRIC_REPRESENTATION_CONTEXT(2) 
PARAMETRIC_REPRESENTATION_CONTEXT() REPRESENTATION_CONTEXT('2D SPACE',''
  ) );
#2902 = ORIENTED_EDGE('',*,*,#2854,.T.);
#2903 = ADVANCED_FACE('',(#2904),#1018,.F.);
#2904 = FACE_BOUND('',#2905,.F.);
#2905 = EDGE_LOOP('',(#2906,#2907,#2930,#2956));
#2906 = ORIENTED_EDGE('',*,*,#1001,.F.);
#2907 = ORIENTED_EDGE('',*,*,#2908,.F.);
#2908 = EDGE_CURVE('',#2909,#1002,#2911,.T.);
#2909 = VERTEX_POINT('',#2910);
#2910 = CARTESIAN_POINT('',(4.25,45.,40.25));
#2911 = SEAM_CURVE('',#2912,(#2916,#2923),.PCURVE_S1.);
#2912 = LINE('',#2913,#2914);
#2913 = CARTESIAN_POINT('',(4.25,45.,40.25));
#2914 = VECTOR('',#2915,1.);
#2915 = DIRECTION('',(0.,1.,0.));
#2916 = PCURVE('',#1018,#2917);
#2917 = DEFINITIONAL_REPRESENTATION('',(#2918),#2922);
#2918 = LINE('',#2919,#2920);
#2919 = CARTESIAN_POINT('',(6.28318530718,-0.));
#2920 = VECTOR('',#2921,1.);
#2921 = DIRECTION('',(0.,1.));
#2922 = ( GEOMETRIC_REPRESENTATION_CONTEXT(2) 
PARAMETRIC_REPRESENTATION_CONTEXT() REPRESENTATION_CONTEXT('2D SPACE',''
  ) );
#2923 = PCURVE('',#1018,#2924);
#2924 = DEFINITIONAL_REPRESENTATION('',(#2925),#2929);
#2925 = LINE('',#2926,#2927);
#2926 = CARTESIAN_POINT('',(0.,-0.));
#2927 = VECTOR('',#2928,1.);
#2928 = DIRECTION('',(0.,1.));
#2929 = ( GEOMETRIC_REPRESENTATION_CONTEXT(2) 
PARAMETRIC_REPRESENTATION_CONTEXT() REPRESENTATION_CONTEXT('2D SPACE',''
  ) );
#2930 = ORIENTED_EDGE('',*,*,#2931,.T.);
#2931 = EDGE_CURVE('',#2909,#2909,#2932,.T.);
#2932 = SURFACE_CURVE('',#2933,(#2938,#2945),.PCURVE_S1.);
#2933 = CIRCLE('',#2934,2.35);
#2934 = AXIS2_PLACEMENT_3D('',#2935,#2936,#2937);
#2935 = CARTESIAN_POINT('',(4.25,45.,37.9));
#2936 = DIRECTION('',(0.,1.,0.));
#2937 = DIRECTION('',(0.,-0.,1.));
#2938 = PCURVE('',#1018,#2939);
#2939 = DEFINITIONAL_REPRESENTATION('',(#2940),#2944);
#2940 = LINE('',#2941,#2942);
#2941 = CARTESIAN_POINT('',(0.,0.));
#2942 = VECTOR('',#2943,1.);
#2943 = DIRECTION('',(1.,0.));
#2944 = ( GEOMETRIC_REPRESENTATION_CONTEXT(2) 
PARAMETRIC_REPRESENTATION_CONTEXT() REPRESENTATION_CONTEXT('2D SPACE',''
  ) );
#2945 = PCURVE('',#2518,#2946);
#2946 = DEFINITIONAL_REPRESENTATION('',(#2947),#2955);
#2947 = ( BOUNDED_CURVE() B_SPLINE_CURVE(2,(#2948,#2949,#2950,#2951,
#2952,#2953,#2954),.UNSPECIFIED.,.T.,.F.) B_SPLINE_CURVE_WITH_KNOTS((1,2
    ,2,2,2,1),(-2.094395102393,0.,2.094395102393,4.188790204786,
6.28318530718,8.377580409573),.UNSPECIFIED.) CURVE() 
GEOMETRIC_REPRESENTATION_ITEM() RATIONAL_B_SPLINE_CURVE((1.,0.5,1.,0.5,
1.,0.5,1.)) REPRESENTATION_ITEM('') );
#2948 = CARTESIAN_POINT('',(10.75,-151.66));
#2949 = CARTESIAN_POINT('',(6.679680602213,-151.66));
#2950 = CARTESIAN_POINT('',(8.714840301107,-148.135));
#2951 = CARTESIAN_POINT('',(10.75,-144.61));
#2952 = CARTESIAN_POINT('',(12.785159698893,-148.135));
#2953 = CARTESIAN_POINT('',(14.820319397787,-151.66));
#2954 = CARTESIAN_POINT('',(10.75,-151.66));
#2955 = ( GEOMETRIC_REPRESENTATION_CONTEXT(2) 
PARAMETRIC_REPRESENTATION_CONTEXT() REPRESENTATION_CONTEXT('2D SPACE',''
  ) );
#2956 = ORIENTED_EDGE('',*,*,#2908,.T.);
#2957 = ADVANCED_FACE('',(#2958),#1049,.F.);
#2958 = FACE_BOUND('',#2959,.F.);
#2959 = EDGE_LOOP('',(#2960,#2961,#2984,#3010));
#2960 = ORIENTED_EDGE('',*,*,#1032,.F.);
#2961 = ORIENTED_EDGE('',*,*,#2962,.F.);
#2962 = EDGE_CURVE('',#2963,#1033,#2965,.T.);
#2963 = VERTEX_POINT('',#2964);
#2964 = CARTESIAN_POINT('',(-78.25,45.,-42.25));
#2965 = SEAM_CURVE('',#2966,(#2970,#2977),.PCURVE_S1.);
#2966 = LINE('',#2967,#2968);
#2967 = CARTESIAN_POINT('',(-78.25,45.,-42.25));
#2968 = VECTOR('',#2969,1.);
#2969 = DIRECTION('',(0.,1.,0.));
#2970 = PCURVE('',#1049,#2971);
#2971 = DEFINITIONAL_REPRESENTATION('',(#2972),#2976);
#2972 = LINE('',#2973,#2974);
#2973 = CARTESIAN_POINT('',(6.28318530718,-0.));
#2974 = VECTOR('',#2975,1.);
#2975 = DIRECTION('',(0.,1.));
#2976 = ( GEOMETRIC_REPRESENTATION_CONTEXT(2) 
PARAMETRIC_REPRESENTATION_CONTEXT() REPRESENTATION_CONTEXT('2D SPACE',''
  ) );
#2977 = PCURVE('',#1049,#2978);
#2978 = DEFINITIONAL_REPRESENTATION('',(#2979),#2983);
#2979 = LINE('',#2980,#2981);
#2980 = CARTESIAN_POINT('',(0.,-0.));
#2981 = VECTOR('',#2982,1.);
#2982 = DIRECTION('',(0.,1.));
#2983 = ( GEOMETRIC_REPRESENTATION_CONTEXT(2) 
PARAMETRIC_REPRESENTATION_CONTEXT() REPRESENTATION_CONTEXT('2D SPACE',''
  ) );
#2984 = ORIENTED_EDGE('',*,*,#2985,.T.);
#2985 = EDGE_CURVE('',#2963,#2963,#2986,.T.);
#2986 = SURFACE_CURVE('',#2987,(#2992,#2999),.PCURVE_S1.);
#2987 = CIRCLE('',#2988,2.35);
#2988 = AXIS2_PLACEMENT_3D('',#2989,#2990,#2991);
#2989 = CARTESIAN_POINT('',(-78.25,45.,-44.6));
#2990 = DIRECTION('',(0.,1.,0.));
#2991 = DIRECTION('',(0.,-0.,1.));
#2992 = PCURVE('',#1049,#2993);
#2993 = DEFINITIONAL_REPRESENTATION('',(#2994),#2998);
#2994 = LINE('',#2995,#2996);
#2995 = CARTESIAN_POINT('',(0.,0.));
#2996 = VECTOR('',#2997,1.);
#2997 = DIRECTION('',(1.,0.));
#2998 = ( GEOMETRIC_REPRESENTATION_CONTEXT(2) 
PARAMETRIC_REPRESENTATION_CONTEXT() REPRESENTATION_CONTEXT('2D SPACE',''
  ) );
#2999 = PCURVE('',#2518,#3000);
#3000 = DEFINITIONAL_REPRESENTATION('',(#3001),#3009);
#3001 = ( BOUNDED_CURVE() B_SPLINE_CURVE(2,(#3002,#3003,#3004,#3005,
#3006,#3007,#3008),.UNSPECIFIED.,.T.,.F.) B_SPLINE_CURVE_WITH_KNOTS((1,2
    ,2,2,2,1),(-2.094395102393,0.,2.094395102393,4.188790204786,
6.28318530718,8.377580409573),.UNSPECIFIED.) CURVE() 
GEOMETRIC_REPRESENTATION_ITEM() RATIONAL_B_SPLINE_CURVE((1.,0.5,1.,0.5,
1.,0.5,1.)) REPRESENTATION_ITEM('') );
#3002 = CARTESIAN_POINT('',(93.25,-69.16));
#3003 = CARTESIAN_POINT('',(89.179680602213,-69.16));
#3004 = CARTESIAN_POINT('',(91.214840301107,-65.635));
#3005 = CARTESIAN_POINT('',(93.25,-62.11));
#3006 = CARTESIAN_POINT('',(95.285159698893,-65.635));
#3007 = CARTESIAN_POINT('',(97.320319397787,-69.16));
#3008 = CARTESIAN_POINT('',(93.25,-69.16));
#3009 = ( GEOMETRIC_REPRESENTATION_CONTEXT(2) 
PARAMETRIC_REPRESENTATION_CONTEXT() REPRESENTATION_CONTEXT('2D SPACE',''
  ) );
#3010 = ORIENTED_EDGE('',*,*,#2962,.T.);
#3011 = ADVANCED_FACE('',(#3012),#1084,.F.);
#3012 = FACE_BOUND('',#3013,.F.);
#3013 = EDGE_LOOP('',(#3014,#3038,#3059,#3060));
#3014 = ORIENTED_EDGE('',*,*,#3015,.F.);
#3015 = EDGE_CURVE('',#3016,#3016,#3018,.T.);
#3016 = VERTEX_POINT('',#3017);
#3017 = CARTESIAN_POINT('',(-37.,45.,-53.20714285714));
#3018 = SURFACE_CURVE('',#3019,(#3024,#3031),.PCURVE_S1.);
#3019 = CIRCLE('',#3020,49.857142857143);
#3020 = AXIS2_PLACEMENT_3D('',#3021,#3022,#3023);
#3021 = CARTESIAN_POINT('',(-37.,45.,-3.35));
#3022 = DIRECTION('',(0.,-1.,0.));
#3023 = DIRECTION('',(0.,-0.,-1.));
#3024 = PCURVE('',#1084,#3025);
#3025 = DEFINITIONAL_REPRESENTATION('',(#3026),#3030);
#3026 = LINE('',#3027,#3028);
#3027 = CARTESIAN_POINT('',(0.,4.1));
#3028 = VECTOR('',#3029,1.);
#3029 = DIRECTION('',(1.,0.));
#3030 = ( GEOMETRIC_REPRESENTATION_CONTEXT(2) 
PARAMETRIC_REPRESENTATION_CONTEXT() REPRESENTATION_CONTEXT('2D SPACE',''
  ) );
#3031 = PCURVE('',#2518,#3032);
#3032 = DEFINITIONAL_REPRESENTATION('',(#3033),#3037);
#3033 = CIRCLE('',#3034,49.857142857143);
#3034 = AXIS2_PLACEMENT_2D('',#3035,#3036);
#3035 = CARTESIAN_POINT('',(52.,-108.06));
#3036 = DIRECTION('',(-0.,1.));
#3037 = ( GEOMETRIC_REPRESENTATION_CONTEXT(2) 
PARAMETRIC_REPRESENTATION_CONTEXT() REPRESENTATION_CONTEXT('2D SPACE',''
  ) );
#3038 = ORIENTED_EDGE('',*,*,#3039,.F.);
#3039 = EDGE_CURVE('',#1064,#3016,#3040,.T.);
#3040 = SEAM_CURVE('',#3041,(#3045,#3052),.PCURVE_S1.);
#3041 = LINE('',#3042,#3043);
#3042 = CARTESIAN_POINT('',(-37.,49.1,-47.35));
#3043 = VECTOR('',#3044,1.);
#3044 = DIRECTION('',(-2.006539498446E-16,-0.573462344363,
    -0.819231920519));
#3045 = PCURVE('',#1084,#3046);
#3046 = DEFINITIONAL_REPRESENTATION('',(#3047),#3051);
#3047 = LINE('',#3048,#3049);
#3048 = CARTESIAN_POINT('',(6.28318530718,-0.));
#3049 = VECTOR('',#3050,1.);
#3050 = DIRECTION('',(0.,1.));
#3051 = ( GEOMETRIC_REPRESENTATION_CONTEXT(2) 
PARAMETRIC_REPRESENTATION_CONTEXT() REPRESENTATION_CONTEXT('2D SPACE',''
  ) );
#3052 = PCURVE('',#1084,#3053);
#3053 = DEFINITIONAL_REPRESENTATION('',(#3054),#3058);
#3054 = LINE('',#3055,#3056);
#3055 = CARTESIAN_POINT('',(0.,-0.));
#3056 = VECTOR('',#3057,1.);
#3057 = DIRECTION('',(0.,1.));
#3058 = ( GEOMETRIC_REPRESENTATION_CONTEXT(2) 
PARAMETRIC_REPRESENTATION_CONTEXT() REPRESENTATION_CONTEXT('2D SPACE',''
  ) );
#3059 = ORIENTED_EDGE('',*,*,#1063,.T.);
#3060 = ORIENTED_EDGE('',*,*,#3039,.T.);
#3061 = ADVANCED_FACE('',(#3062),#1115,.F.);
#3062 = FACE_BOUND('',#3063,.F.);
#3063 = EDGE_LOOP('',(#3064,#3065,#3088,#3114));
#3064 = ORIENTED_EDGE('',*,*,#1098,.F.);
#3065 = ORIENTED_EDGE('',*,*,#3066,.F.);
#3066 = EDGE_CURVE('',#3067,#1099,#3069,.T.);
#3067 = VERTEX_POINT('',#3068);
#3068 = CARTESIAN_POINT('',(4.25,45.,-42.25));
#3069 = SEAM_CURVE('',#3070,(#3074,#3081),.PCURVE_S1.);
#3070 = LINE('',#3071,#3072);
#3071 = CARTESIAN_POINT('',(4.25,45.,-42.25));
#3072 = VECTOR('',#3073,1.);
#3073 = DIRECTION('',(0.,1.,0.));
#3074 = PCURVE('',#1115,#3075);
#3075 = DEFINITIONAL_REPRESENTATION('',(#3076),#3080);
#3076 = LINE('',#3077,#3078);
#3077 = CARTESIAN_POINT('',(6.28318530718,-0.));
#3078 = VECTOR('',#3079,1.);
#3079 = DIRECTION('',(0.,1.));
#3080 = ( GEOMETRIC_REPRESENTATION_CONTEXT(2) 
PARAMETRIC_REPRESENTATION_CONTEXT() REPRESENTATION_CONTEXT('2D SPACE',''
  ) );
#3081 = PCURVE('',#1115,#3082);
#3082 = DEFINITIONAL_REPRESENTATION('',(#3083),#3087);
#3083 = LINE('',#3084,#3085);
#3084 = CARTESIAN_POINT('',(0.,-0.));
#3085 = VECTOR('',#3086,1.);
#3086 = DIRECTION('',(0.,1.));
#3087 = ( GEOMETRIC_REPRESENTATION_CONTEXT(2) 
PARAMETRIC_REPRESENTATION_CONTEXT() REPRESENTATION_CONTEXT('2D SPACE',''
  ) );
#3088 = ORIENTED_EDGE('',*,*,#3089,.T.);
#3089 = EDGE_CURVE('',#3067,#3067,#3090,.T.);
#3090 = SURFACE_CURVE('',#3091,(#3096,#3103),.PCURVE_S1.);
#3091 = CIRCLE('',#3092,2.35);
#3092 = AXIS2_PLACEMENT_3D('',#3093,#3094,#3095);
#3093 = CARTESIAN_POINT('',(4.25,45.,-44.6));
#3094 = DIRECTION('',(0.,1.,0.));
#3095 = DIRECTION('',(0.,-0.,1.));
#3096 = PCURVE('',#1115,#3097);
#3097 = DEFINITIONAL_REPRESENTATION('',(#3098),#3102);
#3098 = LINE('',#3099,#3100);
#3099 = CARTESIAN_POINT('',(0.,0.));
#3100 = VECTOR('',#3101,1.);
#3101 = DIRECTION('',(1.,0.));
#3102 = ( GEOMETRIC_REPRESENTATION_CONTEXT(2) 
PARAMETRIC_REPRESENTATION_CONTEXT() REPRESENTATION_CONTEXT('2D SPACE',''
  ) );
#3103 = PCURVE('',#2518,#3104);
#3104 = DEFINITIONAL_REPRESENTATION('',(#3105),#3113);
#3105 = ( BOUNDED_CURVE() B_SPLINE_CURVE(2,(#3106,#3107,#3108,#3109,
#3110,#3111,#3112),.UNSPECIFIED.,.T.,.F.) B_SPLINE_CURVE_WITH_KNOTS((1,2
    ,2,2,2,1),(-2.094395102393,0.,2.094395102393,4.188790204786,
6.28318530718,8.377580409573),.UNSPECIFIED.) CURVE() 
GEOMETRIC_REPRESENTATION_ITEM() RATIONAL_B_SPLINE_CURVE((1.,0.5,1.,0.5,
1.,0.5,1.)) REPRESENTATION_ITEM('') );
#3106 = CARTESIAN_POINT('',(10.75,-69.16));
#3107 = CARTESIAN_POINT('',(6.679680602213,-69.16));
#3108 = CARTESIAN_POINT('',(8.714840301107,-65.635));
#3109 = CARTESIAN_POINT('',(10.75,-62.11));
#3110 = CARTESIAN_POINT('',(12.785159698893,-65.635));
#3111 = CARTESIAN_POINT('',(14.820319397787,-69.16));
#3112 = CARTESIAN_POINT('',(10.75,-69.16));
#3113 = ( GEOMETRIC_REPRESENTATION_CONTEXT(2) 
PARAMETRIC_REPRESENTATION_CONTEXT() REPRESENTATION_CONTEXT('2D SPACE',''
  ) );
#3114 = ORIENTED_EDGE('',*,*,#3066,.T.);
#3115 = ADVANCED_FACE('',(#3116),#1195,.T.);
#3116 = FACE_BOUND('',#3117,.T.);
#3117 = EDGE_LOOP('',(#3118,#3141,#3168,#3169));
#3118 = ORIENTED_EDGE('',*,*,#3119,.T.);
#3119 = EDGE_CURVE('',#1179,#3120,#3122,.T.);
#3120 = VERTEX_POINT('',#3121);
#3121 = CARTESIAN_POINT('',(16.05,53.,-96.41));
#3122 = SEAM_CURVE('',#3123,(#3127,#3134),.PCURVE_S1.);
#3123 = LINE('',#3124,#3125);
#3124 = CARTESIAN_POINT('',(16.05,49.,-96.41));
#3125 = VECTOR('',#3126,1.);
#3126 = DIRECTION('',(0.,1.,0.));
#3127 = PCURVE('',#1195,#3128);
#3128 = DEFINITIONAL_REPRESENTATION('',(#3129),#3133);
#3129 = LINE('',#3130,#3131);
#3130 = CARTESIAN_POINT('',(6.28318530718,-0.));
#3131 = VECTOR('',#3132,1.);
#3132 = DIRECTION('',(0.,1.));
#3133 = ( GEOMETRIC_REPRESENTATION_CONTEXT(2) 
PARAMETRIC_REPRESENTATION_CONTEXT() REPRESENTATION_CONTEXT('2D SPACE',''
  ) );
#3134 = PCURVE('',#1195,#3135);
#3135 = DEFINITIONAL_REPRESENTATION('',(#3136),#3140);
#3136 = LINE('',#3137,#3138);
#3137 = CARTESIAN_POINT('',(0.,-0.));
#3138 = VECTOR('',#3139,1.);
#3139 = DIRECTION('',(0.,1.));
#3140 = ( GEOMETRIC_REPRESENTATION_CONTEXT(2) 
PARAMETRIC_REPRESENTATION_CONTEXT() REPRESENTATION_CONTEXT('2D SPACE',''
  ) );
#3141 = ORIENTED_EDGE('',*,*,#3142,.F.);
#3142 = EDGE_CURVE('',#3120,#3120,#3143,.T.);
#3143 = SURFACE_CURVE('',#3144,(#3149,#3156),.PCURVE_S1.);
#3144 = CIRCLE('',#3145,7.);
#3145 = AXIS2_PLACEMENT_3D('',#3146,#3147,#3148);
#3146 = CARTESIAN_POINT('',(16.05,53.,-103.41));
#3147 = DIRECTION('',(0.,1.,0.));
#3148 = DIRECTION('',(0.,-0.,1.));
#3149 = PCURVE('',#1195,#3150);
#3150 = DEFINITIONAL_REPRESENTATION('',(#3151),#3155);
#3151 = LINE('',#3152,#3153);
#3152 = CARTESIAN_POINT('',(0.,4.));
#3153 = VECTOR('',#3154,1.);
#3154 = DIRECTION('',(1.,0.));
#3155 = ( GEOMETRIC_REPRESENTATION_CONTEXT(2) 
PARAMETRIC_REPRESENTATION_CONTEXT() REPRESENTATION_CONTEXT('2D SPACE',''
  ) );
#3156 = PCURVE('',#3157,#3162);
#3157 = PLANE('',#3158);
#3158 = AXIS2_PLACEMENT_3D('',#3159,#3160,#3161);
#3159 = CARTESIAN_POINT('',(16.05,53.,-103.41));
#3160 = DIRECTION('',(0.,1.,0.));
#3161 = DIRECTION('',(0.,-0.,1.));
#3162 = DEFINITIONAL_REPRESENTATION('',(#3163),#3167);
#3163 = CIRCLE('',#3164,7.);
#3164 = AXIS2_PLACEMENT_2D('',#3165,#3166);
#3165 = CARTESIAN_POINT('',(0.,0.));
#3166 = DIRECTION('',(1.,0.));
#3167 = ( GEOMETRIC_REPRESENTATION_CONTEXT(2) 
PARAMETRIC_REPRESENTATION_CONTEXT() REPRESENTATION_CONTEXT('2D SPACE',''
  ) );
#3168 = ORIENTED_EDGE('',*,*,#3119,.F.);
#3169 = ORIENTED_EDGE('',*,*,#1178,.F.);
#3170 = ADVANCED_FACE('',(#3171),#1253,.T.);
#3171 = FACE_BOUND('',#3172,.T.);
#3172 = EDGE_LOOP('',(#3173,#3196,#3223,#3224));
#3173 = ORIENTED_EDGE('',*,*,#3174,.T.);
#3174 = EDGE_CURVE('',#1237,#3175,#3177,.T.);
#3175 = VERTEX_POINT('',#3176);
#3176 = CARTESIAN_POINT('',(-89.95,53.,-96.41));
#3177 = SEAM_CURVE('',#3178,(#3182,#3189),.PCURVE_S1.);
#3178 = LINE('',#3179,#3180);
#3179 = CARTESIAN_POINT('',(-89.95,49.,-96.41));
#3180 = VECTOR('',#3181,1.);
#3181 = DIRECTION('',(0.,1.,0.));
#3182 = PCURVE('',#1253,#3183);
#3183 = DEFINITIONAL_REPRESENTATION('',(#3184),#3188);
#3184 = LINE('',#3185,#3186);
#3185 = CARTESIAN_POINT('',(6.28318530718,-0.));
#3186 = VECTOR('',#3187,1.);
#3187 = DIRECTION('',(0.,1.));
#3188 = ( GEOMETRIC_REPRESENTATION_CONTEXT(2) 
PARAMETRIC_REPRESENTATION_CONTEXT() REPRESENTATION_CONTEXT('2D SPACE',''
  ) );
#3189 = PCURVE('',#1253,#3190);
#3190 = DEFINITIONAL_REPRESENTATION('',(#3191),#3195);
#3191 = LINE('',#3192,#3193);
#3192 = CARTESIAN_POINT('',(0.,-0.));
#3193 = VECTOR('',#3194,1.);
#3194 = DIRECTION('',(0.,1.));
#3195 = ( GEOMETRIC_REPRESENTATION_CONTEXT(2) 
PARAMETRIC_REPRESENTATION_CONTEXT() REPRESENTATION_CONTEXT('2D SPACE',''
  ) );
#3196 = ORIENTED_EDGE('',*,*,#3197,.F.);
#3197 = EDGE_CURVE('',#3175,#3175,#3198,.T.);
#3198 = SURFACE_CURVE('',#3199,(#3204,#3211),.PCURVE_S1.);
#3199 = CIRCLE('',#3200,7.);
#3200 = AXIS2_PLACEMENT_3D('',#3201,#3202,#3203);
#3201 = CARTESIAN_POINT('',(-89.95,53.,-103.41));
#3202 = DIRECTION('',(0.,1.,0.));
#3203 = DIRECTION('',(0.,-0.,1.));
#3204 = PCURVE('',#1253,#3205);
#3205 = DEFINITIONAL_REPRESENTATION('',(#3206),#3210);
#3206 = LINE('',#3207,#3208);
#3207 = CARTESIAN_POINT('',(0.,4.));
#3208 = VECTOR('',#3209,1.);
#3209 = DIRECTION('',(1.,0.));
#3210 = ( GEOMETRIC_REPRESENTATION_CONTEXT(2) 
PARAMETRIC_REPRESENTATION_CONTEXT() REPRESENTATION_CONTEXT('2D SPACE',''
  ) );
#3211 = PCURVE('',#3212,#3217);
#3212 = PLANE('',#3213);
#3213 = AXIS2_PLACEMENT_3D('',#3214,#3215,#3216);
#3214 = CARTESIAN_POINT('',(-89.95,53.,-103.41));
#3215 = DIRECTION('',(0.,1.,0.));
#3216 = DIRECTION('',(0.,-0.,1.));
#3217 = DEFINITIONAL_REPRESENTATION('',(#3218),#3222);
#3218 = CIRCLE('',#3219,7.);
#3219 = AXIS2_PLACEMENT_2D('',#3220,#3221);
#3220 = CARTESIAN_POINT('',(0.,0.));
#3221 = DIRECTION('',(1.,0.));
#3222 = ( GEOMETRIC_REPRESENTATION_CONTEXT(2) 
PARAMETRIC_REPRESENTATION_CONTEXT() REPRESENTATION_CONTEXT('2D SPACE',''
  ) );
#3223 = ORIENTED_EDGE('',*,*,#3174,.F.);
#3224 = ORIENTED_EDGE('',*,*,#1236,.F.);
#3225 = ADVANCED_FACE('',(#3226),#1416,.F.);
#3226 = FACE_BOUND('',#3227,.T.);
#3227 = EDGE_LOOP('',(#3228,#3229,#3230));
#3228 = ORIENTED_EDGE('',*,*,#1395,.F.);
#3229 = ORIENTED_EDGE('',*,*,#2015,.T.);
#3230 = ORIENTED_EDGE('',*,*,#3231,.T.);
#3231 = EDGE_CURVE('',#1995,#1396,#3232,.T.);
#3232 = SURFACE_CURVE('',#3233,(#3266,#3302),.PCURVE_S1.);
#3233 = B_SPLINE_CURVE_WITH_KNOTS('',7,(#3234,#3235,#3236,#3237,#3238,
    #3239,#3240,#3241,#3242,#3243,#3244,#3245,#3246,#3247,#3248,#3249,
    #3250,#3251,#3252,#3253,#3254,#3255,#3256,#3257,#3258,#3259,#3260,
    #3261,#3262,#3263,#3264,#3265),.UNSPECIFIED.,.F.,.F.,(8,6,6,6,6,8),(
    0.,0.148721808384,0.394492201356,0.680727816267,0.780173325951,1.),
  .UNSPECIFIED.);
#3234 = CARTESIAN_POINT('',(23.,37.,-107.3720070671));
#3235 = CARTESIAN_POINT('',(23.,37.251139464679,-107.3720070671));
#3236 = CARTESIAN_POINT('',(22.990802165003,37.50093151543,
    -107.3881410231));
#3237 = CARTESIAN_POINT('',(22.972583992135,37.749044402911,
    -107.4201003961));
#3238 = CARTESIAN_POINT('',(22.945528454337,37.995012623715,
    -107.4670097634));
#3239 = CARTESIAN_POINT('',(22.909876277649,38.238085451766,
    -107.5274136535));
#3240 = CARTESIAN_POINT('',(22.866079149021,38.477080687228,
    -107.5992962879));
#3241 = CARTESIAN_POINT('',(22.730731946485,39.095557296481,
    -107.8137230634));
#3242 = CARTESIAN_POINT('',(22.625767238913,39.469071700671,
    -107.9731977157));
#3243 = CARTESIAN_POINT('',(22.501446604453,39.831787486072,
    -108.1514032863));
#3244 = CARTESIAN_POINT('',(22.358508848027,40.18403929323,
    -108.3421917924));
#3245 = CARTESIAN_POINT('',(22.197390547362,40.526399478879,
    -108.5412451101));
#3246 = CARTESIAN_POINT('',(22.017609056815,40.860010060051,
    -108.7458384719));
#3247 = CARTESIAN_POINT('',(21.584041494032,41.566084769408,
    -109.1968545013));
#3248 = CARTESIAN_POINT('',(21.324395541268,41.933539963971,
    -109.4431079651));
#3249 = CARTESIAN_POINT('',(21.036410104447,42.290319489714,
    -109.6896776441));
#3250 = CARTESIAN_POINT('',(20.717193803301,42.636571832787,
    -109.9338736277));
#3251 = CARTESIAN_POINT('',(20.363297545234,42.970908772324,
    -110.1721858597));
#3252 = CARTESIAN_POINT('',(19.971141676247,43.290083386583,
    -110.399775196));
#3253 = CARTESIAN_POINT('',(19.386656571047,43.692587492869,
    -110.6828786378));
#3254 = CARTESIAN_POINT('',(19.230779736837,43.794003019528,
    -110.7538361587));
#3255 = CARTESIAN_POINT('',(19.069560546482,43.892828145783,
    -110.822469466));
#3256 = CARTESIAN_POINT('',(18.902840124729,43.98879909268,
    -110.8884563993));
#3257 = CARTESIAN_POINT('',(18.730472564995,44.081612070371,
    -110.951436484));
#3258 = CARTESIAN_POINT('',(18.552325356039,44.170924331333,
    -111.0110095261));
#3259 = CARTESIAN_POINT('',(17.961442730829,44.445202251094,
    -111.1899149474));
#3260 = CARTESIAN_POINT('',(17.51742453657,44.618963620395,
    -111.2968219432));
#3261 = CARTESIAN_POINT('',(17.043136223486,44.767318142076,
    -111.3781597764));
#3262 = CARTESIAN_POINT('',(16.54599344511,44.882939222792,
    -111.4267666654));
#3263 = CARTESIAN_POINT('',(16.034097885523,44.961176420472,
    -111.4378551857));
#3264 = CARTESIAN_POINT('',(15.515968167632,45.,-111.4091061781));
#3265 = CARTESIAN_POINT('',(15.,45.,-111.3407944116));
#3266 = PCURVE('',#1416,#3267);
#3267 = DEFINITIONAL_REPRESENTATION('',(#3268),#3301);
#3268 = B_SPLINE_CURVE_WITH_KNOTS('',7,(#3269,#3270,#3271,#3272,#3273,
    #3274,#3275,#3276,#3277,#3278,#3279,#3280,#3281,#3282,#3283,#3284,
    #3285,#3286,#3287,#3288,#3289,#3290,#3291,#3292,#3293,#3294,#3295,
    #3296,#3297,#3298,#3299,#3300),.UNSPECIFIED.,.F.,.F.,(8,6,6,6,6,8),(
    0.,0.148721808384,0.394492201356,0.680727816267,0.780173325951,1.),
  .UNSPECIFIED.);
#3269 = CARTESIAN_POINT('',(0.,-4.037992932868));
#3270 = CARTESIAN_POINT('',(-3.139243308489E-02,-4.037992932868));
#3271 = CARTESIAN_POINT('',(-6.261640037338E-02,-4.021858976841));
#3272 = CARTESIAN_POINT('',(-9.368118153911E-02,-3.989899603868));
#3273 = CARTESIAN_POINT('',(-0.124576153007,-3.942990236551));
#3274 = CARTESIAN_POINT('',(-0.15525405534,-3.882586346441));
#3275 = CARTESIAN_POINT('',(-0.185608147897,-3.810703712093));
#3276 = CARTESIAN_POINT('',(-0.264747283821,-3.596276936526));
#3277 = CARTESIAN_POINT('',(-0.313162164336,-3.436802284299));
#3278 = CARTESIAN_POINT('',(-0.360971215004,-3.258596713681));
#3279 = CARTESIAN_POINT('',(-0.408360493389,-3.067808207586));
#3280 = CARTESIAN_POINT('',(-0.455546588148,-2.868754889833));
#3281 = CARTESIAN_POINT('',(-0.502842313699,-2.664161528076));
#3282 = CARTESIAN_POINT('',(-0.60641311728,-2.213145498696));
#3283 = CARTESIAN_POINT('',(-0.662537894594,-1.966892034854));
#3284 = CARTESIAN_POINT('',(-0.71966179482,-1.720322355827));
#3285 = CARTESIAN_POINT('',(-0.778290731466,-1.476126372297));
#3286 = CARTESIAN_POINT('',(-0.838893753479,-1.23781414029));
#3287 = CARTESIAN_POINT('',(-0.901894508685,-1.010224803943));
#3288 = CARTESIAN_POINT('',(-0.990603336615,-0.72712136218));
#3289 = CARTESIAN_POINT('',(-1.013840843956,-0.656163841242));
#3290 = CARTESIAN_POINT('',(-1.037464263067,-0.587530533971));
#3291 = CARTESIAN_POINT('',(-1.061493569526,-0.52154360064));
#3292 = CARTESIAN_POINT('',(-1.085948022958,-0.458563515972));
#3293 = CARTESIAN_POINT('',(-1.110846906477,-0.398990473878));
#3294 = CARTESIAN_POINT('',(-1.192276578399,-0.22008505257));
#3295 = CARTESIAN_POINT('',(-1.251764578063,-0.113178056751));
#3296 = CARTESIAN_POINT('',(-1.313635170874,-3.184022350439E-02));
#3297 = CARTESIAN_POINT('',(-1.37710881479,1.676666546961E-02));
#3298 = CARTESIAN_POINT('',(-1.441534126946,2.785518576342E-02));
#3299 = CARTESIAN_POINT('',(-1.506300305841,-8.938218404726E-04));
#3300 = CARTESIAN_POINT('',(-1.570796326795,-6.92055883411E-02));
#3301 = ( GEOMETRIC_REPRESENTATION_CONTEXT(2) 
PARAMETRIC_REPRESENTATION_CONTEXT() REPRESENTATION_CONTEXT('2D SPACE',''
  ) );
#3302 = PCURVE('',#1957,#3303);
#3303 = DEFINITIONAL_REPRESENTATION('',(#3304),#3337);
#3304 = B_SPLINE_CURVE_WITH_KNOTS('',7,(#3305,#3306,#3307,#3308,#3309,
    #3310,#3311,#3312,#3313,#3314,#3315,#3316,#3317,#3318,#3319,#3320,
    #3321,#3322,#3323,#3324,#3325,#3326,#3327,#3328,#3329,#3330,#3331,
    #3332,#3333,#3334,#3335,#3336),.UNSPECIFIED.,.F.,.F.,(8,6,6,6,6,8),(
    0.,0.148721808384,0.394492201356,0.680727816267,0.780173325951,
    0.93588371096),.UNSPECIFIED.);
#3305 = CARTESIAN_POINT('',(2.088919921301,2.4));
#3306 = CARTESIAN_POINT('',(2.088919921301,2.651139464679));
#3307 = CARTESIAN_POINT('',(2.091241332877,2.90093151543));
#3308 = CARTESIAN_POINT('',(2.095839878364,3.149044402911));
#3309 = CARTESIAN_POINT('',(2.102608676166,3.395012623715));
#3310 = CARTESIAN_POINT('',(2.111375302011,3.638085451766));
#3311 = CARTESIAN_POINT('',(2.121895716432,3.877080687228));
#3312 = CARTESIAN_POINT('',(2.153591957168,4.495557296481));
#3313 = CARTESIAN_POINT('',(2.177452400366,4.869071700671));
#3314 = CARTESIAN_POINT('',(2.204596767261,5.231787486072));
#3315 = CARTESIAN_POINT('',(2.234362126231,5.58403929323));
#3316 = CARTESIAN_POINT('',(2.266334144046,5.926399478879));
#3317 = CARTESIAN_POINT('',(2.300345027471,6.260010060051));
#3318 = CARTESIAN_POINT('',(2.378547118462,6.966084769408));
#3319 = CARTESIAN_POINT('',(2.423230648375,7.333539963971));
#3320 = CARTESIAN_POINT('',(2.470519592085,7.690319489715));
#3321 = CARTESIAN_POINT('',(2.520610496154,8.036571832787));
#3322 = CARTESIAN_POINT('',(2.5737657358,8.370908772324));
#3323 = CARTESIAN_POINT('',(2.630283949652,8.690083386583));
#3324 = CARTESIAN_POINT('',(2.711463765199,9.092587492869));
#3325 = CARTESIAN_POINT('',(2.732866086041,9.194003019528));
#3326 = CARTESIAN_POINT('',(2.754757783347,9.292828145783));
#3327 = CARTESIAN_POINT('',(2.777157127463,9.38879909268));
#3328 = CARTESIAN_POINT('',(2.80008256635,9.481612070371));
#3329 = CARTESIAN_POINT('',(2.82355340541,9.570924331333));
#3330 = CARTESIAN_POINT('',(2.885227413248,9.790121717065));
#3331 = CARTESIAN_POINT('',(2.924800413295,9.916319208154));
#3332 = CARTESIAN_POINT('',(2.96598298108,10.031279595586));
#3333 = CARTESIAN_POINT('',(3.008493471473,10.132088631688));
#3334 = CARTESIAN_POINT('',(3.052082861736,10.216529139147));
#3335 = CARTESIAN_POINT('',(3.096522194539,10.283057446253));
#3336 = CARTESIAN_POINT('',(3.141592652567,10.330794387803));
#3337 = ( GEOMETRIC_REPRESENTATION_CONTEXT(2) 
PARAMETRIC_REPRESENTATION_CONTEXT() REPRESENTATION_CONTEXT('2D SPACE',''
  ) );
#3338 = ADVANCED_FACE('',(#3339),#1449,.F.);
#3339 = FACE_BOUND('',#3340,.T.);
#3340 = EDGE_LOOP('',(#3341,#3342,#3428));
#3341 = ORIENTED_EDGE('',*,*,#1428,.F.);
#3342 = ORIENTED_EDGE('',*,*,#3343,.T.);
#3343 = EDGE_CURVE('',#1396,#3344,#3346,.T.);
#3344 = VERTEX_POINT('',#3345);
#3345 = CARTESIAN_POINT('',(15.,45.,-111.3407944116));
#3346 = SURFACE_CURVE('',#3347,(#3380,#3416),.PCURVE_S1.);
#3347 = B_SPLINE_CURVE_WITH_KNOTS('',7,(#3348,#3349,#3350,#3351,#3352,
    #3353,#3354,#3355,#3356,#3357,#3358,#3359,#3360,#3361,#3362,#3363,
    #3364,#3365,#3366,#3367,#3368,#3369,#3370,#3371,#3372,#3373,#3374,
    #3375,#3376,#3377,#3378,#3379),.UNSPECIFIED.,.F.,.F.,(8,6,6,6,6,8),(
    0.,0.148721808384,0.394492201356,0.680727816267,0.780173325951,1.),
  .UNSPECIFIED.);
#3348 = CARTESIAN_POINT('',(23.,37.,-107.3720070671));
#3349 = CARTESIAN_POINT('',(23.,37.251139464679,-107.3720070671));
#3350 = CARTESIAN_POINT('',(22.990802165003,37.50093151543,
    -107.3881410231));
#3351 = CARTESIAN_POINT('',(22.972583992135,37.749044402911,
    -107.4201003961));
#3352 = CARTESIAN_POINT('',(22.945528454337,37.995012623715,
    -107.4670097634));
#3353 = CARTESIAN_POINT('',(22.909876277649,38.238085451766,
    -107.5274136535));
#3354 = CARTESIAN_POINT('',(22.866079149021,38.477080687228,
    -107.5992962879));
#3355 = CARTESIAN_POINT('',(22.730731946485,39.095557296481,
    -107.8137230634));
#3356 = CARTESIAN_POINT('',(22.625767238913,39.469071700671,
    -107.9731977157));
#3357 = CARTESIAN_POINT('',(22.501446604453,39.831787486072,
    -108.1514032863));
#3358 = CARTESIAN_POINT('',(22.358508848027,40.18403929323,
    -108.3421917924));
#3359 = CARTESIAN_POINT('',(22.197390547362,40.526399478879,
    -108.5412451101));
#3360 = CARTESIAN_POINT('',(22.017609056815,40.860010060051,
    -108.7458384719));
#3361 = CARTESIAN_POINT('',(21.584041494032,41.566084769408,
    -109.1968545013));
#3362 = CARTESIAN_POINT('',(21.324395541268,41.933539963971,
    -109.4431079651));
#3363 = CARTESIAN_POINT('',(21.036410104447,42.290319489714,
    -109.6896776441));
#3364 = CARTESIAN_POINT('',(20.717193803301,42.636571832787,
    -109.9338736277));
#3365 = CARTESIAN_POINT('',(20.363297545234,42.970908772324,
    -110.1721858597));
#3366 = CARTESIAN_POINT('',(19.971141676247,43.290083386583,
    -110.399775196));
#3367 = CARTESIAN_POINT('',(19.386656571047,43.692587492869,
    -110.6828786378));
#3368 = CARTESIAN_POINT('',(19.230779736837,43.794003019528,
    -110.7538361587));
#3369 = CARTESIAN_POINT('',(19.069560546482,43.892828145783,
    -110.822469466));
#3370 = CARTESIAN_POINT('',(18.902840124729,43.98879909268,
    -110.8884563993));
#3371 = CARTESIAN_POINT('',(18.730472564995,44.081612070371,
    -110.951436484));
#3372 = CARTESIAN_POINT('',(18.552325356039,44.170924331333,
    -111.0110095261));
#3373 = CARTESIAN_POINT('',(17.961442730829,44.445202251094,
    -111.1899149474));
#3374 = CARTESIAN_POINT('',(17.51742453657,44.618963620395,
    -111.2968219432));
#3375 = CARTESIAN_POINT('',(17.043136223486,44.767318142076,
    -111.3781597764));
#3376 = CARTESIAN_POINT('',(16.54599344511,44.882939222792,
    -111.4267666654));
#3377 = CARTESIAN_POINT('',(16.034097885523,44.961176420472,
    -111.4378551857));
#3378 = CARTESIAN_POINT('',(15.515968167632,45.,-111.4091061781));
#3379 = CARTESIAN_POINT('',(15.,45.,-111.3407944116));
#3380 = PCURVE('',#1449,#3381);
#3381 = DEFINITIONAL_REPRESENTATION('',(#3382),#3415);
#3382 = B_SPLINE_CURVE_WITH_KNOTS('',7,(#3383,#3384,#3385,#3386,#3387,
    #3388,#3389,#3390,#3391,#3392,#3393,#3394,#3395,#3396,#3397,#3398,
    #3399,#3400,#3401,#3402,#3403,#3404,#3405,#3406,#3407,#3408,#3409,
    #3410,#3411,#3412,#3413,#3414),.UNSPECIFIED.,.F.,.F.,(8,6,6,6,6,8),(
    0.,0.148721808384,0.394492201356,0.680727816267,0.780173325951,1.),
  .UNSPECIFIED.);
#3383 = CARTESIAN_POINT('',(0.,-4.037992932868));
#3384 = CARTESIAN_POINT('',(-3.139243308489E-02,-4.037992932868));
#3385 = CARTESIAN_POINT('',(-6.261640037338E-02,-4.021858976841));
#3386 = CARTESIAN_POINT('',(-9.368118153911E-02,-3.989899603868));
#3387 = CARTESIAN_POINT('',(-0.124576153007,-3.942990236551));
#3388 = CARTESIAN_POINT('',(-0.15525405534,-3.882586346441));
#3389 = CARTESIAN_POINT('',(-0.185608147897,-3.810703712093));
#3390 = CARTESIAN_POINT('',(-0.264747283821,-3.596276936526));
#3391 = CARTESIAN_POINT('',(-0.313162164336,-3.436802284299));
#3392 = CARTESIAN_POINT('',(-0.360971215004,-3.258596713681));
#3393 = CARTESIAN_POINT('',(-0.408360493389,-3.067808207586));
#3394 = CARTESIAN_POINT('',(-0.455546588148,-2.868754889833));
#3395 = CARTESIAN_POINT('',(-0.502842313699,-2.664161528076));
#3396 = CARTESIAN_POINT('',(-0.60641311728,-2.213145498696));
#3397 = CARTESIAN_POINT('',(-0.662537894594,-1.966892034854));
#3398 = CARTESIAN_POINT('',(-0.71966179482,-1.720322355827));
#3399 = CARTESIAN_POINT('',(-0.778290731466,-1.476126372297));
#3400 = CARTESIAN_POINT('',(-0.838893753479,-1.23781414029));
#3401 = CARTESIAN_POINT('',(-0.901894508685,-1.010224803943));
#3402 = CARTESIAN_POINT('',(-0.990603336615,-0.72712136218));
#3403 = CARTESIAN_POINT('',(-1.013840843956,-0.656163841242));
#3404 = CARTESIAN_POINT('',(-1.037464263067,-0.587530533971));
#3405 = CARTESIAN_POINT('',(-1.061493569526,-0.52154360064));
#3406 = CARTESIAN_POINT('',(-1.085948022958,-0.458563515972));
#3407 = CARTESIAN_POINT('',(-1.110846906477,-0.398990473878));
#3408 = CARTESIAN_POINT('',(-1.192276578399,-0.22008505257));
#3409 = CARTESIAN_POINT('',(-1.251764578063,-0.113178056751));
#3410 = CARTESIAN_POINT('',(-1.313635170874,-3.184022350439E-02));
#3411 = CARTESIAN_POINT('',(-1.37710881479,1.676666546961E-02));
#3412 = CARTESIAN_POINT('',(-1.441534126946,2.785518576342E-02));
#3413 = CARTESIAN_POINT('',(-1.506300305841,-8.938218404726E-04));
#3414 = CARTESIAN_POINT('',(-1.570796326795,-6.92055883411E-02));
#3415 = ( GEOMETRIC_REPRESENTATION_CONTEXT(2) 
PARAMETRIC_REPRESENTATION_CONTEXT() REPRESENTATION_CONTEXT('2D SPACE',''
  ) );
#3416 = PCURVE('',#1957,#3417);
#3417 = DEFINITIONAL_REPRESENTATION('',(#3418),#3427);
#3418 = B_SPLINE_CURVE_WITH_KNOTS('',7,(#3419,#3420,#3421,#3422,#3423,
    #3424,#3425,#3426),.UNSPECIFIED.,.F.,.F.,(8,8),(0.93588371096,1.),
  .PIECEWISE_BEZIER_KNOTS.);
#3419 = CARTESIAN_POINT('',(3.141592652567,10.330794387803));
#3420 = CARTESIAN_POINT('',(3.160151148288,10.350450851578));
#3421 = CARTESIAN_POINT('',(3.17881665223,10.366921211409));
#3422 = CARTESIAN_POINT('',(3.19757388753,10.380144087861));
#3423 = CARTESIAN_POINT('',(3.216407868834,10.390077204536));
#3424 = CARTESIAN_POINT('',(3.235303784794,10.396697281549));
#3425 = CARTESIAN_POINT('',(3.254246893414,10.4));
#3426 = CARTESIAN_POINT('',(3.27322243613,10.4));
#3427 = ( GEOMETRIC_REPRESENTATION_CONTEXT(2) 
PARAMETRIC_REPRESENTATION_CONTEXT() REPRESENTATION_CONTEXT('2D SPACE',''
  ) );
#3428 = ORIENTED_EDGE('',*,*,#3429,.F.);
#3429 = EDGE_CURVE('',#1429,#3344,#3430,.T.);
#3430 = SURFACE_CURVE('',#3431,(#3435,#3442),.PCURVE_S1.);
#3431 = LINE('',#3432,#3433);
#3432 = CARTESIAN_POINT('',(15.,45.,-111.41));
#3433 = VECTOR('',#3434,1.);
#3434 = DIRECTION('',(0.,0.,1.));
#3435 = PCURVE('',#1449,#3436);
#3436 = DEFINITIONAL_REPRESENTATION('',(#3437),#3441);
#3437 = LINE('',#3438,#3439);
#3438 = CARTESIAN_POINT('',(-1.570796326795,0.));
#3439 = VECTOR('',#3440,1.);
#3440 = DIRECTION('',(-0.,-1.));
#3441 = ( GEOMETRIC_REPRESENTATION_CONTEXT(2) 
PARAMETRIC_REPRESENTATION_CONTEXT() REPRESENTATION_CONTEXT('2D SPACE',''
  ) );
#3442 = PCURVE('',#1477,#3443);
#3443 = DEFINITIONAL_REPRESENTATION('',(#3444),#3448);
#3444 = LINE('',#3445,#3446);
#3445 = CARTESIAN_POINT('',(31.51,-137.5));
#3446 = VECTOR('',#3447,1.);
#3447 = DIRECTION('',(-1.,0.));
#3448 = ( GEOMETRIC_REPRESENTATION_CONTEXT(2) 
PARAMETRIC_REPRESENTATION_CONTEXT() REPRESENTATION_CONTEXT('2D SPACE',''
  ) );
#3449 = ADVANCED_FACE('',(#3450),#1477,.T.);
#3450 = FACE_BOUND('',#3451,.T.);
#3451 = EDGE_LOOP('',(#3452,#3453,#3454));
#3452 = ORIENTED_EDGE('',*,*,#1461,.F.);
#3453 = ORIENTED_EDGE('',*,*,#3429,.T.);
#3454 = ORIENTED_EDGE('',*,*,#3455,.F.);
#3455 = EDGE_CURVE('',#1462,#3344,#3456,.T.);
#3456 = SURFACE_CURVE('',#3457,(#3462,#3469),.PCURVE_S1.);
#3457 = CIRCLE('',#3458,8.);
#3458 = AXIS2_PLACEMENT_3D('',#3459,#3460,#3461);
#3459 = CARTESIAN_POINT('',(16.05,45.,-103.41));
#3460 = DIRECTION('',(0.,1.,0.));
#3461 = DIRECTION('',(0.,-0.,1.));
#3462 = PCURVE('',#1477,#3463);
#3463 = DEFINITIONAL_REPRESENTATION('',(#3464),#3468);
#3464 = CIRCLE('',#3465,8.);
#3465 = AXIS2_PLACEMENT_2D('',#3466,#3467);
#3466 = CARTESIAN_POINT('',(23.51,-138.55));
#3467 = DIRECTION('',(-1.,-0.));
#3468 = ( GEOMETRIC_REPRESENTATION_CONTEXT(2) 
PARAMETRIC_REPRESENTATION_CONTEXT() REPRESENTATION_CONTEXT('2D SPACE',''
  ) );
#3469 = PCURVE('',#1957,#3470);
#3470 = DEFINITIONAL_REPRESENTATION('',(#3471),#3474);
#3471 = B_SPLINE_CURVE_WITH_KNOTS('',1,(#3472,#3473),.UNSPECIFIED.,.F.,
  .F.,(2,2),(3.14159265359,3.27322243613),.PIECEWISE_BEZIER_KNOTS.);
#3472 = CARTESIAN_POINT('',(3.14159265359,10.4));
#3473 = CARTESIAN_POINT('',(3.27322243613,10.4));
#3474 = ( GEOMETRIC_REPRESENTATION_CONTEXT(2) 
PARAMETRIC_REPRESENTATION_CONTEXT() REPRESENTATION_CONTEXT('2D SPACE',''
  ) );
#3475 = ADVANCED_FACE('',(#3476),#1505,.T.);
#3476 = FACE_BOUND('',#3477,.T.);
#3477 = EDGE_LOOP('',(#3478,#3479,#3502));
#3478 = ORIENTED_EDGE('',*,*,#1489,.F.);
#3479 = ORIENTED_EDGE('',*,*,#3480,.F.);
#3480 = EDGE_CURVE('',#3481,#1462,#3483,.T.);
#3481 = VERTEX_POINT('',#3482);
#3482 = CARTESIAN_POINT('',(23.02,45.,-107.3367161853));
#3483 = SURFACE_CURVE('',#3484,(#3489,#3496),.PCURVE_S1.);
#3484 = CIRCLE('',#3485,8.);
#3485 = AXIS2_PLACEMENT_3D('',#3486,#3487,#3488);
#3486 = CARTESIAN_POINT('',(16.05,45.,-103.41));
#3487 = DIRECTION('',(0.,1.,0.));
#3488 = DIRECTION('',(0.,-0.,1.));
#3489 = PCURVE('',#1505,#3490);
#3490 = DEFINITIONAL_REPRESENTATION('',(#3491),#3495);
#3491 = CIRCLE('',#3492,8.);
#3492 = AXIS2_PLACEMENT_2D('',#3493,#3494);
#3493 = CARTESIAN_POINT('',(23.51,-138.55));
#3494 = DIRECTION('',(-1.,-0.));
#3495 = ( GEOMETRIC_REPRESENTATION_CONTEXT(2) 
PARAMETRIC_REPRESENTATION_CONTEXT() REPRESENTATION_CONTEXT('2D SPACE',''
  ) );
#3496 = PCURVE('',#1957,#3497);
#3497 = DEFINITIONAL_REPRESENTATION('',(#3498),#3501);
#3498 = B_SPLINE_CURVE_WITH_KNOTS('',1,(#3499,#3500),.UNSPECIFIED.,.F.,
  .F.,(2,2),(2.083849403168,3.14159265359),.PIECEWISE_BEZIER_KNOTS.);
#3499 = CARTESIAN_POINT('',(2.083849403168,10.4));
#3500 = CARTESIAN_POINT('',(3.14159265359,10.4));
#3501 = ( GEOMETRIC_REPRESENTATION_CONTEXT(2) 
PARAMETRIC_REPRESENTATION_CONTEXT() REPRESENTATION_CONTEXT('2D SPACE',''
  ) );
#3502 = ORIENTED_EDGE('',*,*,#3503,.T.);
#3503 = EDGE_CURVE('',#3481,#1490,#3504,.T.);
#3504 = SURFACE_CURVE('',#3505,(#3509,#3516),.PCURVE_S1.);
#3505 = LINE('',#3506,#3507);
#3506 = CARTESIAN_POINT('',(23.02,45.,-79.9));
#3507 = VECTOR('',#3508,1.);
#3508 = DIRECTION('',(0.,0.,-1.));
#3509 = PCURVE('',#1505,#3510);
#3510 = DEFINITIONAL_REPRESENTATION('',(#3511),#3515);
#3511 = LINE('',#3512,#3513);
#3512 = CARTESIAN_POINT('',(0.,-145.52));
#3513 = VECTOR('',#3514,1.);
#3514 = DIRECTION('',(1.,0.));
#3515 = ( GEOMETRIC_REPRESENTATION_CONTEXT(2) 
PARAMETRIC_REPRESENTATION_CONTEXT() REPRESENTATION_CONTEXT('2D SPACE',''
  ) );
#3516 = PCURVE('',#1533,#3517);
#3517 = DEFINITIONAL_REPRESENTATION('',(#3518),#3522);
#3518 = LINE('',#3519,#3520);
#3519 = CARTESIAN_POINT('',(16.691781754778,1.063218245222));
#3520 = VECTOR('',#3521,1.);
#3521 = DIRECTION('',(-1.,0.));
#3522 = ( GEOMETRIC_REPRESENTATION_CONTEXT(2) 
PARAMETRIC_REPRESENTATION_CONTEXT() REPRESENTATION_CONTEXT('2D SPACE',''
  ) );
#3523 = ADVANCED_FACE('',(#3524),#1533,.F.);
#3524 = FACE_BOUND('',#3525,.F.);
#3525 = EDGE_LOOP('',(#3526,#3547,#3548,#3549));
#3526 = ORIENTED_EDGE('',*,*,#3527,.F.);
#3527 = EDGE_CURVE('',#3481,#3528,#3530,.T.);
#3528 = VERTEX_POINT('',#3529);
#3529 = CARTESIAN_POINT('',(23.02,48.482921762655,-107.3367161853));
#3530 = SURFACE_CURVE('',#3531,(#3535,#3541),.PCURVE_S1.);
#3531 = LINE('',#3532,#3533);
#3532 = CARTESIAN_POINT('',(23.02,34.6,-107.3367161853));
#3533 = VECTOR('',#3534,1.);
#3534 = DIRECTION('',(0.,1.,0.));
#3535 = PCURVE('',#1533,#3536);
#3536 = DEFINITIONAL_REPRESENTATION('',(#3537),#3540);
#3537 = B_SPLINE_CURVE_WITH_KNOTS('',1,(#3538,#3539),.UNSPECIFIED.,.F.,
  .F.,(2,2),(10.,14.8),.PIECEWISE_BEZIER_KNOTS.);
#3538 = CARTESIAN_POINT('',(-10.74493443053,1.463218245222));
#3539 = CARTESIAN_POINT('',(-10.74493443053,-3.336781754778));
#3540 = ( GEOMETRIC_REPRESENTATION_CONTEXT(2) 
PARAMETRIC_REPRESENTATION_CONTEXT() REPRESENTATION_CONTEXT('2D SPACE',''
  ) );
#3541 = PCURVE('',#1957,#3542);
#3542 = DEFINITIONAL_REPRESENTATION('',(#3543),#3546);
#3543 = B_SPLINE_CURVE_WITH_KNOTS('',1,(#3544,#3545),.UNSPECIFIED.,.F.,
  .F.,(2,2),(10.4,13.882921762655),.PIECEWISE_BEZIER_KNOTS.);
#3544 = CARTESIAN_POINT('',(2.083849403168,10.4));
#3545 = CARTESIAN_POINT('',(2.083849403168,13.882921762655));
#3546 = ( GEOMETRIC_REPRESENTATION_CONTEXT(2) 
PARAMETRIC_REPRESENTATION_CONTEXT() REPRESENTATION_CONTEXT('2D SPACE',''
  ) );
#3547 = ORIENTED_EDGE('',*,*,#3503,.T.);
#3548 = ORIENTED_EDGE('',*,*,#1517,.T.);
#3549 = ORIENTED_EDGE('',*,*,#3550,.T.);
#3550 = EDGE_CURVE('',#1518,#3528,#3551,.T.);
#3551 = SURFACE_CURVE('',#3552,(#3556,#3563),.PCURVE_S1.);
#3552 = LINE('',#3553,#3554);
#3553 = CARTESIAN_POINT('',(23.02,49.,-111.41));
#3554 = VECTOR('',#3555,1.);
#3555 = DIRECTION('',(0.,-0.12593319258,0.99203872455));
#3556 = PCURVE('',#1533,#3557);
#3557 = DEFINITIONAL_REPRESENTATION('',(#3558),#3562);
#3558 = LINE('',#3559,#3560);
#3559 = CARTESIAN_POINT('',(-14.81821824522,-2.936781754778));
#3560 = VECTOR('',#3561,1.);
#3561 = DIRECTION('',(0.99203872455,0.12593319258));
#3562 = ( GEOMETRIC_REPRESENTATION_CONTEXT(2) 
PARAMETRIC_REPRESENTATION_CONTEXT() REPRESENTATION_CONTEXT('2D SPACE',''
  ) );
#3563 = PCURVE('',#1561,#3564);
#3564 = DEFINITIONAL_REPRESENTATION('',(#3565),#3569);
#3565 = LINE('',#3566,#3567);
#3566 = CARTESIAN_POINT('',(0.,-145.52));
#3567 = VECTOR('',#3568,1.);
#3568 = DIRECTION('',(1.,0.));
#3569 = ( GEOMETRIC_REPRESENTATION_CONTEXT(2) 
PARAMETRIC_REPRESENTATION_CONTEXT() REPRESENTATION_CONTEXT('2D SPACE',''
  ) );
#3570 = ADVANCED_FACE('',(#3571),#1561,.T.);
#3571 = FACE_BOUND('',#3572,.T.);
#3572 = EDGE_LOOP('',(#3573,#3608,#3609));
#3573 = ORIENTED_EDGE('',*,*,#3574,.F.);
#3574 = EDGE_CURVE('',#1546,#3528,#3575,.T.);
#3575 = SURFACE_CURVE('',#3576,(#3581,#3588),.PCURVE_S1.);
#3576 = ELLIPSE('',#3577,8.064201328058,8.);
#3577 = AXIS2_PLACEMENT_3D('',#3578,#3579,#3580);
#3578 = CARTESIAN_POINT('',(16.05,47.984449381149,-103.41));
#3579 = DIRECTION('',(0.,-0.99203872455,-0.12593319258));
#3580 = DIRECTION('',(0.,0.12593319258,-0.99203872455));
#3581 = PCURVE('',#1561,#3582);
#3582 = DEFINITIONAL_REPRESENTATION('',(#3583),#3587);
#3583 = ELLIPSE('',#3584,8.064201328058,8.);
#3584 = AXIS2_PLACEMENT_2D('',#3585,#3586);
#3585 = CARTESIAN_POINT('',(8.064201328058,-138.55));
#3586 = DIRECTION('',(-1.,-0.));
#3587 = ( GEOMETRIC_REPRESENTATION_CONTEXT(2) 
PARAMETRIC_REPRESENTATION_CONTEXT() REPRESENTATION_CONTEXT('2D SPACE',''
  ) );
#3588 = PCURVE('',#1957,#3589);
#3589 = DEFINITIONAL_REPRESENTATION('',(#3590),#3607);
#3590 = B_SPLINE_CURVE_WITH_KNOTS('',8,(#3591,#3592,#3593,#3594,#3595,
    #3596,#3597,#3598,#3599,#3600,#3601,#3602,#3603,#3604,#3605,#3606),
  .UNSPECIFIED.,.F.,.F.,(9,7,9),(6.28318530718,7.068583470577,
    7.340928557601),.UNSPECIFIED.);
#3591 = CARTESIAN_POINT('',(3.141592653591,14.399999976861));
#3592 = CARTESIAN_POINT('',(3.043417883166,14.400000008424));
#3593 = CARTESIAN_POINT('',(2.945243112741,14.38881357276));
#3594 = CARTESIAN_POINT('',(2.847068342316,14.366440648041));
#3595 = CARTESIAN_POINT('',(2.748893571891,14.333111215008));
#3596 = CARTESIAN_POINT('',(2.650718801467,14.289285284878));
#3597 = CARTESIAN_POINT('',(2.552544031042,14.235641135744));
#3598 = CARTESIAN_POINT('',(2.454369260617,14.17305168096));
#3599 = CARTESIAN_POINT('',(2.322151354314,14.078105641591));
#3600 = CARTESIAN_POINT('',(2.288108218436,14.052708046361));
#3601 = CARTESIAN_POINT('',(2.254065082558,14.026402499311));
#3602 = CARTESIAN_POINT('',(2.22002194668,13.99923452441));
#3603 = CARTESIAN_POINT('',(2.185978810802,13.971251836548));
#3604 = CARTESIAN_POINT('',(2.151935674924,13.942504167459));
#3605 = CARTESIAN_POINT('',(2.117892539046,13.913043078675));
#3606 = CARTESIAN_POINT('',(2.083849403168,13.882921764241));
#3607 = ( GEOMETRIC_REPRESENTATION_CONTEXT(2) 
PARAMETRIC_REPRESENTATION_CONTEXT() REPRESENTATION_CONTEXT('2D SPACE',''
  ) );
#3608 = ORIENTED_EDGE('',*,*,#1545,.T.);
#3609 = ORIENTED_EDGE('',*,*,#3550,.T.);
#3610 = ADVANCED_FACE('',(#3611,#3803),#1589,.T.);
#3611 = FACE_BOUND('',#3612,.T.);
#3612 = EDGE_LOOP('',(#3613,#3636,#3637,#3638,#3675,#3705,#3733,#3761,
    #3782));
#3613 = ORIENTED_EDGE('',*,*,#3614,.F.);
#3614 = EDGE_CURVE('',#1602,#3615,#3617,.T.);
#3615 = VERTEX_POINT('',#3616);
#3616 = CARTESIAN_POINT('',(-122.5,45.,-79.9));
#3617 = SURFACE_CURVE('',#3618,(#3622,#3629),.PCURVE_S1.);
#3618 = LINE('',#3619,#3620);
#3619 = CARTESIAN_POINT('',(-122.5,49.,-111.41));
#3620 = VECTOR('',#3621,1.);
#3621 = DIRECTION('',(0.,-0.12593319258,0.99203872455));
#3622 = PCURVE('',#1589,#3623);
#3623 = DEFINITIONAL_REPRESENTATION('',(#3624),#3628);
#3624 = LINE('',#3625,#3626);
#3625 = CARTESIAN_POINT('',(0.,0.));
#3626 = VECTOR('',#3627,1.);
#3627 = DIRECTION('',(1.,0.));
#3628 = ( GEOMETRIC_REPRESENTATION_CONTEXT(2) 
PARAMETRIC_REPRESENTATION_CONTEXT() REPRESENTATION_CONTEXT('2D SPACE',''
  ) );
#3629 = PCURVE('',#1640,#3630);
#3630 = DEFINITIONAL_REPRESENTATION('',(#3631),#3635);
#3631 = LINE('',#3632,#3633);
#3632 = CARTESIAN_POINT('',(-14.81821824522,-2.936781754778));
#3633 = VECTOR('',#3634,1.);
#3634 = DIRECTION('',(0.99203872455,0.12593319258));
#3635 = ( GEOMETRIC_REPRESENTATION_CONTEXT(2) 
PARAMETRIC_REPRESENTATION_CONTEXT() REPRESENTATION_CONTEXT('2D SPACE',''
  ) );
#3636 = ORIENTED_EDGE('',*,*,#1601,.T.);
#3637 = ORIENTED_EDGE('',*,*,#1573,.T.);
#3638 = ORIENTED_EDGE('',*,*,#3639,.F.);
#3639 = EDGE_CURVE('',#3640,#1546,#3642,.T.);
#3640 = VERTEX_POINT('',#3641);
#3641 = CARTESIAN_POINT('',(16.05,46.968898762298,-95.41));
#3642 = SURFACE_CURVE('',#3643,(#3648,#3655),.PCURVE_S1.);
#3643 = ELLIPSE('',#3644,8.064201328058,8.);
#3644 = AXIS2_PLACEMENT_3D('',#3645,#3646,#3647);
#3645 = CARTESIAN_POINT('',(16.05,47.984449381149,-103.41));
#3646 = DIRECTION('',(0.,-0.99203872455,-0.12593319258));
#3647 = DIRECTION('',(0.,0.12593319258,-0.99203872455));
#3648 = PCURVE('',#1589,#3649);
#3649 = DEFINITIONAL_REPRESENTATION('',(#3650),#3654);
#3650 = ELLIPSE('',#3651,8.064201328058,8.);
#3651 = AXIS2_PLACEMENT_2D('',#3652,#3653);
#3652 = CARTESIAN_POINT('',(8.064201328058,-138.55));
#3653 = DIRECTION('',(-1.,-0.));
#3654 = ( GEOMETRIC_REPRESENTATION_CONTEXT(2) 
PARAMETRIC_REPRESENTATION_CONTEXT() REPRESENTATION_CONTEXT('2D SPACE',''
  ) );
#3655 = PCURVE('',#1957,#3656);
#3656 = DEFINITIONAL_REPRESENTATION('',(#3657),#3674);
#3657 = B_SPLINE_CURVE_WITH_KNOTS('',8,(#3658,#3659,#3660,#3661,#3662,
    #3663,#3664,#3665,#3666,#3667,#3668,#3669,#3670,#3671,#3672,#3673),
  .UNSPECIFIED.,.F.,.F.,(9,7,9),(3.14159265359,4.712388980385,
    6.28318530718),.UNSPECIFIED.);
#3658 = CARTESIAN_POINT('',(6.28318530718,12.368898762298));
#3659 = CARTESIAN_POINT('',(6.08683576633,12.368898762298));
#3660 = CARTESIAN_POINT('',(5.890486225481,12.413645450415));
#3661 = CARTESIAN_POINT('',(5.694136684632,12.503133417291));
#3662 = CARTESIAN_POINT('',(5.497787143782,12.633698848415));
#3663 = CARTESIAN_POINT('',(5.301437602933,12.797952618616));
#3664 = CARTESIAN_POINT('',(5.105088062083,12.985644279731));
#3665 = CARTESIAN_POINT('',(4.908738521234,13.185046483428));
#3666 = CARTESIAN_POINT('',(4.516039439535,13.58385227887));
#3667 = CARTESIAN_POINT('',(4.319689898688,13.783255658308));
#3668 = CARTESIAN_POINT('',(4.123340357834,13.970942030833));
#3669 = CARTESIAN_POINT('',(3.926990816988,14.13520525052));
#3670 = CARTESIAN_POINT('',(3.73064127614,14.26576235539));
#3671 = CARTESIAN_POINT('',(3.534291735291,14.355253981703));
#3672 = CARTESIAN_POINT('',(3.33794219444,14.399999913736));
#3673 = CARTESIAN_POINT('',(3.141592653591,14.399999976861));
#3674 = ( GEOMETRIC_REPRESENTATION_CONTEXT(2) 
PARAMETRIC_REPRESENTATION_CONTEXT() REPRESENTATION_CONTEXT('2D SPACE',''
  ) );
#3675 = ORIENTED_EDGE('',*,*,#3676,.F.);
#3676 = EDGE_CURVE('',#3677,#3640,#3679,.T.);
#3677 = VERTEX_POINT('',#3678);
#3678 = CARTESIAN_POINT('',(23.02,47.485976999643,-99.48328381468));
#3679 = SURFACE_CURVE('',#3680,(#3685,#3692),.PCURVE_S1.);
#3680 = ELLIPSE('',#3681,8.064201328058,8.);
#3681 = AXIS2_PLACEMENT_3D('',#3682,#3683,#3684);
#3682 = CARTESIAN_POINT('',(16.05,47.984449381149,-103.41));
#3683 = DIRECTION('',(0.,-0.99203872455,-0.12593319258));
#3684 = DIRECTION('',(0.,0.12593319258,-0.99203872455));
#3685 = PCURVE('',#1589,#3686);
#3686 = DEFINITIONAL_REPRESENTATION('',(#3687),#3691);
#3687 = ELLIPSE('',#3688,8.064201328058,8.);
#3688 = AXIS2_PLACEMENT_2D('',#3689,#3690);
#3689 = CARTESIAN_POINT('',(8.064201328058,-138.55));
#3690 = DIRECTION('',(-1.,-0.));
#3691 = ( GEOMETRIC_REPRESENTATION_CONTEXT(2) 
PARAMETRIC_REPRESENTATION_CONTEXT() REPRESENTATION_CONTEXT('2D SPACE',''
  ) );
#3692 = PCURVE('',#1957,#3693);
#3693 = DEFINITIONAL_REPRESENTATION('',(#3694),#3704);
#3694 = B_SPLINE_CURVE_WITH_KNOTS('',8,(#3695,#3696,#3697,#3698,#3699,
    #3700,#3701,#3702,#3703),.UNSPECIFIED.,.F.,.F.,(9,9),(8.367034710348
    ,9.424777960769),.PIECEWISE_BEZIER_KNOTS.);
#3695 = CARTESIAN_POINT('',(7.340928557601,12.885977003734));
#3696 = CARTESIAN_POINT('',(7.208710651299,12.768990799032));
#3697 = CARTESIAN_POINT('',(7.076492744996,12.661963519188));
#3698 = CARTESIAN_POINT('',(6.944274838693,12.568011537915));
#3699 = CARTESIAN_POINT('',(6.812056932391,12.489880093998));
#3700 = CARTESIAN_POINT('',(6.679839026088,12.429767414728));
#3701 = CARTESIAN_POINT('',(6.547621119786,12.389188462696));
#3702 = CARTESIAN_POINT('',(6.415403213482,12.368898762298));
#3703 = CARTESIAN_POINT('',(6.28318530718,12.368898762298));
#3704 = ( GEOMETRIC_REPRESENTATION_CONTEXT(2) 
PARAMETRIC_REPRESENTATION_CONTEXT() REPRESENTATION_CONTEXT('2D SPACE',''
  ) );
#3705 = ORIENTED_EDGE('',*,*,#3706,.T.);
#3706 = EDGE_CURVE('',#3677,#3707,#3709,.T.);
#3707 = VERTEX_POINT('',#3708);
#3708 = CARTESIAN_POINT('',(23.02,45.,-79.9));
#3709 = SURFACE_CURVE('',#3710,(#3714,#3721),.PCURVE_S1.);
#3710 = LINE('',#3711,#3712);
#3711 = CARTESIAN_POINT('',(23.02,49.,-111.41));
#3712 = VECTOR('',#3713,1.);
#3713 = DIRECTION('',(0.,-0.12593319258,0.99203872455));
#3714 = PCURVE('',#1589,#3715);
#3715 = DEFINITIONAL_REPRESENTATION('',(#3716),#3720);
#3716 = LINE('',#3717,#3718);
#3717 = CARTESIAN_POINT('',(0.,-145.52));
#3718 = VECTOR('',#3719,1.);
#3719 = DIRECTION('',(1.,0.));
#3720 = ( GEOMETRIC_REPRESENTATION_CONTEXT(2) 
PARAMETRIC_REPRESENTATION_CONTEXT() REPRESENTATION_CONTEXT('2D SPACE',''
  ) );
#3721 = PCURVE('',#3722,#3727);
#3722 = PLANE('',#3723);
#3723 = AXIS2_PLACEMENT_3D('',#3724,#3725,#3726);
#3724 = CARTESIAN_POINT('',(23.02,46.063218245222,-96.59178175477));
#3725 = DIRECTION('',(1.,0.,0.));
#3726 = DIRECTION('',(-0.,0.,1.));
#3727 = DEFINITIONAL_REPRESENTATION('',(#3728),#3732);
#3728 = LINE('',#3729,#3730);
#3729 = CARTESIAN_POINT('',(-14.81821824522,-2.936781754778));
#3730 = VECTOR('',#3731,1.);
#3731 = DIRECTION('',(0.99203872455,0.12593319258));
#3732 = ( GEOMETRIC_REPRESENTATION_CONTEXT(2) 
PARAMETRIC_REPRESENTATION_CONTEXT() REPRESENTATION_CONTEXT('2D SPACE',''
  ) );
#3733 = ORIENTED_EDGE('',*,*,#3734,.F.);
#3734 = EDGE_CURVE('',#3735,#3707,#3737,.T.);
#3735 = VERTEX_POINT('',#3736);
#3736 = CARTESIAN_POINT('',(15.,45.,-79.9));
#3737 = SURFACE_CURVE('',#3738,(#3742,#3749),.PCURVE_S1.);
#3738 = LINE('',#3739,#3740);
#3739 = CARTESIAN_POINT('',(-122.5,45.,-79.9));
#3740 = VECTOR('',#3741,1.);
#3741 = DIRECTION('',(1.,0.,0.));
#3742 = PCURVE('',#1589,#3743);
#3743 = DEFINITIONAL_REPRESENTATION('',(#3744),#3748);
#3744 = LINE('',#3745,#3746);
#3745 = CARTESIAN_POINT('',(31.762872980888,0.));
#3746 = VECTOR('',#3747,1.);
#3747 = DIRECTION('',(0.,-1.));
#3748 = ( GEOMETRIC_REPRESENTATION_CONTEXT(2) 
PARAMETRIC_REPRESENTATION_CONTEXT() REPRESENTATION_CONTEXT('2D SPACE',''
  ) );
#3749 = PCURVE('',#3750,#3755);
#3750 = PLANE('',#3751);
#3751 = AXIS2_PLACEMENT_3D('',#3752,#3753,#3754);
#3752 = CARTESIAN_POINT('',(-122.5,45.,-79.9));
#3753 = DIRECTION('',(-0.,1.,0.));
#3754 = DIRECTION('',(0.,0.,-1.));
#3755 = DEFINITIONAL_REPRESENTATION('',(#3756),#3760);
#3756 = LINE('',#3757,#3758);
#3757 = CARTESIAN_POINT('',(0.,0.));
#3758 = VECTOR('',#3759,1.);
#3759 = DIRECTION('',(0.,-1.));
#3760 = ( GEOMETRIC_REPRESENTATION_CONTEXT(2) 
PARAMETRIC_REPRESENTATION_CONTEXT() REPRESENTATION_CONTEXT('2D SPACE',''
  ) );
#3761 = ORIENTED_EDGE('',*,*,#3762,.F.);
#3762 = EDGE_CURVE('',#2666,#3735,#3763,.T.);
#3763 = SURFACE_CURVE('',#3764,(#3768,#3775),.PCURVE_S1.);
#3764 = LINE('',#3765,#3766);
#3765 = CARTESIAN_POINT('',(-122.5,45.,-79.9));
#3766 = VECTOR('',#3767,1.);
#3767 = DIRECTION('',(1.,0.,0.));
#3768 = PCURVE('',#1589,#3769);
#3769 = DEFINITIONAL_REPRESENTATION('',(#3770),#3774);
#3770 = LINE('',#3771,#3772);
#3771 = CARTESIAN_POINT('',(31.762872980888,0.));
#3772 = VECTOR('',#3773,1.);
#3773 = DIRECTION('',(0.,-1.));
#3774 = ( GEOMETRIC_REPRESENTATION_CONTEXT(2) 
PARAMETRIC_REPRESENTATION_CONTEXT() REPRESENTATION_CONTEXT('2D SPACE',''
  ) );
#3775 = PCURVE('',#2518,#3776);
#3776 = DEFINITIONAL_REPRESENTATION('',(#3777),#3781);
#3777 = LINE('',#3778,#3779);
#3778 = CARTESIAN_POINT('',(137.5,-31.51));
#3779 = VECTOR('',#3780,1.);
#3780 = DIRECTION('',(-1.,-0.));
#3781 = ( GEOMETRIC_REPRESENTATION_CONTEXT(2) 
PARAMETRIC_REPRESENTATION_CONTEXT() REPRESENTATION_CONTEXT('2D SPACE',''
  ) );
#3782 = ORIENTED_EDGE('',*,*,#3783,.F.);
#3783 = EDGE_CURVE('',#3615,#2666,#3784,.T.);
#3784 = SURFACE_CURVE('',#3785,(#3789,#3796),.PCURVE_S1.);
#3785 = LINE('',#3786,#3787);
#3786 = CARTESIAN_POINT('',(-122.5,45.,-79.9));
#3787 = VECTOR('',#3788,1.);
#3788 = DIRECTION('',(1.,0.,0.));
#3789 = PCURVE('',#1589,#3790);
#3790 = DEFINITIONAL_REPRESENTATION('',(#3791),#3795);
#3791 = LINE('',#3792,#3793);
#3792 = CARTESIAN_POINT('',(31.762872980888,0.));
#3793 = VECTOR('',#3794,1.);
#3794 = DIRECTION('',(0.,-1.));
#3795 = ( GEOMETRIC_REPRESENTATION_CONTEXT(2) 
PARAMETRIC_REPRESENTATION_CONTEXT() REPRESENTATION_CONTEXT('2D SPACE',''
  ) );
#3796 = PCURVE('',#1668,#3797);
#3797 = DEFINITIONAL_REPRESENTATION('',(#3798),#3802);
#3798 = LINE('',#3799,#3800);
#3799 = CARTESIAN_POINT('',(0.,0.));
#3800 = VECTOR('',#3801,1.);
#3801 = DIRECTION('',(0.,-1.));
#3802 = ( GEOMETRIC_REPRESENTATION_CONTEXT(2) 
PARAMETRIC_REPRESENTATION_CONTEXT() REPRESENTATION_CONTEXT('2D SPACE',''
  ) );
#3803 = FACE_BOUND('',#3804,.T.);
#3804 = EDGE_LOOP('',(#3805,#3863));
#3805 = ORIENTED_EDGE('',*,*,#3806,.F.);
#3806 = EDGE_CURVE('',#3807,#3809,#3811,.T.);
#3807 = VERTEX_POINT('',#3808);
#3808 = CARTESIAN_POINT('',(-89.95,49.,-111.41));
#3809 = VERTEX_POINT('',#3810);
#3810 = CARTESIAN_POINT('',(-89.95,46.968898762298,-95.41));
#3811 = SURFACE_CURVE('',#3812,(#3817,#3824),.PCURVE_S1.);
#3812 = ELLIPSE('',#3813,8.064201328058,8.);
#3813 = AXIS2_PLACEMENT_3D('',#3814,#3815,#3816);
#3814 = CARTESIAN_POINT('',(-89.95,47.984449381149,-103.41));
#3815 = DIRECTION('',(0.,-0.99203872455,-0.12593319258));
#3816 = DIRECTION('',(0.,0.12593319258,-0.99203872455));
#3817 = PCURVE('',#1589,#3818);
#3818 = DEFINITIONAL_REPRESENTATION('',(#3819),#3823);
#3819 = ELLIPSE('',#3820,8.064201328058,8.);
#3820 = AXIS2_PLACEMENT_2D('',#3821,#3822);
#3821 = CARTESIAN_POINT('',(8.064201328058,-32.55));
#3822 = DIRECTION('',(-1.,-0.));
#3823 = ( GEOMETRIC_REPRESENTATION_CONTEXT(2) 
PARAMETRIC_REPRESENTATION_CONTEXT() REPRESENTATION_CONTEXT('2D SPACE',''
  ) );
#3824 = PCURVE('',#3825,#3830);
#3825 = CYLINDRICAL_SURFACE('',#3826,8.);
#3826 = AXIS2_PLACEMENT_3D('',#3827,#3828,#3829);
#3827 = CARTESIAN_POINT('',(-89.95,34.6,-103.41));
#3828 = DIRECTION('',(0.,1.,0.));
#3829 = DIRECTION('',(0.,-0.,1.));
#3830 = DEFINITIONAL_REPRESENTATION('',(#3831),#3862);
#3831 = B_SPLINE_CURVE_WITH_KNOTS('',8,(#3832,#3833,#3834,#3835,#3836,
    #3837,#3838,#3839,#3840,#3841,#3842,#3843,#3844,#3845,#3846,#3847,
    #3848,#3849,#3850,#3851,#3852,#3853,#3854,#3855,#3856,#3857,#3858,
    #3859,#3860,#3861),.UNSPECIFIED.,.F.,.F.,(9,7,7,7,9),(3.14159265359,
    4.712388980385,7.068583470577,8.246680715673,9.424777960769),
  .UNSPECIFIED.);
#3832 = CARTESIAN_POINT('',(6.28318530718,12.368898762298));
#3833 = CARTESIAN_POINT('',(6.08683576633,12.368898762298));
#3834 = CARTESIAN_POINT('',(5.890486225481,12.413645450415));
#3835 = CARTESIAN_POINT('',(5.694136684632,12.503133417291));
#3836 = CARTESIAN_POINT('',(5.497787143782,12.633698848415));
#3837 = CARTESIAN_POINT('',(5.301437602933,12.797952618616));
#3838 = CARTESIAN_POINT('',(5.105088062083,12.985644279731));
#3839 = CARTESIAN_POINT('',(4.908738521234,13.185046483428));
#3840 = CARTESIAN_POINT('',(4.417864669111,13.68355372773));
#3841 = CARTESIAN_POINT('',(4.123340357839,13.982659158175));
#3842 = CARTESIAN_POINT('',(3.828816046552,14.242219148357));
#3843 = CARTESIAN_POINT('',(3.534291735306,14.422744596595));
#3844 = CARTESIAN_POINT('',(3.239767424005,14.495524993072));
#3845 = CARTESIAN_POINT('',(2.945243112744,14.454358491683));
#3846 = CARTESIAN_POINT('',(2.650718801466,14.314050822127));
#3847 = CARTESIAN_POINT('',(2.208932334555,13.996802754502));
#3848 = CARTESIAN_POINT('',(2.061670178919,13.873255798399));
#3849 = CARTESIAN_POINT('',(1.91440802328,13.735405970026));
#3850 = CARTESIAN_POINT('',(1.767145867643,13.587570604126));
#3851 = CARTESIAN_POINT('',(1.619883712007,13.43464970051));
#3852 = CARTESIAN_POINT('',(1.472621556369,13.28178333069));
#3853 = CARTESIAN_POINT('',(1.325359400733,13.133983176532));
#3854 = CARTESIAN_POINT('',(1.030835089459,12.857646792641));
#3855 = CARTESIAN_POINT('',(0.883572933823,12.729110664041));
#3856 = CARTESIAN_POINT('',(0.736310778184,12.61477187079));
#3857 = CARTESIAN_POINT('',(0.589048622548,12.518752288786));
#3858 = CARTESIAN_POINT('',(0.441786466912,12.444407129313));
#3859 = CARTESIAN_POINT('',(0.294524311273,12.39406842465));
#3860 = CARTESIAN_POINT('',(0.147262155637,12.368898762298));
#3861 = CARTESIAN_POINT('',(6.217248937901E-15,12.368898762298));
#3862 = ( GEOMETRIC_REPRESENTATION_CONTEXT(2) 
PARAMETRIC_REPRESENTATION_CONTEXT() REPRESENTATION_CONTEXT('2D SPACE',''
  ) );
#3863 = ORIENTED_EDGE('',*,*,#3864,.F.);
#3864 = EDGE_CURVE('',#3809,#3807,#3865,.T.);
#3865 = SURFACE_CURVE('',#3866,(#3871,#3878),.PCURVE_S1.);
#3866 = ELLIPSE('',#3867,8.064201328058,8.);
#3867 = AXIS2_PLACEMENT_3D('',#3868,#3869,#3870);
#3868 = CARTESIAN_POINT('',(-89.95,47.984449381149,-103.41));
#3869 = DIRECTION('',(0.,-0.99203872455,-0.12593319258));
#3870 = DIRECTION('',(0.,0.12593319258,-0.99203872455));
#3871 = PCURVE('',#1589,#3872);
#3872 = DEFINITIONAL_REPRESENTATION('',(#3873),#3877);
#3873 = ELLIPSE('',#3874,8.064201328058,8.);
#3874 = AXIS2_PLACEMENT_2D('',#3875,#3876);
#3875 = CARTESIAN_POINT('',(8.064201328058,-32.55));
#3876 = DIRECTION('',(-1.,-0.));
#3877 = ( GEOMETRIC_REPRESENTATION_CONTEXT(2) 
PARAMETRIC_REPRESENTATION_CONTEXT() REPRESENTATION_CONTEXT('2D SPACE',''
  ) );
#3878 = PCURVE('',#3825,#3879);
#3879 = DEFINITIONAL_REPRESENTATION('',(#3880),#3911);
#3880 = B_SPLINE_CURVE_WITH_KNOTS('',8,(#3881,#3882,#3883,#3884,#3885,
    #3886,#3887,#3888,#3889,#3890,#3891,#3892,#3893,#3894,#3895,#3896,
    #3897,#3898,#3899,#3900,#3901,#3902,#3903,#3904,#3905,#3906,#3907,
    #3908,#3909,#3910),.UNSPECIFIED.,.F.,.F.,(9,7,7,7,9),(3.14159265359,
    4.712388980385,7.068583470577,8.246680715673,9.424777960769),
  .UNSPECIFIED.);
#3881 = CARTESIAN_POINT('',(6.28318530718,12.368898762298));
#3882 = CARTESIAN_POINT('',(6.08683576633,12.368898762298));
#3883 = CARTESIAN_POINT('',(5.890486225481,12.413645450415));
#3884 = CARTESIAN_POINT('',(5.694136684632,12.503133417291));
#3885 = CARTESIAN_POINT('',(5.497787143782,12.633698848415));
#3886 = CARTESIAN_POINT('',(5.301437602933,12.797952618616));
#3887 = CARTESIAN_POINT('',(5.105088062083,12.985644279731));
#3888 = CARTESIAN_POINT('',(4.908738521234,13.185046483428));
#3889 = CARTESIAN_POINT('',(4.417864669111,13.68355372773));
#3890 = CARTESIAN_POINT('',(4.123340357839,13.982659158175));
#3891 = CARTESIAN_POINT('',(3.828816046552,14.242219148357));
#3892 = CARTESIAN_POINT('',(3.534291735306,14.422744596595));
#3893 = CARTESIAN_POINT('',(3.239767424005,14.495524993072));
#3894 = CARTESIAN_POINT('',(2.945243112744,14.454358491683));
#3895 = CARTESIAN_POINT('',(2.650718801466,14.314050822127));
#3896 = CARTESIAN_POINT('',(2.208932334555,13.996802754502));
#3897 = CARTESIAN_POINT('',(2.061670178919,13.873255798399));
#3898 = CARTESIAN_POINT('',(1.91440802328,13.735405970026));
#3899 = CARTESIAN_POINT('',(1.767145867643,13.587570604126));
#3900 = CARTESIAN_POINT('',(1.619883712007,13.43464970051));
#3901 = CARTESIAN_POINT('',(1.472621556369,13.28178333069));
#3902 = CARTESIAN_POINT('',(1.325359400733,13.133983176532));
#3903 = CARTESIAN_POINT('',(1.030835089459,12.857646792641));
#3904 = CARTESIAN_POINT('',(0.883572933823,12.729110664041));
#3905 = CARTESIAN_POINT('',(0.736310778184,12.61477187079));
#3906 = CARTESIAN_POINT('',(0.589048622548,12.518752288786));
#3907 = CARTESIAN_POINT('',(0.441786466912,12.444407129313));
#3908 = CARTESIAN_POINT('',(0.294524311273,12.39406842465));
#3909 = CARTESIAN_POINT('',(0.147262155637,12.368898762298));
#3910 = CARTESIAN_POINT('',(6.217248937901E-15,12.368898762298));
#3911 = ( GEOMETRIC_REPRESENTATION_CONTEXT(2) 
PARAMETRIC_REPRESENTATION_CONTEXT() REPRESENTATION_CONTEXT('2D SPACE',''
  ) );
#3912 = ADVANCED_FACE('',(#3913),#1640,.T.);
#3913 = FACE_BOUND('',#3914,.T.);
#3914 = EDGE_LOOP('',(#3915,#3936,#3937));
#3915 = ORIENTED_EDGE('',*,*,#3916,.T.);
#3916 = EDGE_CURVE('',#3615,#1625,#3917,.T.);
#3917 = SURFACE_CURVE('',#3918,(#3922,#3929),.PCURVE_S1.);
#3918 = LINE('',#3919,#3920);
#3919 = CARTESIAN_POINT('',(-122.5,45.,-79.9));
#3920 = VECTOR('',#3921,1.);
#3921 = DIRECTION('',(0.,0.,-1.));
#3922 = PCURVE('',#1640,#3923);
#3923 = DEFINITIONAL_REPRESENTATION('',(#3924),#3928);
#3924 = LINE('',#3925,#3926);
#3925 = CARTESIAN_POINT('',(16.691781754778,1.063218245222));
#3926 = VECTOR('',#3927,1.);
#3927 = DIRECTION('',(-1.,0.));
#3928 = ( GEOMETRIC_REPRESENTATION_CONTEXT(2) 
PARAMETRIC_REPRESENTATION_CONTEXT() REPRESENTATION_CONTEXT('2D SPACE',''
  ) );
#3929 = PCURVE('',#1668,#3930);
#3930 = DEFINITIONAL_REPRESENTATION('',(#3931),#3935);
#3931 = LINE('',#3932,#3933);
#3932 = CARTESIAN_POINT('',(0.,0.));
#3933 = VECTOR('',#3934,1.);
#3934 = DIRECTION('',(1.,0.));
#3935 = ( GEOMETRIC_REPRESENTATION_CONTEXT(2) 
PARAMETRIC_REPRESENTATION_CONTEXT() REPRESENTATION_CONTEXT('2D SPACE',''
  ) );
#3936 = ORIENTED_EDGE('',*,*,#1624,.T.);
#3937 = ORIENTED_EDGE('',*,*,#3614,.T.);
#3938 = ADVANCED_FACE('',(#3939),#1668,.T.);
#3939 = FACE_BOUND('',#3940,.T.);
#3940 = EDGE_LOOP('',(#3941,#3942,#3943,#3944));
#3941 = ORIENTED_EDGE('',*,*,#3916,.F.);
#3942 = ORIENTED_EDGE('',*,*,#3783,.T.);
#3943 = ORIENTED_EDGE('',*,*,#2665,.F.);
#3944 = ORIENTED_EDGE('',*,*,#1652,.F.);
#3945 = ADVANCED_FACE('',(#3946),#1957,.T.);
#3946 = FACE_BOUND('',#3947,.T.);
#3947 = EDGE_LOOP('',(#3948,#3974,#3993,#3994,#3995,#3996,#3997,#3998,
    #3999,#4000,#4001,#4002,#4024,#4025));
#3948 = ORIENTED_EDGE('',*,*,#3949,.T.);
#3949 = EDGE_CURVE('',#3950,#3952,#3954,.T.);
#3950 = VERTEX_POINT('',#3951);
#3951 = CARTESIAN_POINT('',(15.,45.,-95.47920558834));
#3952 = VERTEX_POINT('',#3953);
#3953 = CARTESIAN_POINT('',(23.02,45.,-99.48328381468));
#3954 = SURFACE_CURVE('',#3955,(#3960,#3967),.PCURVE_S1.);
#3955 = CIRCLE('',#3956,8.);
#3956 = AXIS2_PLACEMENT_3D('',#3957,#3958,#3959);
#3957 = CARTESIAN_POINT('',(16.05,45.,-103.41));
#3958 = DIRECTION('',(0.,1.,0.));
#3959 = DIRECTION('',(-0.13125,0.,0.991349301457));
#3960 = PCURVE('',#1957,#3961);
#3961 = DEFINITIONAL_REPRESENTATION('',(#3962),#3966);
#3962 = LINE('',#3963,#3964);
#3963 = CARTESIAN_POINT('',(6.151555524639,10.4));
#3964 = VECTOR('',#3965,1.);
#3965 = DIRECTION('',(1.,0.));
#3966 = ( GEOMETRIC_REPRESENTATION_CONTEXT(2) 
PARAMETRIC_REPRESENTATION_CONTEXT() REPRESENTATION_CONTEXT('2D SPACE',''
  ) );
#3967 = PCURVE('',#3750,#3968);
#3968 = DEFINITIONAL_REPRESENTATION('',(#3969),#3973);
#3969 = CIRCLE('',#3970,8.);
#3970 = AXIS2_PLACEMENT_2D('',#3971,#3972);
#3971 = CARTESIAN_POINT('',(23.51,-138.55));
#3972 = DIRECTION('',(-0.991349301457,0.13125));
#3973 = ( GEOMETRIC_REPRESENTATION_CONTEXT(2) 
PARAMETRIC_REPRESENTATION_CONTEXT() REPRESENTATION_CONTEXT('2D SPACE',''
  ) );
#3974 = ORIENTED_EDGE('',*,*,#3975,.T.);
#3975 = EDGE_CURVE('',#3952,#3677,#3976,.T.);
#3976 = SURFACE_CURVE('',#3977,(#3981,#3987),.PCURVE_S1.);
#3977 = LINE('',#3978,#3979);
#3978 = CARTESIAN_POINT('',(23.02,34.6,-99.48328381468));
#3979 = VECTOR('',#3980,1.);
#3980 = DIRECTION('',(0.,1.,0.));
#3981 = PCURVE('',#1957,#3982);
#3982 = DEFINITIONAL_REPRESENTATION('',(#3983),#3986);
#3983 = B_SPLINE_CURVE_WITH_KNOTS('',1,(#3984,#3985),.UNSPECIFIED.,.F.,
  .F.,(2,2),(10.4,12.885976999643),.PIECEWISE_BEZIER_KNOTS.);
#3984 = CARTESIAN_POINT('',(7.340928557601,10.4));
#3985 = CARTESIAN_POINT('',(7.340928557601,12.885976999643));
#3986 = ( GEOMETRIC_REPRESENTATION_CONTEXT(2) 
PARAMETRIC_REPRESENTATION_CONTEXT() REPRESENTATION_CONTEXT('2D SPACE',''
  ) );
#3987 = PCURVE('',#3722,#3988);
#3988 = DEFINITIONAL_REPRESENTATION('',(#3989),#3992);
#3989 = B_SPLINE_CURVE_WITH_KNOTS('',1,(#3990,#3991),.UNSPECIFIED.,.F.,
  .F.,(2,2),(10.,14.8),.PIECEWISE_BEZIER_KNOTS.);
#3990 = CARTESIAN_POINT('',(-2.891502059909,1.463218245222));
#3991 = CARTESIAN_POINT('',(-2.891502059909,-3.336781754778));
#3992 = ( GEOMETRIC_REPRESENTATION_CONTEXT(2) 
PARAMETRIC_REPRESENTATION_CONTEXT() REPRESENTATION_CONTEXT('2D SPACE',''
  ) );
#3993 = ORIENTED_EDGE('',*,*,#3676,.T.);
#3994 = ORIENTED_EDGE('',*,*,#3639,.T.);
#3995 = ORIENTED_EDGE('',*,*,#3574,.T.);
#3996 = ORIENTED_EDGE('',*,*,#3527,.F.);
#3997 = ORIENTED_EDGE('',*,*,#3480,.T.);
#3998 = ORIENTED_EDGE('',*,*,#3455,.T.);
#3999 = ORIENTED_EDGE('',*,*,#3343,.F.);
#4000 = ORIENTED_EDGE('',*,*,#3231,.F.);
#4001 = ORIENTED_EDGE('',*,*,#1994,.F.);
#4002 = ORIENTED_EDGE('',*,*,#4003,.T.);
#4003 = EDGE_CURVE('',#1969,#1943,#4004,.T.);
#4004 = SURFACE_CURVE('',#4005,(#4010,#4017),.PCURVE_S1.);
#4005 = CIRCLE('',#4006,8.);
#4006 = AXIS2_PLACEMENT_3D('',#4007,#4008,#4009);
#4007 = CARTESIAN_POINT('',(16.05,34.6,-103.41));
#4008 = DIRECTION('',(0.,1.,0.));
#4009 = DIRECTION('',(0.86875,0.,-0.495250883391));
#4010 = PCURVE('',#1957,#4011);
#4011 = DEFINITIONAL_REPRESENTATION('',(#4012),#4016);
#4012 = LINE('',#4013,#4014);
#4013 = CARTESIAN_POINT('',(2.088919921301,0.));
#4014 = VECTOR('',#4015,1.);
#4015 = DIRECTION('',(1.,0.));
#4016 = ( GEOMETRIC_REPRESENTATION_CONTEXT(2) 
PARAMETRIC_REPRESENTATION_CONTEXT() REPRESENTATION_CONTEXT('2D SPACE',''
  ) );
#4017 = PCURVE('',#1983,#4018);
#4018 = DEFINITIONAL_REPRESENTATION('',(#4019),#4023);
#4019 = CIRCLE('',#4020,8.);
#4020 = AXIS2_PLACEMENT_2D('',#4021,#4022);
#4021 = CARTESIAN_POINT('',(0.,0.));
#4022 = DIRECTION('',(-0.495250883391,0.86875));
#4023 = ( GEOMETRIC_REPRESENTATION_CONTEXT(2) 
PARAMETRIC_REPRESENTATION_CONTEXT() REPRESENTATION_CONTEXT('2D SPACE',''
  ) );
#4024 = ORIENTED_EDGE('',*,*,#1942,.T.);
#4025 = ORIENTED_EDGE('',*,*,#4026,.F.);
#4026 = EDGE_CURVE('',#3950,#1915,#4027,.T.);
#4027 = SURFACE_CURVE('',#4028,(#4073,#4146),.PCURVE_S1.);
#4028 = B_SPLINE_CURVE_WITH_KNOTS('',7,(#4029,#4030,#4031,#4032,#4033,
    #4034,#4035,#4036,#4037,#4038,#4039,#4040,#4041,#4042,#4043,#4044,
    #4045,#4046,#4047,#4048,#4049,#4050,#4051,#4052,#4053,#4054,#4055,
    #4056,#4057,#4058,#4059,#4060,#4061,#4062,#4063,#4064,#4065,#4066,
    #4067,#4068,#4069,#4070,#4071,#4072),.UNSPECIFIED.,.F.,.F.,(8,6,6,6,
    6,6,6,8),(0.,0.498631693895,1.,3.555717368604,5.119097654102,
    9.379781598086,13.273008008273,15.583825557978),.UNSPECIFIED.);
#4029 = CARTESIAN_POINT('',(15.,45.,-95.47920558834));
#4030 = CARTESIAN_POINT('',(15.074374512118,45.,-95.4693587516));
#4031 = CARTESIAN_POINT('',(15.148956630103,44.999193365517,
    -95.46031238335));
#4032 = CARTESIAN_POINT('',(15.223706572028,44.997571864897,
    -95.45207583725));
#4033 = CARTESIAN_POINT('',(15.298583706053,44.995129463884,
    -95.44465632666));
#4034 = CARTESIAN_POINT('',(15.373546550416,44.99186232562,
    -95.43805892469));
#4035 = CARTESIAN_POINT('',(15.44855277344,44.987768810647,
    -95.43228656413));
#4036 = CARTESIAN_POINT('',(15.598977267129,44.977903144655,
    -95.42236636307));
#4037 = CARTESIAN_POINT('',(15.67439633136,44.972121869735,
    -95.41822757876));
#4038 = CARTESIAN_POINT('',(15.749772476448,44.965506408224,
    -95.4149243025));
#4039 = CARTESIAN_POINT('',(15.825062659192,44.958059704595,
    -95.41245490548));
#4040 = CARTESIAN_POINT('',(15.900224702968,44.949786891718,
    -95.4108155121));
#4041 = CARTESIAN_POINT('',(15.975217297727,44.940695290853,-95.41));
#4042 = CARTESIAN_POINT('',(16.431203695451,44.88032482949,-95.41));
#4043 = CARTESIAN_POINT('',(16.803844824872,44.809237036091,
    -95.43119228085));
#4044 = CARTESIAN_POINT('',(17.165673302385,44.719007876854,
    -95.47186146793));
#4045 = CARTESIAN_POINT('',(17.514600782831,44.611515169395,
    -95.52995862663));
#4046 = CARTESIAN_POINT('',(17.848712713278,44.489035467864,
    -95.60310294114));
#4047 = CARTESIAN_POINT('',(18.166278575599,44.354256674723,
    -95.68859771236));
#4048 = CARTESIAN_POINT('',(18.648958924554,44.122247864457,
    -95.84149012983));
#4049 = CARTESIAN_POINT('',(18.826171036026,44.030382790279,
    -95.90327238883));
#4050 = CARTESIAN_POINT('',(18.997531193013,43.935088442169,
    -95.96836662854));
#4051 = CARTESIAN_POINT('',(19.163187018038,43.836702727946,
    -96.03637514787));
#4052 = CARTESIAN_POINT('',(19.323298776116,43.735522155532,
    -96.1069418319));
#4053 = CARTESIAN_POINT('',(19.478038933202,43.631800689917,
    -96.17975061576));
#4054 = CARTESIAN_POINT('',(20.035168259216,43.236724629365,
    -96.45830388691));
#4055 = CARTESIAN_POINT('',(20.40520422693,42.929689569473,
    -96.67716974735));
#4056 = CARTESIAN_POINT('',(20.740651999362,42.609042248955,
    -96.90542187576));
#4057 = CARTESIAN_POINT('',(21.044609663574,42.277499892725,
    -97.13891180647));
#4058 = CARTESIAN_POINT('',(21.320047589938,41.936248462709,
    -97.374572832));
#4059 = CARTESIAN_POINT('',(21.56947273434,41.585191347736,
    -97.60999204571));
#4060 = CARTESIAN_POINT('',(22.000381964682,40.891859837826,
    -98.05459618558));
#4061 = CARTESIAN_POINT('',(22.184809433561,40.553145719912,
    -98.26319758778));
#4062 = CARTESIAN_POINT('',(22.349907365111,40.205395607244,
    -98.46627345021));
#4063 = CARTESIAN_POINT('',(22.496201347962,39.847417688731,
    -98.66100341068));
#4064 = CARTESIAN_POINT('',(22.623232072202,39.47863154193,
    -98.84287762307));
#4065 = CARTESIAN_POINT('',(22.730230118028,39.098715263798,
    -99.00542649322));
#4066 = CARTESIAN_POINT('',(22.866660841309,38.473902904331,
    -99.22165856927));
#4067 = CARTESIAN_POINT('',(22.910269610226,38.235397934123,
    -99.29325293843));
#4068 = CARTESIAN_POINT('',(22.94576589602,37.992845506028,
    -99.35340200932));
#4069 = CARTESIAN_POINT('',(22.972702948029,37.747413913491,
    -99.4001082872));
#4070 = CARTESIAN_POINT('',(22.990841775961,37.499844949681,
    -99.43192846415));
#4071 = CARTESIAN_POINT('',(23.,37.250598129187,-99.44799293286));
#4072 = CARTESIAN_POINT('',(23.,37.,-99.44799293286));
#4073 = PCURVE('',#1957,#4074);
#4074 = DEFINITIONAL_REPRESENTATION('',(#4075),#4145);
#4075 = B_SPLINE_CURVE_WITH_KNOTS('',3,(#4076,#4077,#4078,#4079,#4080,
    #4081,#4082,#4083,#4084,#4085,#4086,#4087,#4088,#4089,#4090,#4091,
    #4092,#4093,#4094,#4095,#4096,#4097,#4098,#4099,#4100,#4101,#4102,
    #4103,#4104,#4105,#4106,#4107,#4108,#4109,#4110,#4111,#4112,#4113,
    #4114,#4115,#4116,#4117,#4118,#4119,#4120,#4121,#4122,#4123,#4124,
    #4125,#4126,#4127,#4128,#4129,#4130,#4131,#4132,#4133,#4134,#4135,
    #4136,#4137,#4138,#4139,#4140,#4141,#4142,#4143,#4144),
  .UNSPECIFIED.,.F.,.F.,(4,1,1,1,1,1,1,1,1,1,1,1,1,1,1,1,1,1,1,1,1,1,1,1
    ,1,1,1,1,1,1,1,1,1,1,1,1,1,1,1,1,1,1,1,1,1,1,1,1,1,1,1,1,1,1,1,1,1,1
    ,1,1,1,1,1,1,1,1,4),(0.,0.23611856906,0.472237138121,0.708355707181,
    0.944474276241,1.180592845301,1.416711414362,1.652829983422,
    1.888948552482,2.125067121542,2.361185690603,2.597304259663,
    2.833422828723,3.069541397784,3.305659966844,3.541778535904,
    3.777897104964,4.014015674025,4.250134243085,4.486252812145,
    4.722371381205,4.958489950266,5.194608519326,5.430727088386,
    5.666845657447,5.902964226507,6.139082795567,6.375201364627,
    6.611319933688,6.847438502748,7.083557071808,7.319675640868,
    7.555794209929,7.791912778989,8.028031348049,8.26414991711,
    8.50026848617,8.73638705523,8.97250562429,9.208624193351,
    9.444742762411,9.680861331471,9.916979900531,10.153098469592,
    10.389217038652,10.625335607712,10.861454176773,11.097572745833,
    11.333691314893,11.569809883953,11.805928453014,12.042047022074,
    12.278165591134,12.514284160194,12.750402729255,12.986521298315,
    13.222639867375,13.458758436436,13.694877005496,13.930995574556,
    14.167114143616,14.403232712677,14.639351281737,14.875469850797,
    15.111588419857,15.347706988918,15.583825557978),
  .QUASI_UNIFORM_KNOTS.);
#4076 = CARTESIAN_POINT('',(6.151555524639,10.4));
#4077 = CARTESIAN_POINT('',(6.161917097938,10.400007766912));
#4078 = CARTESIAN_POINT('',(6.182680481393,10.397461640467));
#4079 = CARTESIAN_POINT('',(6.213859798869,10.385922073773));
#4080 = CARTESIAN_POINT('',(6.244983969921,10.366592149168));
#4081 = CARTESIAN_POINT('',(6.275973827397,10.339522932116));
#4082 = CARTESIAN_POINT('',(6.306712252769,10.304882540223));
#4083 = CARTESIAN_POINT('',(6.337025611365,10.263068753727));
#4084 = CARTESIAN_POINT('',(6.366930716445,10.214324258371));
#4085 = CARTESIAN_POINT('',(6.396398376705,10.158958007234));
#4086 = CARTESIAN_POINT('',(6.425410210075,10.097292406381));
#4087 = CARTESIAN_POINT('',(6.453943330788,10.029677503272));
#4088 = CARTESIAN_POINT('',(6.481974241391,9.95648773153));
#4089 = CARTESIAN_POINT('',(6.509478055946,9.878121706727));
#4090 = CARTESIAN_POINT('',(6.536427226894,9.795007540948));
#4091 = CARTESIAN_POINT('',(6.562796967356,9.707583310465));
#4092 = CARTESIAN_POINT('',(6.588544436104,9.616371671378));
#4093 = CARTESIAN_POINT('',(6.613686230102,9.521703009514));
#4094 = CARTESIAN_POINT('',(6.638310063725,9.423583749599));
#4095 = CARTESIAN_POINT('',(6.662411944998,9.322330502786));
#4096 = CARTESIAN_POINT('',(6.686011712514,9.218154519758));
#4097 = CARTESIAN_POINT('',(6.709122152921,9.111273809756));
#4098 = CARTESIAN_POINT('',(6.731758898569,9.001875146014));
#4099 = CARTESIAN_POINT('',(6.753932539333,8.890152566877));
#4100 = CARTESIAN_POINT('',(6.775676382886,8.776162447848));
#4101 = CARTESIAN_POINT('',(6.797002254918,8.660044833834));
#4102 = CARTESIAN_POINT('',(6.817920318558,8.541934722567));
#4103 = CARTESIAN_POINT('',(6.838440679939,8.42195213564));
#4104 = CARTESIAN_POINT('',(6.858572973532,8.300205063308));
#4105 = CARTESIAN_POINT('',(6.878326477771,8.176788965416));
#4106 = CARTESIAN_POINT('',(6.897710077707,8.051787196797));
#4107 = CARTESIAN_POINT('',(6.916732257878,7.925271182341));
#4108 = CARTESIAN_POINT('',(6.935401076161,7.797300653481));
#4109 = CARTESIAN_POINT('',(6.953724132077,7.667923854796));
#4110 = CARTESIAN_POINT('',(6.971708524194,7.537177755139));
#4111 = CARTESIAN_POINT('',(6.989360803446,7.40508819781));
#4112 = CARTESIAN_POINT('',(7.006686898899,7.271670198212));
#4113 = CARTESIAN_POINT('',(7.023692101139,7.13692760161));
#4114 = CARTESIAN_POINT('',(7.040380783894,7.000855023024));
#4115 = CARTESIAN_POINT('',(7.056757053699,6.863431149335));
#4116 = CARTESIAN_POINT('',(7.07282188501,6.72464414224));
#4117 = CARTESIAN_POINT('',(7.088583318357,6.584397088277));
#4118 = CARTESIAN_POINT('',(7.104011247406,6.442920567071));
#4119 = CARTESIAN_POINT('',(7.119104094746,6.300186251841));
#4120 = CARTESIAN_POINT('',(7.133861779717,6.156125833021));
#4121 = CARTESIAN_POINT('',(7.14828007169,6.01068603026));
#4122 = CARTESIAN_POINT('',(7.162352100755,5.863814366571));
#4123 = CARTESIAN_POINT('',(7.17606795683,5.715463253085));
#4124 = CARTESIAN_POINT('',(7.189414808454,5.565588928186));
#4125 = CARTESIAN_POINT('',(7.202376891037,5.414151542487));
#4126 = CARTESIAN_POINT('',(7.214935541001,5.261114695085));
#4127 = CARTESIAN_POINT('',(7.227069227892,5.106444922909));
#4128 = CARTESIAN_POINT('',(7.238753608077,4.950110845579));
#4129 = CARTESIAN_POINT('',(7.249961562288,4.792082669278));
#4130 = CARTESIAN_POINT('',(7.260663353596,4.632329548268));
#4131 = CARTESIAN_POINT('',(7.270826406536,4.470824121114));
#4132 = CARTESIAN_POINT('',(7.28041657723,4.30751946973));
#4133 = CARTESIAN_POINT('',(7.289393943422,4.142428206806));
#4134 = CARTESIAN_POINT('',(7.297729137371,3.975319636293));
#4135 = CARTESIAN_POINT('',(7.305390923622,3.805834801619));
#4136 = CARTESIAN_POINT('',(7.312307383437,3.634469796224));
#4137 = CARTESIAN_POINT('',(7.318425000327,3.461458871582));
#4138 = CARTESIAN_POINT('',(7.323693834309,3.28705365503));
#4139 = CARTESIAN_POINT('',(7.328071250785,3.111453359985));
#4140 = CARTESIAN_POINT('',(7.33152064761,2.934828734503));
#4141 = CARTESIAN_POINT('',(7.3340117767,2.75732023928));
#4142 = CARTESIAN_POINT('',(7.335519796055,2.579045744724));
#4143 = CARTESIAN_POINT('',(7.3358585194,2.459745979903));
#4144 = CARTESIAN_POINT('',(7.335858039468,2.4));
#4145 = ( GEOMETRIC_REPRESENTATION_CONTEXT(2) 
PARAMETRIC_REPRESENTATION_CONTEXT() REPRESENTATION_CONTEXT('2D SPACE',''
  ) );
#4146 = PCURVE('',#1930,#4147);
#4147 = DEFINITIONAL_REPRESENTATION('',(#4148),#4218);
#4148 = B_SPLINE_CURVE_WITH_KNOTS('',3,(#4149,#4150,#4151,#4152,#4153,
    #4154,#4155,#4156,#4157,#4158,#4159,#4160,#4161,#4162,#4163,#4164,
    #4165,#4166,#4167,#4168,#4169,#4170,#4171,#4172,#4173,#4174,#4175,
    #4176,#4177,#4178,#4179,#4180,#4181,#4182,#4183,#4184,#4185,#4186,
    #4187,#4188,#4189,#4190,#4191,#4192,#4193,#4194,#4195,#4196,#4197,
    #4198,#4199,#4200,#4201,#4202,#4203,#4204,#4205,#4206,#4207,#4208,
    #4209,#4210,#4211,#4212,#4213,#4214,#4215,#4216,#4217),
  .UNSPECIFIED.,.F.,.F.,(4,1,1,1,1,1,1,1,1,1,1,1,1,1,1,1,1,1,1,1,1,1,1,1
    ,1,1,1,1,1,1,1,1,1,1,1,1,1,1,1,1,1,1,1,1,1,1,1,1,1,1,1,1,1,1,1,1,1,1
    ,1,1,1,1,1,1,1,1,4),(0.,0.23611856906,0.472237138121,0.708355707181,
    0.944474276241,1.180592845301,1.416711414362,1.652829983422,
    1.888948552482,2.125067121542,2.361185690603,2.597304259663,
    2.833422828723,3.069541397784,3.305659966844,3.541778535904,
    3.777897104964,4.014015674025,4.250134243085,4.486252812145,
    4.722371381205,4.958489950266,5.194608519326,5.430727088386,
    5.666845657447,5.902964226507,6.139082795567,6.375201364627,
    6.611319933688,6.847438502748,7.083557071808,7.319675640868,
    7.555794209929,7.791912778989,8.028031348049,8.26414991711,
    8.50026848617,8.73638705523,8.97250562429,9.208624193351,
    9.444742762411,9.680861331471,9.916979900531,10.153098469592,
    10.389217038652,10.625335607712,10.861454176773,11.097572745833,
    11.333691314893,11.569809883953,11.805928453014,12.042047022074,
    12.278165591134,12.514284160194,12.750402729255,12.986521298315,
    13.222639867375,13.458758436436,13.694877005496,13.930995574556,
    14.167114143616,14.403232712677,14.639351281737,14.875469850797,
    15.111588419857,15.347706988918,15.583825557978),
  .QUASI_UNIFORM_KNOTS.);
#4149 = CARTESIAN_POINT('',(-1.570796326795,-15.93079441165));
#4150 = CARTESIAN_POINT('',(-1.560524455895,-15.94168189082));
#4151 = CARTESIAN_POINT('',(-1.539898295767,-15.96091507303));
#4152 = CARTESIAN_POINT('',(-1.508797844904,-15.98207662844));
#4153 = CARTESIAN_POINT('',(-1.477624844728,-15.99544940307));
#4154 = CARTESIAN_POINT('',(-1.446458796943,-16.00106469091));
#4155 = CARTESIAN_POINT('',(-1.415418074707,-15.9990292119));
#4156 = CARTESIAN_POINT('',(-1.38468012962,-15.98961443517));
#4157 = CARTESIAN_POINT('',(-1.354230461964,-15.97313465387));
#4158 = CARTESIAN_POINT('',(-1.324100722579,-15.94991882957));
#4159 = CARTESIAN_POINT('',(-1.294311598271,-15.92031760774));
#4160 = CARTESIAN_POINT('',(-1.264888299938,-15.88470116578));
#4161 = CARTESIAN_POINT('',(-1.235856731864,-15.84345975539));
#4162 = CARTESIAN_POINT('',(-1.207244342617,-15.7970023657));
#4163 = CARTESIAN_POINT('',(-1.179081576045,-15.74575993991));
#4164 = CARTESIAN_POINT('',(-1.151396246862,-15.69017198769));
#4165 = CARTESIAN_POINT('',(-1.124235623488,-15.63073479189));
#4166 = CARTESIAN_POINT('',(-1.097584762414,-15.56781957279));
#4167 = CARTESIAN_POINT('',(-1.07135214545,-15.5015669636));
#4168 = CARTESIAN_POINT('',(-1.045542691468,-15.43231398883));
#4169 = CARTESIAN_POINT('',(-1.020135738736,-15.36032216658));
#4170 = CARTESIAN_POINT('',(-0.995117674769,-15.28585154984));
#4171 = CARTESIAN_POINT('',(-0.970471398867,-15.20913584399));
#4172 = CARTESIAN_POINT('',(-0.946184913782,-15.13040972072));
#4173 = CARTESIAN_POINT('',(-0.922220721855,-15.04980679972));
#4174 = CARTESIAN_POINT('',(-0.898564122057,-14.96751635923));
#4175 = CARTESIAN_POINT('',(-0.87520183314,-14.88372195958));
#4176 = CARTESIAN_POINT('',(-0.85212014019,-14.79859475824));
#4177 = CARTESIAN_POINT('',(-0.829305337238,-14.71229609079));
#4178 = CARTESIAN_POINT('',(-0.806743560384,-14.62497758409));
#4179 = CARTESIAN_POINT('',(-0.784420789185,-14.53678195311));
#4180 = CARTESIAN_POINT('',(-0.762322806973,-14.44784364396));
#4181 = CARTESIAN_POINT('',(-0.740435175415,-14.35828955563));
#4182 = CARTESIAN_POINT('',(-0.718743206988,-14.26823978294));
#4183 = CARTESIAN_POINT('',(-0.697231940765,-14.17780841237));
#4184 = CARTESIAN_POINT('',(-0.675886111467,-14.08710433635));
#4185 = CARTESIAN_POINT('',(-0.654690141846,-13.99623222626));
#4186 = CARTESIAN_POINT('',(-0.633628043364,-13.90529317248));
#4187 = CARTESIAN_POINT('',(-0.612683650505,-13.8143868524));
#4188 = CARTESIAN_POINT('',(-0.591839597677,-13.72360830846));
#4189 = CARTESIAN_POINT('',(-0.571080973025,-13.63306518233));
#4190 = CARTESIAN_POINT('',(-0.550381498445,-13.5428189725));
#4191 = CARTESIAN_POINT('',(-0.529763643826,-13.45314833078));
#4192 = CARTESIAN_POINT('',(-0.509211628466,-13.36416957711));
#4193 = CARTESIAN_POINT('',(-0.488705006011,-13.2759852997));
#4194 = CARTESIAN_POINT('',(-0.468226340004,-13.18871936989));
#4195 = CARTESIAN_POINT('',(-0.447759030301,-13.1025090189));
#4196 = CARTESIAN_POINT('',(-0.427287763184,-13.01750823632));
#4197 = CARTESIAN_POINT('',(-0.406798243156,-12.9338879374));
#4198 = CARTESIAN_POINT('',(-0.386277102325,-12.85183678548));
#4199 = CARTESIAN_POINT('',(-0.365711745678,-12.77156161004));
#4200 = CARTESIAN_POINT('',(-0.34509020243,-12.69328770641));
#4201 = CARTESIAN_POINT('',(-0.324400942868,-12.61725886597));
#4202 = CARTESIAN_POINT('',(-0.303632750496,-12.54373738887));
#4203 = CARTESIAN_POINT('',(-0.282774327617,-12.47300315679));
#4204 = CARTESIAN_POINT('',(-0.261814827919,-12.40535513635));
#4205 = CARTESIAN_POINT('',(-0.240740858615,-12.3411026878));
#4206 = CARTESIAN_POINT('',(-0.219546582454,-12.28059374297));
#4207 = CARTESIAN_POINT('',(-0.198194848867,-12.2241041558));
#4208 = CARTESIAN_POINT('',(-0.1766326514,-12.17191904661));
#4209 = CARTESIAN_POINT('',(-0.154915401844,-12.12459949227));
#4210 = CARTESIAN_POINT('',(-0.133064065413,-12.08258053011));
#4211 = CARTESIAN_POINT('',(-0.111101171061,-12.04626872083));
#4212 = CARTESIAN_POINT('',(-8.90420413384E-02,-12.0160147672));
#4213 = CARTESIAN_POINT('',(-6.6897994632E-02,-11.99212040006));
#4214 = CARTESIAN_POINT('',(-4.467619787308E-02,-11.97483425362));
#4215 = CARTESIAN_POINT('',(-2.238073304762E-02,-11.96435862997));
#4216 = CARTESIAN_POINT('',(-7.468228477125E-03,-11.96200276437));
#4217 = CARTESIAN_POINT('',(0.,-11.96200706713));
#4218 = ( GEOMETRIC_REPRESENTATION_CONTEXT(2) 
PARAMETRIC_REPRESENTATION_CONTEXT() REPRESENTATION_CONTEXT('2D SPACE',''
  ) );
#4219 = ADVANCED_FACE('',(#4220,#4224),#1983,.F.);
#4220 = FACE_BOUND('',#4221,.F.);
#4221 = EDGE_LOOP('',(#4222,#4223));
#4222 = ORIENTED_EDGE('',*,*,#4003,.T.);
#4223 = ORIENTED_EDGE('',*,*,#1968,.T.);
#4224 = FACE_BOUND('',#4225,.F.);
#4225 = EDGE_LOOP('',(#4226));
#4226 = ORIENTED_EDGE('',*,*,#4227,.F.);
#4227 = EDGE_CURVE('',#4228,#4228,#4230,.T.);
#4228 = VERTEX_POINT('',#4229);
#4229 = CARTESIAN_POINT('',(16.05,34.6,-97.41));
#4230 = SURFACE_CURVE('',#4231,(#4236,#4243),.PCURVE_S1.);
#4231 = CIRCLE('',#4232,6.);
#4232 = AXIS2_PLACEMENT_3D('',#4233,#4234,#4235);
#4233 = CARTESIAN_POINT('',(16.05,34.6,-103.41));
#4234 = DIRECTION('',(0.,1.,0.));
#4235 = DIRECTION('',(0.,-0.,1.));
#4236 = PCURVE('',#1983,#4237);
#4237 = DEFINITIONAL_REPRESENTATION('',(#4238),#4242);
#4238 = CIRCLE('',#4239,6.);
#4239 = AXIS2_PLACEMENT_2D('',#4240,#4241);
#4240 = CARTESIAN_POINT('',(0.,0.));
#4241 = DIRECTION('',(1.,0.));
#4242 = ( GEOMETRIC_REPRESENTATION_CONTEXT(2) 
PARAMETRIC_REPRESENTATION_CONTEXT() REPRESENTATION_CONTEXT('2D SPACE',''
  ) );
#4243 = PCURVE('',#4244,#4249);
#4244 = CYLINDRICAL_SURFACE('',#4245,6.);
#4245 = AXIS2_PLACEMENT_3D('',#4246,#4247,#4248);
#4246 = CARTESIAN_POINT('',(16.05,15.5,-103.41));
#4247 = DIRECTION('',(0.,1.,0.));
#4248 = DIRECTION('',(0.,-0.,1.));
#4249 = DEFINITIONAL_REPRESENTATION('',(#4250),#4254);
#4250 = LINE('',#4251,#4252);
#4251 = CARTESIAN_POINT('',(0.,19.1));
#4252 = VECTOR('',#4253,1.);
#4253 = DIRECTION('',(1.,0.));
#4254 = ( GEOMETRIC_REPRESENTATION_CONTEXT(2) 
PARAMETRIC_REPRESENTATION_CONTEXT() REPRESENTATION_CONTEXT('2D SPACE',''
  ) );
#4255 = ADVANCED_FACE('',(#4256),#1930,.F.);
#4256 = FACE_BOUND('',#4257,.T.);
#4257 = EDGE_LOOP('',(#4258,#4279,#4280,#4281,#4391,#4412));
#4258 = ORIENTED_EDGE('',*,*,#4259,.F.);
#4259 = EDGE_CURVE('',#3950,#3735,#4260,.T.);
#4260 = SURFACE_CURVE('',#4261,(#4265,#4272),.PCURVE_S1.);
#4261 = LINE('',#4262,#4263);
#4262 = CARTESIAN_POINT('',(15.,45.,-111.41));
#4263 = VECTOR('',#4264,1.);
#4264 = DIRECTION('',(0.,0.,1.));
#4265 = PCURVE('',#1930,#4266);
#4266 = DEFINITIONAL_REPRESENTATION('',(#4267),#4271);
#4267 = LINE('',#4268,#4269);
#4268 = CARTESIAN_POINT('',(-1.570796326795,0.));
#4269 = VECTOR('',#4270,1.);
#4270 = DIRECTION('',(-0.,-1.));
#4271 = ( GEOMETRIC_REPRESENTATION_CONTEXT(2) 
PARAMETRIC_REPRESENTATION_CONTEXT() REPRESENTATION_CONTEXT('2D SPACE',''
  ) );
#4272 = PCURVE('',#3750,#4273);
#4273 = DEFINITIONAL_REPRESENTATION('',(#4274),#4278);
#4274 = LINE('',#4275,#4276);
#4275 = CARTESIAN_POINT('',(31.51,-137.5));
#4276 = VECTOR('',#4277,1.);
#4277 = DIRECTION('',(-1.,0.));
#4278 = ( GEOMETRIC_REPRESENTATION_CONTEXT(2) 
PARAMETRIC_REPRESENTATION_CONTEXT() REPRESENTATION_CONTEXT('2D SPACE',''
  ) );
#4279 = ORIENTED_EDGE('',*,*,#4026,.T.);
#4280 = ORIENTED_EDGE('',*,*,#1914,.T.);
#4281 = ORIENTED_EDGE('',*,*,#4282,.T.);
#4282 = EDGE_CURVE('',#1894,#4283,#4285,.T.);
#4283 = VERTEX_POINT('',#4284);
#4284 = CARTESIAN_POINT('',(15.,45.,88.659205588341));
#4285 = SURFACE_CURVE('',#4286,(#4319,#4355),.PCURVE_S1.);
#4286 = B_SPLINE_CURVE_WITH_KNOTS('',7,(#4287,#4288,#4289,#4290,#4291,
    #4292,#4293,#4294,#4295,#4296,#4297,#4298,#4299,#4300,#4301,#4302,
    #4303,#4304,#4305,#4306,#4307,#4308,#4309,#4310,#4311,#4312,#4313,
    #4314,#4315,#4316,#4317,#4318),.UNSPECIFIED.,.F.,.F.,(8,6,6,6,6,8),(
    0.,0.148721808388,0.394492201367,0.680727816283,0.780173325964,1.),
  .UNSPECIFIED.);
#4287 = CARTESIAN_POINT('',(23.,37.,92.627992932869));
#4288 = CARTESIAN_POINT('',(23.,37.251139464679,92.627992932869));
#4289 = CARTESIAN_POINT('',(22.990802165002,37.50093151543,
    92.611858976841));
#4290 = CARTESIAN_POINT('',(22.972583992136,37.749044402911,
    92.579899603868));
#4291 = CARTESIAN_POINT('',(22.945528454337,37.995012623715,
    92.532990236551));
#4292 = CARTESIAN_POINT('',(22.909876277649,38.238085451766,
    92.472586346441));
#4293 = CARTESIAN_POINT('',(22.866079149021,38.477080687228,
    92.400703712093));
#4294 = CARTESIAN_POINT('',(22.730731946485,39.09555729648,
    92.186276936526));
#4295 = CARTESIAN_POINT('',(22.625767238913,39.469071700671,
    92.026802284299));
#4296 = CARTESIAN_POINT('',(22.501446604453,39.831787486072,
    91.848596713681));
#4297 = CARTESIAN_POINT('',(22.358508848027,40.18403929323,
    91.657808207585));
#4298 = CARTESIAN_POINT('',(22.197390547362,40.526399478879,
    91.458754889833));
#4299 = CARTESIAN_POINT('',(22.017609056815,40.860010060051,
    91.254161528077));
#4300 = CARTESIAN_POINT('',(21.584041494034,41.566084769405,
    90.803145498698));
#4301 = CARTESIAN_POINT('',(21.324395541264,41.933539963977,
    90.55689203485));
#4302 = CARTESIAN_POINT('',(21.036410104451,42.290319489707,
    90.310322355831));
#4303 = CARTESIAN_POINT('',(20.717193803297,42.636571832792,
    90.066126372293));
#4304 = CARTESIAN_POINT('',(20.363297545237,42.970908772321,
    89.827814140292));
#4305 = CARTESIAN_POINT('',(19.971141676245,43.290083386584,
    89.600224803943));
#4306 = CARTESIAN_POINT('',(19.386656571053,43.692587492865,
    89.317121362183));
#4307 = CARTESIAN_POINT('',(19.230779736838,43.794003019528,
    89.246163841242));
#4308 = CARTESIAN_POINT('',(19.069560546477,43.892828145786,
    89.177530533969));
#4309 = CARTESIAN_POINT('',(18.902840124723,43.988799092683,
    89.111543600638));
#4310 = CARTESIAN_POINT('',(18.730472564996,44.08161207037,
    89.048563515972));
#4311 = CARTESIAN_POINT('',(18.552325356047,44.17092433133,
    88.988990473881));
#4312 = CARTESIAN_POINT('',(17.961442730829,44.445202251094,
    88.81008505257));
#4313 = CARTESIAN_POINT('',(17.517424536571,44.618963620395,
    88.703178056751));
#4314 = CARTESIAN_POINT('',(17.043136223485,44.767318142076,
    88.621840223504));
#4315 = CARTESIAN_POINT('',(16.545993445111,44.882939222791,
    88.573233334531));
#4316 = CARTESIAN_POINT('',(16.034097885523,44.961176420472,
    88.562144814236));
#4317 = CARTESIAN_POINT('',(15.515968167632,45.,88.590893821841));
#4318 = CARTESIAN_POINT('',(15.,45.,88.659205588341));
#4319 = PCURVE('',#1930,#4320);
#4320 = DEFINITIONAL_REPRESENTATION('',(#4321),#4354);
#4321 = B_SPLINE_CURVE_WITH_KNOTS('',7,(#4322,#4323,#4324,#4325,#4326,
    #4327,#4328,#4329,#4330,#4331,#4332,#4333,#4334,#4335,#4336,#4337,
    #4338,#4339,#4340,#4341,#4342,#4343,#4344,#4345,#4346,#4347,#4348,
    #4349,#4350,#4351,#4352,#4353),.UNSPECIFIED.,.F.,.F.,(8,6,6,6,6,8),(
    0.,0.148721808388,0.394492201367,0.680727816283,0.780173325964,1.),
  .UNSPECIFIED.);
#4322 = CARTESIAN_POINT('',(0.,-204.0379929328));
#4323 = CARTESIAN_POINT('',(-3.139243308489E-02,-204.0379929328));
#4324 = CARTESIAN_POINT('',(-6.261640037338E-02,-204.0218589768));
#4325 = CARTESIAN_POINT('',(-9.368118153911E-02,-203.9898996038));
#4326 = CARTESIAN_POINT('',(-0.124576153007,-203.9429902365));
#4327 = CARTESIAN_POINT('',(-0.15525405534,-203.8825863464));
#4328 = CARTESIAN_POINT('',(-0.185608147897,-203.810703712));
#4329 = CARTESIAN_POINT('',(-0.264747283821,-203.5962769365));
#4330 = CARTESIAN_POINT('',(-0.313162164336,-203.4368022842));
#4331 = CARTESIAN_POINT('',(-0.360971215004,-203.2585967136));
#4332 = CARTESIAN_POINT('',(-0.408360493389,-203.0678082075));
#4333 = CARTESIAN_POINT('',(-0.455546588148,-202.8687548898));
#4334 = CARTESIAN_POINT('',(-0.502842313699,-202.664161528));
#4335 = CARTESIAN_POINT('',(-0.60641311728,-202.2131454986));
#4336 = CARTESIAN_POINT('',(-0.662537894595,-201.9668920348));
#4337 = CARTESIAN_POINT('',(-0.719661794819,-201.7203223558));
#4338 = CARTESIAN_POINT('',(-0.778290731467,-201.4761263722));
#4339 = CARTESIAN_POINT('',(-0.838893753478,-201.2378141402));
#4340 = CARTESIAN_POINT('',(-0.901894508685,-201.0102248039));
#4341 = CARTESIAN_POINT('',(-0.990603336614,-200.7271213621));
#4342 = CARTESIAN_POINT('',(-1.013840843956,-200.6561638412));
#4343 = CARTESIAN_POINT('',(-1.037464263068,-200.5875305339));
#4344 = CARTESIAN_POINT('',(-1.061493569527,-200.5215436006));
#4345 = CARTESIAN_POINT('',(-1.085948022958,-200.4585635159));
#4346 = CARTESIAN_POINT('',(-1.110846906476,-200.3989904738));
#4347 = CARTESIAN_POINT('',(-1.192276578399,-200.2200850525));
#4348 = CARTESIAN_POINT('',(-1.251764578063,-200.1131780567));
#4349 = CARTESIAN_POINT('',(-1.313635170874,-200.0318402235));
#4350 = CARTESIAN_POINT('',(-1.37710881479,-199.9832333345));
#4351 = CARTESIAN_POINT('',(-1.441534126946,-199.9721448142));
#4352 = CARTESIAN_POINT('',(-1.506300305841,-200.0008938218));
#4353 = CARTESIAN_POINT('',(-1.570796326795,-200.0692055883));
#4354 = ( GEOMETRIC_REPRESENTATION_CONTEXT(2) 
PARAMETRIC_REPRESENTATION_CONTEXT() REPRESENTATION_CONTEXT('2D SPACE',''
  ) );
#4355 = PCURVE('',#1856,#4356);
#4356 = DEFINITIONAL_REPRESENTATION('',(#4357),#4390);
#4357 = B_SPLINE_CURVE_WITH_KNOTS('',7,(#4358,#4359,#4360,#4361,#4362,
    #4363,#4364,#4365,#4366,#4367,#4368,#4369,#4370,#4371,#4372,#4373,
    #4374,#4375,#4376,#4377,#4378,#4379,#4380,#4381,#4382,#4383,#4384,
    #4385,#4386,#4387,#4388,#4389),.UNSPECIFIED.,.F.,.F.,(8,6,6,6,6,8),(
    0.,0.148721808388,0.394492201367,0.680727816283,0.780173325964,1.),
  .UNSPECIFIED.);
#4358 = CARTESIAN_POINT('',(2.088919921301,2.4));
#4359 = CARTESIAN_POINT('',(2.088919921301,2.651139464679));
#4360 = CARTESIAN_POINT('',(2.091241332877,2.90093151543));
#4361 = CARTESIAN_POINT('',(2.095839878364,3.149044402911));
#4362 = CARTESIAN_POINT('',(2.102608676166,3.395012623715));
#4363 = CARTESIAN_POINT('',(2.111375302011,3.638085451766));
#4364 = CARTESIAN_POINT('',(2.121895716432,3.877080687228));
#4365 = CARTESIAN_POINT('',(2.153591957168,4.49555729648));
#4366 = CARTESIAN_POINT('',(2.177452400365,4.869071700671));
#4367 = CARTESIAN_POINT('',(2.204596767261,5.231787486072));
#4368 = CARTESIAN_POINT('',(2.234362126231,5.58403929323));
#4369 = CARTESIAN_POINT('',(2.266334144046,5.926399478879));
#4370 = CARTESIAN_POINT('',(2.300345027471,6.260010060051));
#4371 = CARTESIAN_POINT('',(2.378547118461,6.966084769405));
#4372 = CARTESIAN_POINT('',(2.423230648375,7.333539963977));
#4373 = CARTESIAN_POINT('',(2.470519592084,7.690319489708));
#4374 = CARTESIAN_POINT('',(2.520610496154,8.036571832791));
#4375 = CARTESIAN_POINT('',(2.573765735799,8.370908772322));
#4376 = CARTESIAN_POINT('',(2.630283949653,8.690083386584));
#4377 = CARTESIAN_POINT('',(2.711463765198,9.092587492865));
#4378 = CARTESIAN_POINT('',(2.732866086041,9.194003019528));
#4379 = CARTESIAN_POINT('',(2.754757783348,9.292828145786));
#4380 = CARTESIAN_POINT('',(2.777157127464,9.388799092683));
#4381 = CARTESIAN_POINT('',(2.800082566349,9.48161207037));
#4382 = CARTESIAN_POINT('',(2.823553405409,9.57092433133));
#4383 = CARTESIAN_POINT('',(2.900725030959,9.845202251094));
#4384 = CARTESIAN_POINT('',(2.957718333125,10.018963620395));
#4385 = CARTESIAN_POINT('',(3.017651680278,10.167318142076));
#4386 = CARTESIAN_POINT('',(3.07978456504,10.282939222792));
#4387 = CARTESIAN_POINT('',(3.143486049669,10.361176420472));
#4388 = CARTESIAN_POINT('',(3.208163610892,10.4));
#4389 = CARTESIAN_POINT('',(3.27322243613,10.4));
#4390 = ( GEOMETRIC_REPRESENTATION_CONTEXT(2) 
PARAMETRIC_REPRESENTATION_CONTEXT() REPRESENTATION_CONTEXT('2D SPACE',''
  ) );
#4391 = ORIENTED_EDGE('',*,*,#4392,.F.);
#4392 = EDGE_CURVE('',#2475,#4283,#4393,.T.);
#4393 = SURFACE_CURVE('',#4394,(#4398,#4405),.PCURVE_S1.);
#4394 = LINE('',#4395,#4396);
#4395 = CARTESIAN_POINT('',(15.,45.,-111.41));
#4396 = VECTOR('',#4397,1.);
#4397 = DIRECTION('',(0.,0.,1.));
#4398 = PCURVE('',#1930,#4399);
#4399 = DEFINITIONAL_REPRESENTATION('',(#4400),#4404);
#4400 = LINE('',#4401,#4402);
#4401 = CARTESIAN_POINT('',(-1.570796326795,0.));
#4402 = VECTOR('',#4403,1.);
#4403 = DIRECTION('',(-0.,-1.));
#4404 = ( GEOMETRIC_REPRESENTATION_CONTEXT(2) 
PARAMETRIC_REPRESENTATION_CONTEXT() REPRESENTATION_CONTEXT('2D SPACE',''
  ) );
#4405 = PCURVE('',#2490,#4406);
#4406 = DEFINITIONAL_REPRESENTATION('',(#4407),#4411);
#4407 = LINE('',#4408,#4409);
#4408 = CARTESIAN_POINT('',(-184.61,-137.5));
#4409 = VECTOR('',#4410,1.);
#4410 = DIRECTION('',(1.,0.));
#4411 = ( GEOMETRIC_REPRESENTATION_CONTEXT(2) 
PARAMETRIC_REPRESENTATION_CONTEXT() REPRESENTATION_CONTEXT('2D SPACE',''
  ) );
#4412 = ORIENTED_EDGE('',*,*,#4413,.F.);
#4413 = EDGE_CURVE('',#3735,#2475,#4414,.T.);
#4414 = SURFACE_CURVE('',#4415,(#4419,#4426),.PCURVE_S1.);
#4415 = LINE('',#4416,#4417);
#4416 = CARTESIAN_POINT('',(15.,45.,-111.41));
#4417 = VECTOR('',#4418,1.);
#4418 = DIRECTION('',(0.,0.,1.));
#4419 = PCURVE('',#1930,#4420);
#4420 = DEFINITIONAL_REPRESENTATION('',(#4421),#4425);
#4421 = LINE('',#4422,#4423);
#4422 = CARTESIAN_POINT('',(-1.570796326795,0.));
#4423 = VECTOR('',#4424,1.);
#4424 = DIRECTION('',(-0.,-1.));
#4425 = ( GEOMETRIC_REPRESENTATION_CONTEXT(2) 
PARAMETRIC_REPRESENTATION_CONTEXT() REPRESENTATION_CONTEXT('2D SPACE',''
  ) );
#4426 = PCURVE('',#2518,#4427);
#4427 = DEFINITIONAL_REPRESENTATION('',(#4428),#4432);
#4428 = LINE('',#4429,#4430);
#4429 = CARTESIAN_POINT('',(0.,-0.));
#4430 = VECTOR('',#4431,1.);
#4431 = DIRECTION('',(0.,-1.));
#4432 = ( GEOMETRIC_REPRESENTATION_CONTEXT(2) 
PARAMETRIC_REPRESENTATION_CONTEXT() REPRESENTATION_CONTEXT('2D SPACE',''
  ) );
#4433 = ADVANCED_FACE('',(#4434),#1856,.T.);
#4434 = FACE_BOUND('',#4435,.T.);
#4435 = EDGE_LOOP('',(#4436,#4437,#4438,#4439,#4440,#4441,#4462,#4487,
    #4488,#4489,#4511,#4512,#4513));
#4436 = ORIENTED_EDGE('',*,*,#2216,.T.);
#4437 = ORIENTED_EDGE('',*,*,#2246,.T.);
#4438 = ORIENTED_EDGE('',*,*,#2297,.T.);
#4439 = ORIENTED_EDGE('',*,*,#2344,.F.);
#4440 = ORIENTED_EDGE('',*,*,#2402,.F.);
#4441 = ORIENTED_EDGE('',*,*,#4442,.F.);
#4442 = EDGE_CURVE('',#4443,#2403,#4445,.T.);
#4443 = VERTEX_POINT('',#4444);
#4444 = CARTESIAN_POINT('',(23.02,45.,92.663283814687));
#4445 = SURFACE_CURVE('',#4446,(#4450,#4456),.PCURVE_S1.);
#4446 = LINE('',#4447,#4448);
#4447 = CARTESIAN_POINT('',(23.02,34.6,92.663283814687));
#4448 = VECTOR('',#4449,1.);
#4449 = DIRECTION('',(0.,1.,0.));
#4450 = PCURVE('',#1856,#4451);
#4451 = DEFINITIONAL_REPRESENTATION('',(#4452),#4455);
#4452 = B_SPLINE_CURVE_WITH_KNOTS('',1,(#4453,#4454),.UNSPECIFIED.,.F.,
  .F.,(2,2),(10.4,12.880189081196),.PIECEWISE_BEZIER_KNOTS.);
#4453 = CARTESIAN_POINT('',(2.083849403168,10.4));
#4454 = CARTESIAN_POINT('',(2.083849403168,12.880189081196));
#4455 = ( GEOMETRIC_REPRESENTATION_CONTEXT(2) 
PARAMETRIC_REPRESENTATION_CONTEXT() REPRESENTATION_CONTEXT('2D SPACE',''
  ) );
#4456 = PCURVE('',#2462,#4457);
#4457 = DEFINITIONAL_REPRESENTATION('',(#4458),#4461);
#4458 = B_SPLINE_CURVE_WITH_KNOTS('',1,(#4459,#4460),.UNSPECIFIED.,.F.,
  .F.,(2,2),(10.,14.8),.PIECEWISE_BEZIER_KNOTS.);
#4459 = CARTESIAN_POINT('',(-2.831741800291,1.463457985605));
#4460 = CARTESIAN_POINT('',(-2.831741800291,-3.336542014395));
#4461 = ( GEOMETRIC_REPRESENTATION_CONTEXT(2) 
PARAMETRIC_REPRESENTATION_CONTEXT() REPRESENTATION_CONTEXT('2D SPACE',''
  ) );
#4462 = ORIENTED_EDGE('',*,*,#4463,.T.);
#4463 = EDGE_CURVE('',#4443,#4283,#4464,.T.);
#4464 = SURFACE_CURVE('',#4465,(#4470,#4476),.PCURVE_S1.);
#4465 = CIRCLE('',#4466,8.);
#4466 = AXIS2_PLACEMENT_3D('',#4467,#4468,#4469);
#4467 = CARTESIAN_POINT('',(16.05,45.,96.59));
#4468 = DIRECTION('',(0.,1.,0.));
#4469 = DIRECTION('',(0.,-0.,1.));
#4470 = PCURVE('',#1856,#4471);
#4471 = DEFINITIONAL_REPRESENTATION('',(#4472),#4475);
#4472 = B_SPLINE_CURVE_WITH_KNOTS('',1,(#4473,#4474),.UNSPECIFIED.,.F.,
  .F.,(2,2),(2.083849403168,3.27322243613),.PIECEWISE_BEZIER_KNOTS.);
#4473 = CARTESIAN_POINT('',(2.083849403168,10.4));
#4474 = CARTESIAN_POINT('',(3.27322243613,10.4));
#4475 = ( GEOMETRIC_REPRESENTATION_CONTEXT(2) 
PARAMETRIC_REPRESENTATION_CONTEXT() REPRESENTATION_CONTEXT('2D SPACE',''
  ) );
#4476 = PCURVE('',#2490,#4477);
#4477 = DEFINITIONAL_REPRESENTATION('',(#4478),#4486);
#4478 = ( BOUNDED_CURVE() B_SPLINE_CURVE(2,(#4479,#4480,#4481,#4482,
#4483,#4484,#4485),.UNSPECIFIED.,.T.,.F.) B_SPLINE_CURVE_WITH_KNOTS((1,2
    ,2,2,2,1),(-2.094395102393,0.,2.094395102393,4.188790204786,
6.28318530718,8.377580409573),.UNSPECIFIED.) CURVE() 
GEOMETRIC_REPRESENTATION_ITEM() RATIONAL_B_SPLINE_CURVE((1.,0.5,1.,0.5,
1.,0.5,1.)) REPRESENTATION_ITEM('') );
#4479 = CARTESIAN_POINT('',(31.39,-138.55));
#4480 = CARTESIAN_POINT('',(31.39,-152.4064064605));
#4481 = CARTESIAN_POINT('',(19.39,-145.4782032302));
#4482 = CARTESIAN_POINT('',(7.39,-138.55));
#4483 = CARTESIAN_POINT('',(19.39,-131.6217967697));
#4484 = CARTESIAN_POINT('',(31.39,-124.6935935394));
#4485 = CARTESIAN_POINT('',(31.39,-138.55));
#4486 = ( GEOMETRIC_REPRESENTATION_CONTEXT(2) 
PARAMETRIC_REPRESENTATION_CONTEXT() REPRESENTATION_CONTEXT('2D SPACE',''
  ) );
#4487 = ORIENTED_EDGE('',*,*,#4282,.F.);
#4488 = ORIENTED_EDGE('',*,*,#1893,.F.);
#4489 = ORIENTED_EDGE('',*,*,#4490,.T.);
#4490 = EDGE_CURVE('',#1868,#1842,#4491,.T.);
#4491 = SURFACE_CURVE('',#4492,(#4497,#4504),.PCURVE_S1.);
#4492 = CIRCLE('',#4493,8.);
#4493 = AXIS2_PLACEMENT_3D('',#4494,#4495,#4496);
#4494 = CARTESIAN_POINT('',(16.05,34.6,96.59));
#4495 = DIRECTION('',(0.,1.,0.));
#4496 = DIRECTION('',(0.86875,0.,-0.495250883391));
#4497 = PCURVE('',#1856,#4498);
#4498 = DEFINITIONAL_REPRESENTATION('',(#4499),#4503);
#4499 = LINE('',#4500,#4501);
#4500 = CARTESIAN_POINT('',(2.088919921301,0.));
#4501 = VECTOR('',#4502,1.);
#4502 = DIRECTION('',(1.,0.));
#4503 = ( GEOMETRIC_REPRESENTATION_CONTEXT(2) 
PARAMETRIC_REPRESENTATION_CONTEXT() REPRESENTATION_CONTEXT('2D SPACE',''
  ) );
#4504 = PCURVE('',#1882,#4505);
#4505 = DEFINITIONAL_REPRESENTATION('',(#4506),#4510);
#4506 = CIRCLE('',#4507,8.);
#4507 = AXIS2_PLACEMENT_2D('',#4508,#4509);
#4508 = CARTESIAN_POINT('',(0.,0.));
#4509 = DIRECTION('',(-0.495250883391,0.86875));
#4510 = ( GEOMETRIC_REPRESENTATION_CONTEXT(2) 
PARAMETRIC_REPRESENTATION_CONTEXT() REPRESENTATION_CONTEXT('2D SPACE',''
  ) );
#4511 = ORIENTED_EDGE('',*,*,#1841,.T.);
#4512 = ORIENTED_EDGE('',*,*,#2039,.F.);
#4513 = ORIENTED_EDGE('',*,*,#2152,.F.);
#4514 = ADVANCED_FACE('',(#4515,#4519),#1882,.F.);
#4515 = FACE_BOUND('',#4516,.F.);
#4516 = EDGE_LOOP('',(#4517,#4518));
#4517 = ORIENTED_EDGE('',*,*,#4490,.T.);
#4518 = ORIENTED_EDGE('',*,*,#1867,.T.);
#4519 = FACE_BOUND('',#4520,.F.);
#4520 = EDGE_LOOP('',(#4521));
#4521 = ORIENTED_EDGE('',*,*,#4522,.F.);
#4522 = EDGE_CURVE('',#4523,#4523,#4525,.T.);
#4523 = VERTEX_POINT('',#4524);
#4524 = CARTESIAN_POINT('',(16.05,34.6,102.59));
#4525 = SURFACE_CURVE('',#4526,(#4531,#4538),.PCURVE_S1.);
#4526 = CIRCLE('',#4527,6.);
#4527 = AXIS2_PLACEMENT_3D('',#4528,#4529,#4530);
#4528 = CARTESIAN_POINT('',(16.05,34.6,96.59));
#4529 = DIRECTION('',(0.,1.,0.));
#4530 = DIRECTION('',(0.,-0.,1.));
#4531 = PCURVE('',#1882,#4532);
#4532 = DEFINITIONAL_REPRESENTATION('',(#4533),#4537);
#4533 = CIRCLE('',#4534,6.);
#4534 = AXIS2_PLACEMENT_2D('',#4535,#4536);
#4535 = CARTESIAN_POINT('',(0.,0.));
#4536 = DIRECTION('',(1.,0.));
#4537 = ( GEOMETRIC_REPRESENTATION_CONTEXT(2) 
PARAMETRIC_REPRESENTATION_CONTEXT() REPRESENTATION_CONTEXT('2D SPACE',''
  ) );
#4538 = PCURVE('',#4539,#4544);
#4539 = CYLINDRICAL_SURFACE('',#4540,6.);
#4540 = AXIS2_PLACEMENT_3D('',#4541,#4542,#4543);
#4541 = CARTESIAN_POINT('',(16.05,15.5,96.59));
#4542 = DIRECTION('',(0.,1.,0.));
#4543 = DIRECTION('',(0.,-0.,1.));
#4544 = DEFINITIONAL_REPRESENTATION('',(#4545),#4549);
#4545 = LINE('',#4546,#4547);
#4546 = CARTESIAN_POINT('',(0.,19.1));
#4547 = VECTOR('',#4548,1.);
#4548 = DIRECTION('',(1.,0.));
#4549 = ( GEOMETRIC_REPRESENTATION_CONTEXT(2) 
PARAMETRIC_REPRESENTATION_CONTEXT() REPRESENTATION_CONTEXT('2D SPACE',''
  ) );
#4550 = ADVANCED_FACE('',(#4551,#4557,#4560,#4563,#4566,#4569),#2518,.T.
  );
#4551 = FACE_BOUND('',#4552,.T.);
#4552 = EDGE_LOOP('',(#4553,#4554,#4555,#4556));
#4553 = ORIENTED_EDGE('',*,*,#3762,.T.);
#4554 = ORIENTED_EDGE('',*,*,#4413,.T.);
#4555 = ORIENTED_EDGE('',*,*,#2502,.F.);
#4556 = ORIENTED_EDGE('',*,*,#2688,.F.);
#4557 = FACE_BOUND('',#4558,.T.);
#4558 = EDGE_LOOP('',(#4559));
#4559 = ORIENTED_EDGE('',*,*,#2931,.T.);
#4560 = FACE_BOUND('',#4561,.T.);
#4561 = EDGE_LOOP('',(#4562));
#4562 = ORIENTED_EDGE('',*,*,#2877,.T.);
#4563 = FACE_BOUND('',#4564,.T.);
#4564 = EDGE_LOOP('',(#4565));
#4565 = ORIENTED_EDGE('',*,*,#3089,.T.);
#4566 = FACE_BOUND('',#4567,.T.);
#4567 = EDGE_LOOP('',(#4568));
#4568 = ORIENTED_EDGE('',*,*,#3015,.F.);
#4569 = FACE_BOUND('',#4570,.T.);
#4570 = EDGE_LOOP('',(#4571));
#4571 = ORIENTED_EDGE('',*,*,#2985,.T.);
#4572 = ADVANCED_FACE('',(#4573),#2490,.F.);
#4573 = FACE_BOUND('',#4574,.F.);
#4574 = EDGE_LOOP('',(#4575,#4576,#4577,#4598));
#4575 = ORIENTED_EDGE('',*,*,#4392,.F.);
#4576 = ORIENTED_EDGE('',*,*,#2474,.T.);
#4577 = ORIENTED_EDGE('',*,*,#4578,.T.);
#4578 = EDGE_CURVE('',#2447,#4443,#4579,.T.);
#4579 = SURFACE_CURVE('',#4580,(#4584,#4591),.PCURVE_S1.);
#4580 = LINE('',#4581,#4582);
#4581 = CARTESIAN_POINT('',(23.02,45.,73.2));
#4582 = VECTOR('',#4583,1.);
#4583 = DIRECTION('',(0.,0.,1.));
#4584 = PCURVE('',#2490,#4585);
#4585 = DEFINITIONAL_REPRESENTATION('',(#4586),#4590);
#4586 = LINE('',#4587,#4588);
#4587 = CARTESIAN_POINT('',(0.,-145.52));
#4588 = VECTOR('',#4589,1.);
#4589 = DIRECTION('',(1.,0.));
#4590 = ( GEOMETRIC_REPRESENTATION_CONTEXT(2) 
PARAMETRIC_REPRESENTATION_CONTEXT() REPRESENTATION_CONTEXT('2D SPACE',''
  ) );
#4591 = PCURVE('',#2462,#4592);
#4592 = DEFINITIONAL_REPRESENTATION('',(#4593),#4597);
#4593 = LINE('',#4594,#4595);
#4594 = CARTESIAN_POINT('',(16.631542014395,1.063457985605));
#4595 = VECTOR('',#4596,1.);
#4596 = DIRECTION('',(-1.,0.));
#4597 = ( GEOMETRIC_REPRESENTATION_CONTEXT(2) 
PARAMETRIC_REPRESENTATION_CONTEXT() REPRESENTATION_CONTEXT('2D SPACE',''
  ) );
#4598 = ORIENTED_EDGE('',*,*,#4463,.T.);
#4599 = ADVANCED_FACE('',(#4600),#2462,.T.);
#4600 = FACE_BOUND('',#4601,.T.);
#4601 = EDGE_LOOP('',(#4602,#4603,#4604));
#4602 = ORIENTED_EDGE('',*,*,#2446,.T.);
#4603 = ORIENTED_EDGE('',*,*,#4578,.T.);
#4604 = ORIENTED_EDGE('',*,*,#4442,.T.);
#4605 = ADVANCED_FACE('',(#4606),#2570,.T.);
#4606 = FACE_BOUND('',#4607,.T.);
#4607 = EDGE_LOOP('',(#4608,#4609,#4632,#4659));
#4608 = ORIENTED_EDGE('',*,*,#2553,.F.);
#4609 = ORIENTED_EDGE('',*,*,#4610,.F.);
#4610 = EDGE_CURVE('',#4611,#589,#4613,.T.);
#4611 = VERTEX_POINT('',#4612);
#4612 = CARTESIAN_POINT('',(-89.95,34.6,104.59));
#4613 = SEAM_CURVE('',#4614,(#4618,#4625),.PCURVE_S1.);
#4614 = LINE('',#4615,#4616);
#4615 = CARTESIAN_POINT('',(-89.95,34.6,104.59));
#4616 = VECTOR('',#4617,1.);
#4617 = DIRECTION('',(0.,1.,0.));
#4618 = PCURVE('',#2570,#4619);
#4619 = DEFINITIONAL_REPRESENTATION('',(#4620),#4624);
#4620 = LINE('',#4621,#4622);
#4621 = CARTESIAN_POINT('',(6.28318530718,-0.));
#4622 = VECTOR('',#4623,1.);
#4623 = DIRECTION('',(0.,1.));
#4624 = ( GEOMETRIC_REPRESENTATION_CONTEXT(2) 
PARAMETRIC_REPRESENTATION_CONTEXT() REPRESENTATION_CONTEXT('2D SPACE',''
  ) );
#4625 = PCURVE('',#2570,#4626);
#4626 = DEFINITIONAL_REPRESENTATION('',(#4627),#4631);
#4627 = LINE('',#4628,#4629);
#4628 = CARTESIAN_POINT('',(0.,-0.));
#4629 = VECTOR('',#4630,1.);
#4630 = DIRECTION('',(0.,1.));
#4631 = ( GEOMETRIC_REPRESENTATION_CONTEXT(2) 
PARAMETRIC_REPRESENTATION_CONTEXT() REPRESENTATION_CONTEXT('2D SPACE',''
  ) );
#4632 = ORIENTED_EDGE('',*,*,#4633,.T.);
#4633 = EDGE_CURVE('',#4611,#4611,#4634,.T.);
#4634 = SURFACE_CURVE('',#4635,(#4640,#4647),.PCURVE_S1.);
#4635 = CIRCLE('',#4636,8.);
#4636 = AXIS2_PLACEMENT_3D('',#4637,#4638,#4639);
#4637 = CARTESIAN_POINT('',(-89.95,34.6,96.59));
#4638 = DIRECTION('',(0.,1.,0.));
#4639 = DIRECTION('',(0.,-0.,1.));
#4640 = PCURVE('',#2570,#4641);
#4641 = DEFINITIONAL_REPRESENTATION('',(#4642),#4646);
#4642 = LINE('',#4643,#4644);
#4643 = CARTESIAN_POINT('',(0.,0.));
#4644 = VECTOR('',#4645,1.);
#4645 = DIRECTION('',(1.,0.));
#4646 = ( GEOMETRIC_REPRESENTATION_CONTEXT(2) 
PARAMETRIC_REPRESENTATION_CONTEXT() REPRESENTATION_CONTEXT('2D SPACE',''
  ) );
#4647 = PCURVE('',#4648,#4653);
#4648 = PLANE('',#4649);
#4649 = AXIS2_PLACEMENT_3D('',#4650,#4651,#4652);
#4650 = CARTESIAN_POINT('',(-89.95,34.6,96.59));
#4651 = DIRECTION('',(0.,1.,0.));
#4652 = DIRECTION('',(0.,-0.,1.));
#4653 = DEFINITIONAL_REPRESENTATION('',(#4654),#4658);
#4654 = CIRCLE('',#4655,8.);
#4655 = AXIS2_PLACEMENT_2D('',#4656,#4657);
#4656 = CARTESIAN_POINT('',(0.,0.));
#4657 = DIRECTION('',(1.,0.));
#4658 = ( GEOMETRIC_REPRESENTATION_CONTEXT(2) 
PARAMETRIC_REPRESENTATION_CONTEXT() REPRESENTATION_CONTEXT('2D SPACE',''
  ) );
#4659 = ORIENTED_EDGE('',*,*,#4610,.T.);
#4660 = ADVANCED_FACE('',(#4661,#4664),#2781,.T.);
#4661 = FACE_BOUND('',#4662,.T.);
#4662 = EDGE_LOOP('',(#4663));
#4663 = ORIENTED_EDGE('',*,*,#2766,.T.);
#4664 = FACE_BOUND('',#4665,.T.);
#4665 = EDGE_LOOP('',(#4666));
#4666 = ORIENTED_EDGE('',*,*,#4667,.F.);
#4667 = EDGE_CURVE('',#4668,#4668,#4670,.T.);
#4668 = VERTEX_POINT('',#4669);
#4669 = CARTESIAN_POINT('',(16.05,53.,99.49));
#4670 = SURFACE_CURVE('',#4671,(#4676,#4683),.PCURVE_S1.);
#4671 = CIRCLE('',#4672,2.9);
#4672 = AXIS2_PLACEMENT_3D('',#4673,#4674,#4675);
#4673 = CARTESIAN_POINT('',(16.05,53.,96.59));
#4674 = DIRECTION('',(0.,1.,0.));
#4675 = DIRECTION('',(0.,-0.,1.));
#4676 = PCURVE('',#2781,#4677);
#4677 = DEFINITIONAL_REPRESENTATION('',(#4678),#4682);
#4678 = CIRCLE('',#4679,2.9);
#4679 = AXIS2_PLACEMENT_2D('',#4680,#4681);
#4680 = CARTESIAN_POINT('',(0.,0.));
#4681 = DIRECTION('',(1.,0.));
#4682 = ( GEOMETRIC_REPRESENTATION_CONTEXT(2) 
PARAMETRIC_REPRESENTATION_CONTEXT() REPRESENTATION_CONTEXT('2D SPACE',''
  ) );
#4683 = PCURVE('',#4684,#4689);
#4684 = CYLINDRICAL_SURFACE('',#4685,2.9);
#4685 = AXIS2_PLACEMENT_3D('',#4686,#4687,#4688);
#4686 = CARTESIAN_POINT('',(16.05,13.5,96.59));
#4687 = DIRECTION('',(0.,1.,0.));
#4688 = DIRECTION('',(0.,-0.,1.));
#4689 = DEFINITIONAL_REPRESENTATION('',(#4690),#4694);
#4690 = LINE('',#4691,#4692);
#4691 = CARTESIAN_POINT('',(0.,39.5));
#4692 = VECTOR('',#4693,1.);
#4693 = DIRECTION('',(1.,0.));
#4694 = ( GEOMETRIC_REPRESENTATION_CONTEXT(2) 
PARAMETRIC_REPRESENTATION_CONTEXT() REPRESENTATION_CONTEXT('2D SPACE',''
  ) );
#4695 = ADVANCED_FACE('',(#4696,#4699),#2836,.T.);
#4696 = FACE_BOUND('',#4697,.T.);
#4697 = EDGE_LOOP('',(#4698));
#4698 = ORIENTED_EDGE('',*,*,#2821,.T.);
#4699 = FACE_BOUND('',#4700,.T.);
#4700 = EDGE_LOOP('',(#4701));
#4701 = ORIENTED_EDGE('',*,*,#4702,.F.);
#4702 = EDGE_CURVE('',#4703,#4703,#4705,.T.);
#4703 = VERTEX_POINT('',#4704);
#4704 = CARTESIAN_POINT('',(-89.95,53.,99.49));
#4705 = SURFACE_CURVE('',#4706,(#4711,#4718),.PCURVE_S1.);
#4706 = CIRCLE('',#4707,2.9);
#4707 = AXIS2_PLACEMENT_3D('',#4708,#4709,#4710);
#4708 = CARTESIAN_POINT('',(-89.95,53.,96.59));
#4709 = DIRECTION('',(0.,1.,0.));
#4710 = DIRECTION('',(0.,-0.,1.));
#4711 = PCURVE('',#2836,#4712);
#4712 = DEFINITIONAL_REPRESENTATION('',(#4713),#4717);
#4713 = CIRCLE('',#4714,2.9);
#4714 = AXIS2_PLACEMENT_2D('',#4715,#4716);
#4715 = CARTESIAN_POINT('',(0.,0.));
#4716 = DIRECTION('',(1.,0.));
#4717 = ( GEOMETRIC_REPRESENTATION_CONTEXT(2) 
PARAMETRIC_REPRESENTATION_CONTEXT() REPRESENTATION_CONTEXT('2D SPACE',''
  ) );
#4718 = PCURVE('',#4719,#4724);
#4719 = CYLINDRICAL_SURFACE('',#4720,2.9);
#4720 = AXIS2_PLACEMENT_3D('',#4721,#4722,#4723);
#4721 = CARTESIAN_POINT('',(-89.95,13.5,96.59));
#4722 = DIRECTION('',(0.,1.,0.));
#4723 = DIRECTION('',(0.,-0.,1.));
#4724 = DEFINITIONAL_REPRESENTATION('',(#4725),#4729);
#4725 = LINE('',#4726,#4727);
#4726 = CARTESIAN_POINT('',(0.,39.5));
#4727 = VECTOR('',#4728,1.);
#4728 = DIRECTION('',(1.,0.));
#4729 = ( GEOMETRIC_REPRESENTATION_CONTEXT(2) 
PARAMETRIC_REPRESENTATION_CONTEXT() REPRESENTATION_CONTEXT('2D SPACE',''
  ) );
#4730 = ADVANCED_FACE('',(#4731,#4734),#3157,.T.);
#4731 = FACE_BOUND('',#4732,.T.);
#4732 = EDGE_LOOP('',(#4733));
#4733 = ORIENTED_EDGE('',*,*,#3142,.T.);
#4734 = FACE_BOUND('',#4735,.T.);
#4735 = EDGE_LOOP('',(#4736));
#4736 = ORIENTED_EDGE('',*,*,#4737,.F.);
#4737 = EDGE_CURVE('',#4738,#4738,#4740,.T.);
#4738 = VERTEX_POINT('',#4739);
#4739 = CARTESIAN_POINT('',(16.05,53.,-100.51));
#4740 = SURFACE_CURVE('',#4741,(#4746,#4753),.PCURVE_S1.);
#4741 = CIRCLE('',#4742,2.9);
#4742 = AXIS2_PLACEMENT_3D('',#4743,#4744,#4745);
#4743 = CARTESIAN_POINT('',(16.05,53.,-103.41));
#4744 = DIRECTION('',(0.,1.,0.));
#4745 = DIRECTION('',(0.,-0.,1.));
#4746 = PCURVE('',#3157,#4747);
#4747 = DEFINITIONAL_REPRESENTATION('',(#4748),#4752);
#4748 = CIRCLE('',#4749,2.9);
#4749 = AXIS2_PLACEMENT_2D('',#4750,#4751);
#4750 = CARTESIAN_POINT('',(0.,0.));
#4751 = DIRECTION('',(1.,0.));
#4752 = ( GEOMETRIC_REPRESENTATION_CONTEXT(2) 
PARAMETRIC_REPRESENTATION_CONTEXT() REPRESENTATION_CONTEXT('2D SPACE',''
  ) );
#4753 = PCURVE('',#4754,#4759);
#4754 = CYLINDRICAL_SURFACE('',#4755,2.9);
#4755 = AXIS2_PLACEMENT_3D('',#4756,#4757,#4758);
#4756 = CARTESIAN_POINT('',(16.05,13.5,-103.41));
#4757 = DIRECTION('',(0.,1.,0.));
#4758 = DIRECTION('',(0.,-0.,1.));
#4759 = DEFINITIONAL_REPRESENTATION('',(#4760),#4764);
#4760 = LINE('',#4761,#4762);
#4761 = CARTESIAN_POINT('',(0.,39.5));
#4762 = VECTOR('',#4763,1.);
#4763 = DIRECTION('',(1.,0.));
#4764 = ( GEOMETRIC_REPRESENTATION_CONTEXT(2) 
PARAMETRIC_REPRESENTATION_CONTEXT() REPRESENTATION_CONTEXT('2D SPACE',''
  ) );
#4765 = ADVANCED_FACE('',(#4766,#4769),#3212,.T.);
#4766 = FACE_BOUND('',#4767,.T.);
#4767 = EDGE_LOOP('',(#4768));
#4768 = ORIENTED_EDGE('',*,*,#3197,.T.);
#4769 = FACE_BOUND('',#4770,.T.);
#4770 = EDGE_LOOP('',(#4771));
#4771 = ORIENTED_EDGE('',*,*,#4772,.F.);
#4772 = EDGE_CURVE('',#4773,#4773,#4775,.T.);
#4773 = VERTEX_POINT('',#4774);
#4774 = CARTESIAN_POINT('',(-89.95,53.,-100.51));
#4775 = SURFACE_CURVE('',#4776,(#4781,#4788),.PCURVE_S1.);
#4776 = CIRCLE('',#4777,2.9);
#4777 = AXIS2_PLACEMENT_3D('',#4778,#4779,#4780);
#4778 = CARTESIAN_POINT('',(-89.95,53.,-103.41));
#4779 = DIRECTION('',(0.,1.,0.));
#4780 = DIRECTION('',(0.,-0.,1.));
#4781 = PCURVE('',#3212,#4782);
#4782 = DEFINITIONAL_REPRESENTATION('',(#4783),#4787);
#4783 = CIRCLE('',#4784,2.9);
#4784 = AXIS2_PLACEMENT_2D('',#4785,#4786);
#4785 = CARTESIAN_POINT('',(0.,0.));
#4786 = DIRECTION('',(1.,0.));
#4787 = ( GEOMETRIC_REPRESENTATION_CONTEXT(2) 
PARAMETRIC_REPRESENTATION_CONTEXT() REPRESENTATION_CONTEXT('2D SPACE',''
  ) );
#4788 = PCURVE('',#4789,#4794);
#4789 = CYLINDRICAL_SURFACE('',#4790,2.9);
#4790 = AXIS2_PLACEMENT_3D('',#4791,#4792,#4793);
#4791 = CARTESIAN_POINT('',(-89.95,13.5,-103.41));
#4792 = DIRECTION('',(0.,1.,0.));
#4793 = DIRECTION('',(0.,-0.,1.));
#4794 = DEFINITIONAL_REPRESENTATION('',(#4795),#4799);
#4795 = LINE('',#4796,#4797);
#4796 = CARTESIAN_POINT('',(0.,39.5));
#4797 = VECTOR('',#4798,1.);
#4798 = DIRECTION('',(1.,0.));
#4799 = ( GEOMETRIC_REPRESENTATION_CONTEXT(2) 
PARAMETRIC_REPRESENTATION_CONTEXT() REPRESENTATION_CONTEXT('2D SPACE',''
  ) );
#4800 = ADVANCED_FACE('',(#4801),#3750,.T.);
#4801 = FACE_BOUND('',#4802,.T.);
#4802 = EDGE_LOOP('',(#4803,#4804,#4805,#4806));
#4803 = ORIENTED_EDGE('',*,*,#3949,.F.);
#4804 = ORIENTED_EDGE('',*,*,#4259,.T.);
#4805 = ORIENTED_EDGE('',*,*,#3734,.T.);
#4806 = ORIENTED_EDGE('',*,*,#4807,.T.);
#4807 = EDGE_CURVE('',#3707,#3952,#4808,.T.);
#4808 = SURFACE_CURVE('',#4809,(#4813,#4820),.PCURVE_S1.);
#4809 = LINE('',#4810,#4811);
#4810 = CARTESIAN_POINT('',(23.02,45.,-79.9));
#4811 = VECTOR('',#4812,1.);
#4812 = DIRECTION('',(0.,0.,-1.));
#4813 = PCURVE('',#3750,#4814);
#4814 = DEFINITIONAL_REPRESENTATION('',(#4815),#4819);
#4815 = LINE('',#4816,#4817);
#4816 = CARTESIAN_POINT('',(0.,-145.52));
#4817 = VECTOR('',#4818,1.);
#4818 = DIRECTION('',(1.,0.));
#4819 = ( GEOMETRIC_REPRESENTATION_CONTEXT(2) 
PARAMETRIC_REPRESENTATION_CONTEXT() REPRESENTATION_CONTEXT('2D SPACE',''
  ) );
#4820 = PCURVE('',#3722,#4821);
#4821 = DEFINITIONAL_REPRESENTATION('',(#4822),#4826);
#4822 = LINE('',#4823,#4824);
#4823 = CARTESIAN_POINT('',(16.691781754778,1.063218245222));
#4824 = VECTOR('',#4825,1.);
#4825 = DIRECTION('',(-1.,0.));
#4826 = ( GEOMETRIC_REPRESENTATION_CONTEXT(2) 
PARAMETRIC_REPRESENTATION_CONTEXT() REPRESENTATION_CONTEXT('2D SPACE',''
  ) );
#4827 = ADVANCED_FACE('',(#4828),#3722,.F.);
#4828 = FACE_BOUND('',#4829,.F.);
#4829 = EDGE_LOOP('',(#4830,#4831,#4832));
#4830 = ORIENTED_EDGE('',*,*,#3706,.T.);
#4831 = ORIENTED_EDGE('',*,*,#4807,.T.);
#4832 = ORIENTED_EDGE('',*,*,#3975,.T.);
#4833 = ADVANCED_FACE('',(#4834),#3825,.T.);
#4834 = FACE_BOUND('',#4835,.T.);
#4835 = EDGE_LOOP('',(#4836,#4837,#4860,#4887,#4888));
#4836 = ORIENTED_EDGE('',*,*,#3806,.T.);
#4837 = ORIENTED_EDGE('',*,*,#4838,.F.);
#4838 = EDGE_CURVE('',#4839,#3809,#4841,.T.);
#4839 = VERTEX_POINT('',#4840);
#4840 = CARTESIAN_POINT('',(-89.95,34.6,-95.41));
#4841 = SEAM_CURVE('',#4842,(#4846,#4853),.PCURVE_S1.);
#4842 = LINE('',#4843,#4844);
#4843 = CARTESIAN_POINT('',(-89.95,34.6,-95.41));
#4844 = VECTOR('',#4845,1.);
#4845 = DIRECTION('',(0.,1.,0.));
#4846 = PCURVE('',#3825,#4847);
#4847 = DEFINITIONAL_REPRESENTATION('',(#4848),#4852);
#4848 = LINE('',#4849,#4850);
#4849 = CARTESIAN_POINT('',(6.28318530718,-0.));
#4850 = VECTOR('',#4851,1.);
#4851 = DIRECTION('',(0.,1.));
#4852 = ( GEOMETRIC_REPRESENTATION_CONTEXT(2) 
PARAMETRIC_REPRESENTATION_CONTEXT() REPRESENTATION_CONTEXT('2D SPACE',''
  ) );
#4853 = PCURVE('',#3825,#4854);
#4854 = DEFINITIONAL_REPRESENTATION('',(#4855),#4859);
#4855 = LINE('',#4856,#4857);
#4856 = CARTESIAN_POINT('',(0.,-0.));
#4857 = VECTOR('',#4858,1.);
#4858 = DIRECTION('',(0.,1.));
#4859 = ( GEOMETRIC_REPRESENTATION_CONTEXT(2) 
PARAMETRIC_REPRESENTATION_CONTEXT() REPRESENTATION_CONTEXT('2D SPACE',''
  ) );
#4860 = ORIENTED_EDGE('',*,*,#4861,.T.);
#4861 = EDGE_CURVE('',#4839,#4839,#4862,.T.);
#4862 = SURFACE_CURVE('',#4863,(#4868,#4875),.PCURVE_S1.);
#4863 = CIRCLE('',#4864,8.);
#4864 = AXIS2_PLACEMENT_3D('',#4865,#4866,#4867);
#4865 = CARTESIAN_POINT('',(-89.95,34.6,-103.41));
#4866 = DIRECTION('',(0.,1.,0.));
#4867 = DIRECTION('',(0.,-0.,1.));
#4868 = PCURVE('',#3825,#4869);
#4869 = DEFINITIONAL_REPRESENTATION('',(#4870),#4874);
#4870 = LINE('',#4871,#4872);
#4871 = CARTESIAN_POINT('',(0.,0.));
#4872 = VECTOR('',#4873,1.);
#4873 = DIRECTION('',(1.,0.));
#4874 = ( GEOMETRIC_REPRESENTATION_CONTEXT(2) 
PARAMETRIC_REPRESENTATION_CONTEXT() REPRESENTATION_CONTEXT('2D SPACE',''
  ) );
#4875 = PCURVE('',#4876,#4881);
#4876 = PLANE('',#4877);
#4877 = AXIS2_PLACEMENT_3D('',#4878,#4879,#4880);
#4878 = CARTESIAN_POINT('',(-89.95,34.6,-103.41));
#4879 = DIRECTION('',(0.,1.,0.));
#4880 = DIRECTION('',(0.,-0.,1.));
#4881 = DEFINITIONAL_REPRESENTATION('',(#4882),#4886);
#4882 = CIRCLE('',#4883,8.);
#4883 = AXIS2_PLACEMENT_2D('',#4884,#4885);
#4884 = CARTESIAN_POINT('',(0.,0.));
#4885 = DIRECTION('',(1.,0.));
#4886 = ( GEOMETRIC_REPRESENTATION_CONTEXT(2) 
PARAMETRIC_REPRESENTATION_CONTEXT() REPRESENTATION_CONTEXT('2D SPACE',''
  ) );
#4887 = ORIENTED_EDGE('',*,*,#4838,.T.);
#4888 = ORIENTED_EDGE('',*,*,#3864,.T.);
#4889 = ADVANCED_FACE('',(#4890),#4244,.T.);
#4890 = FACE_BOUND('',#4891,.T.);
#4891 = EDGE_LOOP('',(#4892,#4893,#4916,#4943));
#4892 = ORIENTED_EDGE('',*,*,#4227,.F.);
#4893 = ORIENTED_EDGE('',*,*,#4894,.F.);
#4894 = EDGE_CURVE('',#4895,#4228,#4897,.T.);
#4895 = VERTEX_POINT('',#4896);
#4896 = CARTESIAN_POINT('',(16.05,15.5,-97.41));
#4897 = SEAM_CURVE('',#4898,(#4902,#4909),.PCURVE_S1.);
#4898 = LINE('',#4899,#4900);
#4899 = CARTESIAN_POINT('',(16.05,15.5,-97.41));
#4900 = VECTOR('',#4901,1.);
#4901 = DIRECTION('',(0.,1.,0.));
#4902 = PCURVE('',#4244,#4903);
#4903 = DEFINITIONAL_REPRESENTATION('',(#4904),#4908);
#4904 = LINE('',#4905,#4906);
#4905 = CARTESIAN_POINT('',(6.28318530718,-0.));
#4906 = VECTOR('',#4907,1.);
#4907 = DIRECTION('',(0.,1.));
#4908 = ( GEOMETRIC_REPRESENTATION_CONTEXT(2) 
PARAMETRIC_REPRESENTATION_CONTEXT() REPRESENTATION_CONTEXT('2D SPACE',''
  ) );
#4909 = PCURVE('',#4244,#4910);
#4910 = DEFINITIONAL_REPRESENTATION('',(#4911),#4915);
#4911 = LINE('',#4912,#4913);
#4912 = CARTESIAN_POINT('',(0.,-0.));
#4913 = VECTOR('',#4914,1.);
#4914 = DIRECTION('',(0.,1.));
#4915 = ( GEOMETRIC_REPRESENTATION_CONTEXT(2) 
PARAMETRIC_REPRESENTATION_CONTEXT() REPRESENTATION_CONTEXT('2D SPACE',''
  ) );
#4916 = ORIENTED_EDGE('',*,*,#4917,.T.);
#4917 = EDGE_CURVE('',#4895,#4895,#4918,.T.);
#4918 = SURFACE_CURVE('',#4919,(#4924,#4931),.PCURVE_S1.);
#4919 = CIRCLE('',#4920,6.);
#4920 = AXIS2_PLACEMENT_3D('',#4921,#4922,#4923);
#4921 = CARTESIAN_POINT('',(16.05,15.5,-103.41));
#4922 = DIRECTION('',(0.,1.,0.));
#4923 = DIRECTION('',(0.,-0.,1.));
#4924 = PCURVE('',#4244,#4925);
#4925 = DEFINITIONAL_REPRESENTATION('',(#4926),#4930);
#4926 = LINE('',#4927,#4928);
#4927 = CARTESIAN_POINT('',(0.,0.));
#4928 = VECTOR('',#4929,1.);
#4929 = DIRECTION('',(1.,0.));
#4930 = ( GEOMETRIC_REPRESENTATION_CONTEXT(2) 
PARAMETRIC_REPRESENTATION_CONTEXT() REPRESENTATION_CONTEXT('2D SPACE',''
  ) );
#4931 = PCURVE('',#4932,#4937);
#4932 = PLANE('',#4933);
#4933 = AXIS2_PLACEMENT_3D('',#4934,#4935,#4936);
#4934 = CARTESIAN_POINT('',(16.05,15.5,-103.41));
#4935 = DIRECTION('',(0.,1.,0.));
#4936 = DIRECTION('',(0.,-0.,1.));
#4937 = DEFINITIONAL_REPRESENTATION('',(#4938),#4942);
#4938 = CIRCLE('',#4939,6.);
#4939 = AXIS2_PLACEMENT_2D('',#4940,#4941);
#4940 = CARTESIAN_POINT('',(0.,0.));
#4941 = DIRECTION('',(1.,0.));
#4942 = ( GEOMETRIC_REPRESENTATION_CONTEXT(2) 
PARAMETRIC_REPRESENTATION_CONTEXT() REPRESENTATION_CONTEXT('2D SPACE',''
  ) );
#4943 = ORIENTED_EDGE('',*,*,#4894,.T.);
#4944 = ADVANCED_FACE('',(#4945),#4539,.T.);
#4945 = FACE_BOUND('',#4946,.T.);
#4946 = EDGE_LOOP('',(#4947,#4948,#4971,#4998));
#4947 = ORIENTED_EDGE('',*,*,#4522,.F.);
#4948 = ORIENTED_EDGE('',*,*,#4949,.F.);
#4949 = EDGE_CURVE('',#4950,#4523,#4952,.T.);
#4950 = VERTEX_POINT('',#4951);
#4951 = CARTESIAN_POINT('',(16.05,15.5,102.59));
#4952 = SEAM_CURVE('',#4953,(#4957,#4964),.PCURVE_S1.);
#4953 = LINE('',#4954,#4955);
#4954 = CARTESIAN_POINT('',(16.05,15.5,102.59));
#4955 = VECTOR('',#4956,1.);
#4956 = DIRECTION('',(0.,1.,0.));
#4957 = PCURVE('',#4539,#4958);
#4958 = DEFINITIONAL_REPRESENTATION('',(#4959),#4963);
#4959 = LINE('',#4960,#4961);
#4960 = CARTESIAN_POINT('',(6.28318530718,-0.));
#4961 = VECTOR('',#4962,1.);
#4962 = DIRECTION('',(0.,1.));
#4963 = ( GEOMETRIC_REPRESENTATION_CONTEXT(2) 
PARAMETRIC_REPRESENTATION_CONTEXT() REPRESENTATION_CONTEXT('2D SPACE',''
  ) );
#4964 = PCURVE('',#4539,#4965);
#4965 = DEFINITIONAL_REPRESENTATION('',(#4966),#4970);
#4966 = LINE('',#4967,#4968);
#4967 = CARTESIAN_POINT('',(0.,-0.));
#4968 = VECTOR('',#4969,1.);
#4969 = DIRECTION('',(0.,1.));
#4970 = ( GEOMETRIC_REPRESENTATION_CONTEXT(2) 
PARAMETRIC_REPRESENTATION_CONTEXT() REPRESENTATION_CONTEXT('2D SPACE',''
  ) );
#4971 = ORIENTED_EDGE('',*,*,#4972,.T.);
#4972 = EDGE_CURVE('',#4950,#4950,#4973,.T.);
#4973 = SURFACE_CURVE('',#4974,(#4979,#4986),.PCURVE_S1.);
#4974 = CIRCLE('',#4975,6.);
#4975 = AXIS2_PLACEMENT_3D('',#4976,#4977,#4978);
#4976 = CARTESIAN_POINT('',(16.05,15.5,96.59));
#4977 = DIRECTION('',(0.,1.,0.));
#4978 = DIRECTION('',(0.,-0.,1.));
#4979 = PCURVE('',#4539,#4980);
#4980 = DEFINITIONAL_REPRESENTATION('',(#4981),#4985);
#4981 = LINE('',#4982,#4983);
#4982 = CARTESIAN_POINT('',(0.,0.));
#4983 = VECTOR('',#4984,1.);
#4984 = DIRECTION('',(1.,0.));
#4985 = ( GEOMETRIC_REPRESENTATION_CONTEXT(2) 
PARAMETRIC_REPRESENTATION_CONTEXT() REPRESENTATION_CONTEXT('2D SPACE',''
  ) );
#4986 = PCURVE('',#4987,#4992);
#4987 = PLANE('',#4988);
#4988 = AXIS2_PLACEMENT_3D('',#4989,#4990,#4991);
#4989 = CARTESIAN_POINT('',(16.05,15.5,96.59));
#4990 = DIRECTION('',(0.,1.,0.));
#4991 = DIRECTION('',(0.,-0.,1.));
#4992 = DEFINITIONAL_REPRESENTATION('',(#4993),#4997);
#4993 = CIRCLE('',#4994,6.);
#4994 = AXIS2_PLACEMENT_2D('',#4995,#4996);
#4995 = CARTESIAN_POINT('',(0.,0.));
#4996 = DIRECTION('',(1.,0.));
#4997 = ( GEOMETRIC_REPRESENTATION_CONTEXT(2) 
PARAMETRIC_REPRESENTATION_CONTEXT() REPRESENTATION_CONTEXT('2D SPACE',''
  ) );
#4998 = ORIENTED_EDGE('',*,*,#4949,.T.);
#4999 = ADVANCED_FACE('',(#5000,#5003),#4648,.F.);
#5000 = FACE_BOUND('',#5001,.F.);
#5001 = EDGE_LOOP('',(#5002));
#5002 = ORIENTED_EDGE('',*,*,#4633,.T.);
#5003 = FACE_BOUND('',#5004,.F.);
#5004 = EDGE_LOOP('',(#5005));
#5005 = ORIENTED_EDGE('',*,*,#5006,.F.);
#5006 = EDGE_CURVE('',#5007,#5007,#5009,.T.);
#5007 = VERTEX_POINT('',#5008);
#5008 = CARTESIAN_POINT('',(-89.95,34.6,102.59));
#5009 = SURFACE_CURVE('',#5010,(#5015,#5022),.PCURVE_S1.);
#5010 = CIRCLE('',#5011,6.);
#5011 = AXIS2_PLACEMENT_3D('',#5012,#5013,#5014);
#5012 = CARTESIAN_POINT('',(-89.95,34.6,96.59));
#5013 = DIRECTION('',(0.,1.,0.));
#5014 = DIRECTION('',(0.,-0.,1.));
#5015 = PCURVE('',#4648,#5016);
#5016 = DEFINITIONAL_REPRESENTATION('',(#5017),#5021);
#5017 = CIRCLE('',#5018,6.);
#5018 = AXIS2_PLACEMENT_2D('',#5019,#5020);
#5019 = CARTESIAN_POINT('',(0.,0.));
#5020 = DIRECTION('',(1.,0.));
#5021 = ( GEOMETRIC_REPRESENTATION_CONTEXT(2) 
PARAMETRIC_REPRESENTATION_CONTEXT() REPRESENTATION_CONTEXT('2D SPACE',''
  ) );
#5022 = PCURVE('',#5023,#5028);
#5023 = CYLINDRICAL_SURFACE('',#5024,6.);
#5024 = AXIS2_PLACEMENT_3D('',#5025,#5026,#5027);
#5025 = CARTESIAN_POINT('',(-89.95,15.5,96.59));
#5026 = DIRECTION('',(0.,1.,0.));
#5027 = DIRECTION('',(0.,-0.,1.));
#5028 = DEFINITIONAL_REPRESENTATION('',(#5029),#5033);
#5029 = LINE('',#5030,#5031);
#5030 = CARTESIAN_POINT('',(0.,19.1));
#5031 = VECTOR('',#5032,1.);
#5032 = DIRECTION('',(1.,0.));
#5033 = ( GEOMETRIC_REPRESENTATION_CONTEXT(2) 
PARAMETRIC_REPRESENTATION_CONTEXT() REPRESENTATION_CONTEXT('2D SPACE',''
  ) );
#5034 = ADVANCED_FACE('',(#5035),#4684,.F.);
#5035 = FACE_BOUND('',#5036,.F.);
#5036 = EDGE_LOOP('',(#5037,#5038,#5061,#5083));
#5037 = ORIENTED_EDGE('',*,*,#4667,.F.);
#5038 = ORIENTED_EDGE('',*,*,#5039,.F.);
#5039 = EDGE_CURVE('',#5040,#4668,#5042,.T.);
#5040 = VERTEX_POINT('',#5041);
#5041 = CARTESIAN_POINT('',(16.05,15.5,99.49));
#5042 = SEAM_CURVE('',#5043,(#5047,#5054),.PCURVE_S1.);
#5043 = LINE('',#5044,#5045);
#5044 = CARTESIAN_POINT('',(16.05,13.5,99.49));
#5045 = VECTOR('',#5046,1.);
#5046 = DIRECTION('',(0.,1.,0.));
#5047 = PCURVE('',#4684,#5048);
#5048 = DEFINITIONAL_REPRESENTATION('',(#5049),#5053);
#5049 = LINE('',#5050,#5051);
#5050 = CARTESIAN_POINT('',(6.28318530718,-0.));
#5051 = VECTOR('',#5052,1.);
#5052 = DIRECTION('',(0.,1.));
#5053 = ( GEOMETRIC_REPRESENTATION_CONTEXT(2) 
PARAMETRIC_REPRESENTATION_CONTEXT() REPRESENTATION_CONTEXT('2D SPACE',''
  ) );
#5054 = PCURVE('',#4684,#5055);
#5055 = DEFINITIONAL_REPRESENTATION('',(#5056),#5060);
#5056 = LINE('',#5057,#5058);
#5057 = CARTESIAN_POINT('',(0.,-0.));
#5058 = VECTOR('',#5059,1.);
#5059 = DIRECTION('',(0.,1.));
#5060 = ( GEOMETRIC_REPRESENTATION_CONTEXT(2) 
PARAMETRIC_REPRESENTATION_CONTEXT() REPRESENTATION_CONTEXT('2D SPACE',''
  ) );
#5061 = ORIENTED_EDGE('',*,*,#5062,.T.);
#5062 = EDGE_CURVE('',#5040,#5040,#5063,.T.);
#5063 = SURFACE_CURVE('',#5064,(#5069,#5076),.PCURVE_S1.);
#5064 = CIRCLE('',#5065,2.9);
#5065 = AXIS2_PLACEMENT_3D('',#5066,#5067,#5068);
#5066 = CARTESIAN_POINT('',(16.05,15.5,96.59));
#5067 = DIRECTION('',(0.,1.,0.));
#5068 = DIRECTION('',(0.,-0.,1.));
#5069 = PCURVE('',#4684,#5070);
#5070 = DEFINITIONAL_REPRESENTATION('',(#5071),#5075);
#5071 = LINE('',#5072,#5073);
#5072 = CARTESIAN_POINT('',(0.,2.));
#5073 = VECTOR('',#5074,1.);
#5074 = DIRECTION('',(1.,0.));
#5075 = ( GEOMETRIC_REPRESENTATION_CONTEXT(2) 
PARAMETRIC_REPRESENTATION_CONTEXT() REPRESENTATION_CONTEXT('2D SPACE',''
  ) );
#5076 = PCURVE('',#4987,#5077);
#5077 = DEFINITIONAL_REPRESENTATION('',(#5078),#5082);
#5078 = CIRCLE('',#5079,2.9);
#5079 = AXIS2_PLACEMENT_2D('',#5080,#5081);
#5080 = CARTESIAN_POINT('',(0.,0.));
#5081 = DIRECTION('',(1.,0.));
#5082 = ( GEOMETRIC_REPRESENTATION_CONTEXT(2) 
PARAMETRIC_REPRESENTATION_CONTEXT() REPRESENTATION_CONTEXT('2D SPACE',''
  ) );
#5083 = ORIENTED_EDGE('',*,*,#5039,.T.);
#5084 = ADVANCED_FACE('',(#5085),#4719,.F.);
#5085 = FACE_BOUND('',#5086,.F.);
#5086 = EDGE_LOOP('',(#5087,#5088,#5111,#5138));
#5087 = ORIENTED_EDGE('',*,*,#4702,.F.);
#5088 = ORIENTED_EDGE('',*,*,#5089,.F.);
#5089 = EDGE_CURVE('',#5090,#4703,#5092,.T.);
#5090 = VERTEX_POINT('',#5091);
#5091 = CARTESIAN_POINT('',(-89.95,15.5,99.49));
#5092 = SEAM_CURVE('',#5093,(#5097,#5104),.PCURVE_S1.);
#5093 = LINE('',#5094,#5095);
#5094 = CARTESIAN_POINT('',(-89.95,13.5,99.49));
#5095 = VECTOR('',#5096,1.);
#5096 = DIRECTION('',(0.,1.,0.));
#5097 = PCURVE('',#4719,#5098);
#5098 = DEFINITIONAL_REPRESENTATION('',(#5099),#5103);
#5099 = LINE('',#5100,#5101);
#5100 = CARTESIAN_POINT('',(6.28318530718,-0.));
#5101 = VECTOR('',#5102,1.);
#5102 = DIRECTION('',(0.,1.));
#5103 = ( GEOMETRIC_REPRESENTATION_CONTEXT(2) 
PARAMETRIC_REPRESENTATION_CONTEXT() REPRESENTATION_CONTEXT('2D SPACE',''
  ) );
#5104 = PCURVE('',#4719,#5105);
#5105 = DEFINITIONAL_REPRESENTATION('',(#5106),#5110);
#5106 = LINE('',#5107,#5108);
#5107 = CARTESIAN_POINT('',(0.,-0.));
#5108 = VECTOR('',#5109,1.);
#5109 = DIRECTION('',(0.,1.));
#5110 = ( GEOMETRIC_REPRESENTATION_CONTEXT(2) 
PARAMETRIC_REPRESENTATION_CONTEXT() REPRESENTATION_CONTEXT('2D SPACE',''
  ) );
#5111 = ORIENTED_EDGE('',*,*,#5112,.T.);
#5112 = EDGE_CURVE('',#5090,#5090,#5113,.T.);
#5113 = SURFACE_CURVE('',#5114,(#5119,#5126),.PCURVE_S1.);
#5114 = CIRCLE('',#5115,2.9);
#5115 = AXIS2_PLACEMENT_3D('',#5116,#5117,#5118);
#5116 = CARTESIAN_POINT('',(-89.95,15.5,96.59));
#5117 = DIRECTION('',(0.,1.,0.));
#5118 = DIRECTION('',(0.,-0.,1.));
#5119 = PCURVE('',#4719,#5120);
#5120 = DEFINITIONAL_REPRESENTATION('',(#5121),#5125);
#5121 = LINE('',#5122,#5123);
#5122 = CARTESIAN_POINT('',(0.,2.));
#5123 = VECTOR('',#5124,1.);
#5124 = DIRECTION('',(1.,0.));
#5125 = ( GEOMETRIC_REPRESENTATION_CONTEXT(2) 
PARAMETRIC_REPRESENTATION_CONTEXT() REPRESENTATION_CONTEXT('2D SPACE',''
  ) );
#5126 = PCURVE('',#5127,#5132);
#5127 = PLANE('',#5128);
#5128 = AXIS2_PLACEMENT_3D('',#5129,#5130,#5131);
#5129 = CARTESIAN_POINT('',(-89.95,15.5,96.59));
#5130 = DIRECTION('',(0.,1.,0.));
#5131 = DIRECTION('',(0.,-0.,1.));
#5132 = DEFINITIONAL_REPRESENTATION('',(#5133),#5137);
#5133 = CIRCLE('',#5134,2.9);
#5134 = AXIS2_PLACEMENT_2D('',#5135,#5136);
#5135 = CARTESIAN_POINT('',(0.,0.));
#5136 = DIRECTION('',(1.,0.));
#5137 = ( GEOMETRIC_REPRESENTATION_CONTEXT(2) 
PARAMETRIC_REPRESENTATION_CONTEXT() REPRESENTATION_CONTEXT('2D SPACE',''
  ) );
#5138 = ORIENTED_EDGE('',*,*,#5089,.T.);
#5139 = ADVANCED_FACE('',(#5140),#4754,.F.);
#5140 = FACE_BOUND('',#5141,.F.);
#5141 = EDGE_LOOP('',(#5142,#5143,#5166,#5188));
#5142 = ORIENTED_EDGE('',*,*,#4737,.F.);
#5143 = ORIENTED_EDGE('',*,*,#5144,.F.);
#5144 = EDGE_CURVE('',#5145,#4738,#5147,.T.);
#5145 = VERTEX_POINT('',#5146);
#5146 = CARTESIAN_POINT('',(16.05,15.5,-100.51));
#5147 = SEAM_CURVE('',#5148,(#5152,#5159),.PCURVE_S1.);
#5148 = LINE('',#5149,#5150);
#5149 = CARTESIAN_POINT('',(16.05,13.5,-100.51));
#5150 = VECTOR('',#5151,1.);
#5151 = DIRECTION('',(0.,1.,0.));
#5152 = PCURVE('',#4754,#5153);
#5153 = DEFINITIONAL_REPRESENTATION('',(#5154),#5158);
#5154 = LINE('',#5155,#5156);
#5155 = CARTESIAN_POINT('',(6.28318530718,-0.));
#5156 = VECTOR('',#5157,1.);
#5157 = DIRECTION('',(0.,1.));
#5158 = ( GEOMETRIC_REPRESENTATION_CONTEXT(2) 
PARAMETRIC_REPRESENTATION_CONTEXT() REPRESENTATION_CONTEXT('2D SPACE',''
  ) );
#5159 = PCURVE('',#4754,#5160);
#5160 = DEFINITIONAL_REPRESENTATION('',(#5161),#5165);
#5161 = LINE('',#5162,#5163);
#5162 = CARTESIAN_POINT('',(0.,-0.));
#5163 = VECTOR('',#5164,1.);
#5164 = DIRECTION('',(0.,1.));
#5165 = ( GEOMETRIC_REPRESENTATION_CONTEXT(2) 
PARAMETRIC_REPRESENTATION_CONTEXT() REPRESENTATION_CONTEXT('2D SPACE',''
  ) );
#5166 = ORIENTED_EDGE('',*,*,#5167,.T.);
#5167 = EDGE_CURVE('',#5145,#5145,#5168,.T.);
#5168 = SURFACE_CURVE('',#5169,(#5174,#5181),.PCURVE_S1.);
#5169 = CIRCLE('',#5170,2.9);
#5170 = AXIS2_PLACEMENT_3D('',#5171,#5172,#5173);
#5171 = CARTESIAN_POINT('',(16.05,15.5,-103.41));
#5172 = DIRECTION('',(0.,1.,0.));
#5173 = DIRECTION('',(0.,-0.,1.));
#5174 = PCURVE('',#4754,#5175);
#5175 = DEFINITIONAL_REPRESENTATION('',(#5176),#5180);
#5176 = LINE('',#5177,#5178);
#5177 = CARTESIAN_POINT('',(0.,2.));
#5178 = VECTOR('',#5179,1.);
#5179 = DIRECTION('',(1.,0.));
#5180 = ( GEOMETRIC_REPRESENTATION_CONTEXT(2) 
PARAMETRIC_REPRESENTATION_CONTEXT() REPRESENTATION_CONTEXT('2D SPACE',''
  ) );
#5181 = PCURVE('',#4932,#5182);
#5182 = DEFINITIONAL_REPRESENTATION('',(#5183),#5187);
#5183 = CIRCLE('',#5184,2.9);
#5184 = AXIS2_PLACEMENT_2D('',#5185,#5186);
#5185 = CARTESIAN_POINT('',(0.,0.));
#5186 = DIRECTION('',(1.,0.));
#5187 = ( GEOMETRIC_REPRESENTATION_CONTEXT(2) 
PARAMETRIC_REPRESENTATION_CONTEXT() REPRESENTATION_CONTEXT('2D SPACE',''
  ) );
#5188 = ORIENTED_EDGE('',*,*,#5144,.T.);
#5189 = ADVANCED_FACE('',(#5190),#4789,.F.);
#5190 = FACE_BOUND('',#5191,.F.);
#5191 = EDGE_LOOP('',(#5192,#5193,#5216,#5243));
#5192 = ORIENTED_EDGE('',*,*,#4772,.F.);
#5193 = ORIENTED_EDGE('',*,*,#5194,.F.);
#5194 = EDGE_CURVE('',#5195,#4773,#5197,.T.);
#5195 = VERTEX_POINT('',#5196);
#5196 = CARTESIAN_POINT('',(-89.95,15.5,-100.51));
#5197 = SEAM_CURVE('',#5198,(#5202,#5209),.PCURVE_S1.);
#5198 = LINE('',#5199,#5200);
#5199 = CARTESIAN_POINT('',(-89.95,13.5,-100.51));
#5200 = VECTOR('',#5201,1.);
#5201 = DIRECTION('',(0.,1.,0.));
#5202 = PCURVE('',#4789,#5203);
#5203 = DEFINITIONAL_REPRESENTATION('',(#5204),#5208);
#5204 = LINE('',#5205,#5206);
#5205 = CARTESIAN_POINT('',(6.28318530718,-0.));
#5206 = VECTOR('',#5207,1.);
#5207 = DIRECTION('',(0.,1.));
#5208 = ( GEOMETRIC_REPRESENTATION_CONTEXT(2) 
PARAMETRIC_REPRESENTATION_CONTEXT() REPRESENTATION_CONTEXT('2D SPACE',''
  ) );
#5209 = PCURVE('',#4789,#5210);
#5210 = DEFINITIONAL_REPRESENTATION('',(#5211),#5215);
#5211 = LINE('',#5212,#5213);
#5212 = CARTESIAN_POINT('',(0.,-0.));
#5213 = VECTOR('',#5214,1.);
#5214 = DIRECTION('',(0.,1.));
#5215 = ( GEOMETRIC_REPRESENTATION_CONTEXT(2) 
PARAMETRIC_REPRESENTATION_CONTEXT() REPRESENTATION_CONTEXT('2D SPACE',''
  ) );
#5216 = ORIENTED_EDGE('',*,*,#5217,.T.);
#5217 = EDGE_CURVE('',#5195,#5195,#5218,.T.);
#5218 = SURFACE_CURVE('',#5219,(#5224,#5231),.PCURVE_S1.);
#5219 = CIRCLE('',#5220,2.9);
#5220 = AXIS2_PLACEMENT_3D('',#5221,#5222,#5223);
#5221 = CARTESIAN_POINT('',(-89.95,15.5,-103.41));
#5222 = DIRECTION('',(0.,1.,0.));
#5223 = DIRECTION('',(0.,-0.,1.));
#5224 = PCURVE('',#4789,#5225);
#5225 = DEFINITIONAL_REPRESENTATION('',(#5226),#5230);
#5226 = LINE('',#5227,#5228);
#5227 = CARTESIAN_POINT('',(0.,2.));
#5228 = VECTOR('',#5229,1.);
#5229 = DIRECTION('',(1.,0.));
#5230 = ( GEOMETRIC_REPRESENTATION_CONTEXT(2) 
PARAMETRIC_REPRESENTATION_CONTEXT() REPRESENTATION_CONTEXT('2D SPACE',''
  ) );
#5231 = PCURVE('',#5232,#5237);
#5232 = PLANE('',#5233);
#5233 = AXIS2_PLACEMENT_3D('',#5234,#5235,#5236);
#5234 = CARTESIAN_POINT('',(-89.95,15.5,-103.41));
#5235 = DIRECTION('',(0.,1.,0.));
#5236 = DIRECTION('',(0.,-0.,1.));
#5237 = DEFINITIONAL_REPRESENTATION('',(#5238),#5242);
#5238 = CIRCLE('',#5239,2.9);
#5239 = AXIS2_PLACEMENT_2D('',#5240,#5241);
#5240 = CARTESIAN_POINT('',(0.,0.));
#5241 = DIRECTION('',(1.,0.));
#5242 = ( GEOMETRIC_REPRESENTATION_CONTEXT(2) 
PARAMETRIC_REPRESENTATION_CONTEXT() REPRESENTATION_CONTEXT('2D SPACE',''
  ) );
#5243 = ORIENTED_EDGE('',*,*,#5194,.T.);
#5244 = ADVANCED_FACE('',(#5245,#5248),#4876,.F.);
#5245 = FACE_BOUND('',#5246,.F.);
#5246 = EDGE_LOOP('',(#5247));
#5247 = ORIENTED_EDGE('',*,*,#4861,.T.);
#5248 = FACE_BOUND('',#5249,.F.);
#5249 = EDGE_LOOP('',(#5250));
#5250 = ORIENTED_EDGE('',*,*,#5251,.F.);
#5251 = EDGE_CURVE('',#5252,#5252,#5254,.T.);
#5252 = VERTEX_POINT('',#5253);
#5253 = CARTESIAN_POINT('',(-89.95,34.6,-97.41));
#5254 = SURFACE_CURVE('',#5255,(#5260,#5267),.PCURVE_S1.);
#5255 = CIRCLE('',#5256,6.);
#5256 = AXIS2_PLACEMENT_3D('',#5257,#5258,#5259);
#5257 = CARTESIAN_POINT('',(-89.95,34.6,-103.41));
#5258 = DIRECTION('',(0.,1.,0.));
#5259 = DIRECTION('',(0.,-0.,1.));
#5260 = PCURVE('',#4876,#5261);
#5261 = DEFINITIONAL_REPRESENTATION('',(#5262),#5266);
#5262 = CIRCLE('',#5263,6.);
#5263 = AXIS2_PLACEMENT_2D('',#5264,#5265);
#5264 = CARTESIAN_POINT('',(0.,0.));
#5265 = DIRECTION('',(1.,0.));
#5266 = ( GEOMETRIC_REPRESENTATION_CONTEXT(2) 
PARAMETRIC_REPRESENTATION_CONTEXT() REPRESENTATION_CONTEXT('2D SPACE',''
  ) );
#5267 = PCURVE('',#5268,#5273);
#5268 = CYLINDRICAL_SURFACE('',#5269,6.);
#5269 = AXIS2_PLACEMENT_3D('',#5270,#5271,#5272);
#5270 = CARTESIAN_POINT('',(-89.95,15.5,-103.41));
#5271 = DIRECTION('',(0.,1.,0.));
#5272 = DIRECTION('',(0.,-0.,1.));
#5273 = DEFINITIONAL_REPRESENTATION('',(#5274),#5278);
#5274 = LINE('',#5275,#5276);
#5275 = CARTESIAN_POINT('',(0.,19.1));
#5276 = VECTOR('',#5277,1.);
#5277 = DIRECTION('',(1.,0.));
#5278 = ( GEOMETRIC_REPRESENTATION_CONTEXT(2) 
PARAMETRIC_REPRESENTATION_CONTEXT() REPRESENTATION_CONTEXT('2D SPACE',''
  ) );
#5279 = ADVANCED_FACE('',(#5280,#5283),#4932,.F.);
#5280 = FACE_BOUND('',#5281,.F.);
#5281 = EDGE_LOOP('',(#5282));
#5282 = ORIENTED_EDGE('',*,*,#4917,.T.);
#5283 = FACE_BOUND('',#5284,.F.);
#5284 = EDGE_LOOP('',(#5285));
#5285 = ORIENTED_EDGE('',*,*,#5167,.F.);
#5286 = ADVANCED_FACE('',(#5287,#5290),#4987,.F.);
#5287 = FACE_BOUND('',#5288,.F.);
#5288 = EDGE_LOOP('',(#5289));
#5289 = ORIENTED_EDGE('',*,*,#4972,.T.);
#5290 = FACE_BOUND('',#5291,.F.);
#5291 = EDGE_LOOP('',(#5292));
#5292 = ORIENTED_EDGE('',*,*,#5062,.F.);
#5293 = ADVANCED_FACE('',(#5294),#5023,.T.);
#5294 = FACE_BOUND('',#5295,.T.);
#5295 = EDGE_LOOP('',(#5296,#5297,#5320,#5342));
#5296 = ORIENTED_EDGE('',*,*,#5006,.F.);
#5297 = ORIENTED_EDGE('',*,*,#5298,.F.);
#5298 = EDGE_CURVE('',#5299,#5007,#5301,.T.);
#5299 = VERTEX_POINT('',#5300);
#5300 = CARTESIAN_POINT('',(-89.95,15.5,102.59));
#5301 = SEAM_CURVE('',#5302,(#5306,#5313),.PCURVE_S1.);
#5302 = LINE('',#5303,#5304);
#5303 = CARTESIAN_POINT('',(-89.95,15.5,102.59));
#5304 = VECTOR('',#5305,1.);
#5305 = DIRECTION('',(0.,1.,0.));
#5306 = PCURVE('',#5023,#5307);
#5307 = DEFINITIONAL_REPRESENTATION('',(#5308),#5312);
#5308 = LINE('',#5309,#5310);
#5309 = CARTESIAN_POINT('',(6.28318530718,-0.));
#5310 = VECTOR('',#5311,1.);
#5311 = DIRECTION('',(0.,1.));
#5312 = ( GEOMETRIC_REPRESENTATION_CONTEXT(2) 
PARAMETRIC_REPRESENTATION_CONTEXT() REPRESENTATION_CONTEXT('2D SPACE',''
  ) );
#5313 = PCURVE('',#5023,#5314);
#5314 = DEFINITIONAL_REPRESENTATION('',(#5315),#5319);
#5315 = LINE('',#5316,#5317);
#5316 = CARTESIAN_POINT('',(0.,-0.));
#5317 = VECTOR('',#5318,1.);
#5318 = DIRECTION('',(0.,1.));
#5319 = ( GEOMETRIC_REPRESENTATION_CONTEXT(2) 
PARAMETRIC_REPRESENTATION_CONTEXT() REPRESENTATION_CONTEXT('2D SPACE',''
  ) );
#5320 = ORIENTED_EDGE('',*,*,#5321,.T.);
#5321 = EDGE_CURVE('',#5299,#5299,#5322,.T.);
#5322 = SURFACE_CURVE('',#5323,(#5328,#5335),.PCURVE_S1.);
#5323 = CIRCLE('',#5324,6.);
#5324 = AXIS2_PLACEMENT_3D('',#5325,#5326,#5327);
#5325 = CARTESIAN_POINT('',(-89.95,15.5,96.59));
#5326 = DIRECTION('',(0.,1.,0.));
#5327 = DIRECTION('',(0.,-0.,1.));
#5328 = PCURVE('',#5023,#5329);
#5329 = DEFINITIONAL_REPRESENTATION('',(#5330),#5334);
#5330 = LINE('',#5331,#5332);
#5331 = CARTESIAN_POINT('',(0.,0.));
#5332 = VECTOR('',#5333,1.);
#5333 = DIRECTION('',(1.,0.));
#5334 = ( GEOMETRIC_REPRESENTATION_CONTEXT(2) 
PARAMETRIC_REPRESENTATION_CONTEXT() REPRESENTATION_CONTEXT('2D SPACE',''
  ) );
#5335 = PCURVE('',#5127,#5336);
#5336 = DEFINITIONAL_REPRESENTATION('',(#5337),#5341);
#5337 = CIRCLE('',#5338,6.);
#5338 = AXIS2_PLACEMENT_2D('',#5339,#5340);
#5339 = CARTESIAN_POINT('',(0.,0.));
#5340 = DIRECTION('',(1.,0.));
#5341 = ( GEOMETRIC_REPRESENTATION_CONTEXT(2) 
PARAMETRIC_REPRESENTATION_CONTEXT() REPRESENTATION_CONTEXT('2D SPACE',''
  ) );
#5342 = ORIENTED_EDGE('',*,*,#5298,.T.);
#5343 = ADVANCED_FACE('',(#5344,#5347),#5127,.F.);
#5344 = FACE_BOUND('',#5345,.F.);
#5345 = EDGE_LOOP('',(#5346));
#5346 = ORIENTED_EDGE('',*,*,#5321,.T.);
#5347 = FACE_BOUND('',#5348,.F.);
#5348 = EDGE_LOOP('',(#5349));
#5349 = ORIENTED_EDGE('',*,*,#5112,.F.);
#5350 = ADVANCED_FACE('',(#5351,#5377),#5232,.F.);
#5351 = FACE_BOUND('',#5352,.F.);
#5352 = EDGE_LOOP('',(#5353));
#5353 = ORIENTED_EDGE('',*,*,#5354,.T.);
#5354 = EDGE_CURVE('',#5355,#5355,#5357,.T.);
#5355 = VERTEX_POINT('',#5356);
#5356 = CARTESIAN_POINT('',(-89.95,15.5,-97.41));
#5357 = SURFACE_CURVE('',#5358,(#5363,#5370),.PCURVE_S1.);
#5358 = CIRCLE('',#5359,6.);
#5359 = AXIS2_PLACEMENT_3D('',#5360,#5361,#5362);
#5360 = CARTESIAN_POINT('',(-89.95,15.5,-103.41));
#5361 = DIRECTION('',(0.,1.,0.));
#5362 = DIRECTION('',(0.,-0.,1.));
#5363 = PCURVE('',#5232,#5364);
#5364 = DEFINITIONAL_REPRESENTATION('',(#5365),#5369);
#5365 = CIRCLE('',#5366,6.);
#5366 = AXIS2_PLACEMENT_2D('',#5367,#5368);
#5367 = CARTESIAN_POINT('',(0.,0.));
#5368 = DIRECTION('',(1.,0.));
#5369 = ( GEOMETRIC_REPRESENTATION_CONTEXT(2) 
PARAMETRIC_REPRESENTATION_CONTEXT() REPRESENTATION_CONTEXT('2D SPACE',''
  ) );
#5370 = PCURVE('',#5268,#5371);
#5371 = DEFINITIONAL_REPRESENTATION('',(#5372),#5376);
#5372 = LINE('',#5373,#5374);
#5373 = CARTESIAN_POINT('',(0.,0.));
#5374 = VECTOR('',#5375,1.);
#5375 = DIRECTION('',(1.,0.));
#5376 = ( GEOMETRIC_REPRESENTATION_CONTEXT(2) 
PARAMETRIC_REPRESENTATION_CONTEXT() REPRESENTATION_CONTEXT('2D SPACE',''
  ) );
#5377 = FACE_BOUND('',#5378,.F.);
#5378 = EDGE_LOOP('',(#5379));
#5379 = ORIENTED_EDGE('',*,*,#5217,.F.);
#5380 = ADVANCED_FACE('',(#5381),#5268,.T.);
#5381 = FACE_BOUND('',#5382,.T.);
#5382 = EDGE_LOOP('',(#5383,#5384,#5405,#5406));
#5383 = ORIENTED_EDGE('',*,*,#5251,.F.);
#5384 = ORIENTED_EDGE('',*,*,#5385,.F.);
#5385 = EDGE_CURVE('',#5355,#5252,#5386,.T.);
#5386 = SEAM_CURVE('',#5387,(#5391,#5398),.PCURVE_S1.);
#5387 = LINE('',#5388,#5389);
#5388 = CARTESIAN_POINT('',(-89.95,15.5,-97.41));
#5389 = VECTOR('',#5390,1.);
#5390 = DIRECTION('',(0.,1.,0.));
#5391 = PCURVE('',#5268,#5392);
#5392 = DEFINITIONAL_REPRESENTATION('',(#5393),#5397);
#5393 = LINE('',#5394,#5395);
#5394 = CARTESIAN_POINT('',(6.28318530718,-0.));
#5395 = VECTOR('',#5396,1.);
#5396 = DIRECTION('',(0.,1.));
#5397 = ( GEOMETRIC_REPRESENTATION_CONTEXT(2) 
PARAMETRIC_REPRESENTATION_CONTEXT() REPRESENTATION_CONTEXT('2D SPACE',''
  ) );
#5398 = PCURVE('',#5268,#5399);
#5399 = DEFINITIONAL_REPRESENTATION('',(#5400),#5404);
#5400 = LINE('',#5401,#5402);
#5401 = CARTESIAN_POINT('',(0.,-0.));
#5402 = VECTOR('',#5403,1.);
#5403 = DIRECTION('',(0.,1.));
#5404 = ( GEOMETRIC_REPRESENTATION_CONTEXT(2) 
PARAMETRIC_REPRESENTATION_CONTEXT() REPRESENTATION_CONTEXT('2D SPACE',''
  ) );
#5405 = ORIENTED_EDGE('',*,*,#5354,.T.);
#5406 = ORIENTED_EDGE('',*,*,#5385,.T.);
#5407 = ( GEOMETRIC_REPRESENTATION_CONTEXT(3) 
GLOBAL_UNCERTAINTY_ASSIGNED_CONTEXT((#5411)) 
GLOBAL_UNIT_ASSIGNED_CONTEXT((#5408,#5409,#5410)) REPRESENTATION_CONTEXT
('Context #1','3D Context with UNIT and UNCERTAINTY') );
#5408 = ( LENGTH_UNIT() NAMED_UNIT(*) SI_UNIT(.MILLI.,.METRE.) );
#5409 = ( NAMED_UNIT(*) PLANE_ANGLE_UNIT() SI_UNIT($,.RADIAN.) );
#5410 = ( NAMED_UNIT(*) SI_UNIT($,.STERADIAN.) SOLID_ANGLE_UNIT() );
#5411 = UNCERTAINTY_MEASURE_WITH_UNIT(LENGTH_MEASURE(1.E-07),#5408,
  'distance_accuracy_value','confusion accuracy');
#5412 = PRODUCT_RELATED_PRODUCT_CATEGORY('part',$,(#7));
ENDSEC;
END-ISO-10303-21;
